Timestamp,Node_ID,Temperature,Humidity,Light,SoilMoisture
5/5/2026 0:00,Node1,24.72,87.05,5,60.51
5/5/2026 0:00,Node2,24.72,87.05,5,60.51
5/5/2026 0:05,Node1,24.82,87.41,5,60.25
5/5/2026 0:05,Node2,24.82,87.41,5,60.25
5/5/2026 0:10,Node1,24.72,87.42,5,60.34
5/5/2026 0:10,Node2,24.72,87.42,5,60.34
5/5/2026 0:15,Node1,24.66,88,0,60.07
5/5/2026 0:15,Node2,24.66,88,0,60.07
5/5/2026 0:20,Node1,24.68,87.49,5,60.4
5/5/2026 0:20,Node2,24.68,87.49,5,60.4
5/5/2026 0:25,Node1,24.66,86.57,5,60.15
5/5/2026 0:25,Node2,24.66,86.57,5,60.15
5/5/2026 0:30,Node1,24.54,86.58,5,59.77
5/5/2026 0:30,Node2,24.54,86.58,5,59.77
5/5/2026 0:35,Node1,24.5,86.39,5,59.31
5/5/2026 0:35,Node2,24.5,86.39,5,59.31
5/5/2026 0:40,Node1,24.54,87.15,0,59.44
5/5/2026 0:40,Node2,24.54,87.15,0,59.44
5/5/2026 0:45,Node1,24.66,87.91,5,59.7
5/5/2026 0:45,Node2,24.66,87.91,5,59.7
5/5/2026 0:50,Node1,24.51,88,0,59.33
5/5/2026 0:50,Node2,24.51,88,0,59.33
5/5/2026 0:55,Node1,24.69,88,0,58.99
5/5/2026 0:55,Node2,24.69,88,0,58.99
5/5/2026 1:00,Node1,24.59,87.79,5,59.4
5/5/2026 1:00,Node2,24.59,87.79,5,59.4
5/5/2026 1:05,Node1,24.39,86.93,5,59.45
5/5/2026 1:05,Node2,24.39,86.93,5,59.45
5/5/2026 1:10,Node1,24.3,86.57,5,58.98
5/5/2026 1:10,Node2,24.3,86.57,5,58.98
5/5/2026 1:15,Node1,24.3,85.68,0,59.43
5/5/2026 1:15,Node2,24.3,85.68,0,59.43
5/5/2026 1:20,Node1,24.3,85.68,0,59.73
5/5/2026 1:20,Node2,24.3,85.68,0,59.73
5/5/2026 1:25,Node1,24.37,84.7,0,59.69
5/5/2026 1:25,Node2,24.37,84.7,0,59.69
5/5/2026 1:30,Node1,24.54,85.48,0,60.02
5/5/2026 1:30,Node2,24.54,85.48,0,60.02
5/5/2026 1:35,Node1,24.44,84.97,5,59.96
5/5/2026 1:35,Node2,24.44,84.97,5,59.96
5/5/2026 1:40,Node1,24.42,85.42,0,60
5/5/2026 1:40,Node2,24.42,85.42,0,60
5/5/2026 1:45,Node1,24.46,84.69,0,59.78
5/5/2026 1:45,Node2,24.46,84.69,0,59.78
5/5/2026 1:50,Node1,24.43,84.78,5,59.97
5/5/2026 1:50,Node2,24.43,84.78,5,59.97
5/5/2026 1:55,Node1,24.3,84.09,5,60.01
5/5/2026 1:55,Node2,24.3,84.09,5,60.01
5/5/2026 2:00,Node1,24.27,83.64,0,59.68
5/5/2026 2:00,Node2,24.27,83.64,0,59.68
5/5/2026 2:05,Node1,24.44,83.79,0,59.33
5/5/2026 2:05,Node2,24.44,83.79,0,59.33
5/5/2026 2:10,Node1,24.25,83.09,0,59.81
5/5/2026 2:10,Node2,24.25,83.09,0,59.81
5/5/2026 2:15,Node1,24.23,82.2,5,59.51
5/5/2026 2:15,Node2,24.23,82.2,5,59.51
5/5/2026 2:20,Node1,24.25,82.02,5,59.4
5/5/2026 2:20,Node2,24.25,82.02,5,59.4
5/5/2026 2:25,Node1,24.18,82,5,59.12
5/5/2026 2:25,Node2,24.18,82,5,59.12
5/5/2026 2:30,Node1,24.13,82.34,5,58.83
5/5/2026 2:30,Node2,24.13,82.34,5,58.83
5/5/2026 2:35,Node1,24,82,0,59.24
5/5/2026 2:35,Node2,24,82,0,59.24
5/5/2026 2:40,Node1,24,82.04,5,59.31
5/5/2026 2:40,Node2,24,82.04,5,59.31
5/5/2026 2:45,Node1,24.02,82.79,5,59.42
5/5/2026 2:45,Node2,24.02,82.79,5,59.42
5/5/2026 2:50,Node1,24,83.79,0,59.57
5/5/2026 2:50,Node2,24,83.79,0,59.57
5/5/2026 2:55,Node1,24,84.25,5,59.51
5/5/2026 2:55,Node2,24,84.25,5,59.51
5/5/2026 3:00,Node1,24.14,83.62,0,59.79
5/5/2026 3:00,Node2,24.14,83.62,0,59.79
5/5/2026 3:05,Node1,24.12,84.27,5,59.95
5/5/2026 3:05,Node2,24.12,84.27,5,59.95
5/5/2026 3:10,Node1,24.14,84.21,1,60.2
5/5/2026 3:10,Node2,24.14,84.21,1,60.2
5/5/2026 3:15,Node1,24.28,83.98,5,60.09
5/5/2026 3:15,Node2,24.28,83.98,5,60.09
5/5/2026 3:20,Node1,24.22,83.39,5,60.07
5/5/2026 3:20,Node2,24.22,83.39,5,60.07
5/5/2026 3:25,Node1,24.18,84.23,0,59.84
5/5/2026 3:25,Node2,24.18,84.23,0,59.84
5/5/2026 3:30,Node1,24.12,84.37,5,59.8
5/5/2026 3:30,Node2,24.12,84.37,5,59.8
5/5/2026 3:35,Node1,24.12,85.09,5,59.33
5/5/2026 3:35,Node2,24.12,85.09,5,59.33
5/5/2026 3:40,Node1,24.09,85.37,0,59.23
5/5/2026 3:40,Node2,24.09,85.37,0,59.23
5/5/2026 3:45,Node1,24.08,85.39,0,59.3
5/5/2026 3:45,Node2,24.08,85.39,0,59.3
5/5/2026 3:50,Node1,24.28,85.03,0,58.84
5/5/2026 3:50,Node2,24.28,85.03,0,58.84
5/5/2026 3:55,Node1,24.45,84.6,5,59.34
5/5/2026 3:55,Node2,24.45,84.6,5,59.34
5/5/2026 4:00,Node1,24.5,85.46,0,59.48
5/5/2026 4:00,Node2,24.5,85.46,0,59.48
5/5/2026 4:05,Node1,24.5,85.77,5,59.1
5/5/2026 4:05,Node2,24.5,85.77,5,59.1
5/5/2026 4:10,Node1,24.63,86.52,5,59.1
5/5/2026 4:10,Node2,24.63,86.52,5,59.1
5/5/2026 4:15,Node1,24.82,86.09,0,59.35
5/5/2026 4:15,Node2,24.82,86.09,0,59.35
5/5/2026 4:20,Node1,24.81,85.69,0,59.05
5/5/2026 4:20,Node2,24.81,85.69,0,59.05
5/5/2026 4:25,Node1,24.73,85.19,5,59.16
5/5/2026 4:25,Node2,24.73,85.19,5,59.16
5/5/2026 4:30,Node1,24.62,85.88,5,59.6
5/5/2026 4:30,Node2,24.62,85.88,5,59.6
5/5/2026 4:35,Node1,24.59,86.3,0,59.59
5/5/2026 4:35,Node2,24.59,86.3,0,59.59
5/5/2026 4:40,Node1,24.51,87.16,0,59.45
5/5/2026 4:40,Node2,24.51,87.16,0,59.45
5/5/2026 4:45,Node1,24.65,88,0,59.74
5/5/2026 4:45,Node2,24.65,88,0,59.74
5/5/2026 4:50,Node1,24.84,88,0,59.29
5/5/2026 4:50,Node2,24.84,88,0,59.29
5/5/2026 4:55,Node1,24.87,87.31,0,59.58
5/5/2026 4:55,Node2,24.87,87.31,0,59.58
5/5/2026 5:00,Node1,25.01,87.55,0,59.49
5/5/2026 5:00,Node2,25.01,87.55,0,59.49
5/5/2026 5:05,Node1,25.1,88,5,59.32
5/5/2026 5:05,Node2,25.1,88,5,59.32
5/5/2026 5:10,Node1,25,87.01,5,59.47
5/5/2026 5:10,Node2,25,87.01,5,59.47
5/5/2026 5:15,Node1,25,87.45,0,59.75
5/5/2026 5:15,Node2,25,87.45,0,59.75
5/5/2026 5:20,Node1,25.14,87.36,0,59.41
5/5/2026 5:20,Node2,25.14,87.36,0,59.41
5/5/2026 5:25,Node1,25,86.51,3,59.25
5/5/2026 5:25,Node2,25,86.51,3,59.25
5/5/2026 5:30,Node1,25,86.04,0,59.62
5/5/2026 5:30,Node2,25,86.04,0,59.62
5/5/2026 5:35,Node1,25.08,86.07,0,59.98
5/5/2026 5:35,Node2,25.08,86.07,0,59.98
5/5/2026 5:40,Node1,25.18,85.56,0,60.44
5/5/2026 5:40,Node2,25.18,85.56,0,60.44
5/5/2026 5:45,Node1,25.19,86.12,0,60.79
5/5/2026 5:45,Node2,25.19,86.12,0,60.79
5/5/2026 5:50,Node1,25.13,86.73,5,61
5/5/2026 5:50,Node2,25.13,86.73,5,61
5/5/2026 5:55,Node1,25.15,87.44,5,60.78
5/5/2026 5:55,Node2,25.15,87.44,5,60.78
5/5/2026 6:00,Node1,26,78,80,60.89
5/5/2026 6:00,Node2,26,78,80,60.89
5/5/2026 6:05,Node1,26,77.22,98,60.89
5/5/2026 6:05,Node2,26,77.22,98,60.89
5/5/2026 6:10,Node1,26.06,77.33,89,61.3
5/5/2026 6:10,Node2,26.06,77.33,89,61.3
5/5/2026 6:15,Node1,26.13,78,80,61.07
5/5/2026 6:15,Node2,26.13,78,80,61.07
5/5/2026 6:20,Node1,26,78,80,61.16
5/5/2026 6:20,Node2,26,78,80,61.16
5/5/2026 6:25,Node1,26,77.68,80,60.92
5/5/2026 6:25,Node2,26,77.68,80,60.92
5/5/2026 6:30,Node1,26.01,77.08,89,60.78
5/5/2026 6:30,Node2,26.01,77.08,89,60.78
5/5/2026 6:35,Node1,26.21,77.26,80,61.1
5/5/2026 6:35,Node2,26.21,77.26,80,61.1
5/5/2026 6:40,Node1,26.31,76.64,81,61.23
5/5/2026 6:40,Node2,26.31,76.64,81,61.23
5/5/2026 6:45,Node1,26.3,77.23,128,60.87
5/5/2026 6:45,Node2,26.3,77.23,128,60.87
5/5/2026 6:50,Node1,26.13,78,150,61.01
5/5/2026 6:50,Node2,26.13,78,150,61.01
5/5/2026 6:55,Node1,26.3,77.01,150,61.35
5/5/2026 6:55,Node2,26.3,77.01,150,61.35
5/5/2026 7:00,Node1,27,77.94,150,61.05
5/5/2026 7:00,Node2,27,77.94,150,61.05
5/5/2026 7:05,Node1,27.07,77.43,150,61.26
5/5/2026 7:05,Node2,27.07,77.43,150,61.26
5/5/2026 7:10,Node1,27,77.32,105,61.63
5/5/2026 7:10,Node2,27,77.32,105,61.63
5/5/2026 7:15,Node1,27,76.35,124,61.78
5/5/2026 7:15,Node2,27,76.35,124,61.78
5/5/2026 7:20,Node1,27,76.04,97,61.97
5/5/2026 7:20,Node2,27,76.04,97,61.97
5/5/2026 7:25,Node1,27.11,76.68,104,61.63
5/5/2026 7:25,Node2,27.11,76.68,104,61.63
5/5/2026 7:30,Node1,27.27,76.54,83,61.96
5/5/2026 7:30,Node2,27.27,76.54,83,61.96
5/5/2026 7:35,Node1,27.29,76.87,80,61.71
5/5/2026 7:35,Node2,27.29,76.87,80,61.71
5/5/2026 7:40,Node1,27.19,76.44,128,62.09
5/5/2026 7:40,Node2,27.19,76.44,128,62.09
5/5/2026 7:45,Node1,27.34,76.26,97,62.39
5/5/2026 7:45,Node2,27.34,76.26,97,62.39
5/5/2026 7:50,Node1,27.23,76.93,80,62.83
5/5/2026 7:50,Node2,27.23,76.93,80,62.83
5/5/2026 7:55,Node1,27.33,76.03,80,63.24
5/5/2026 7:55,Node2,27.33,76.03,80,63.24
5/5/2026 8:00,Node1,28,76.13,80,62.88
5/5/2026 8:00,Node2,28,76.13,80,62.88
5/5/2026 8:05,Node1,28,76.48,82,63.27
5/5/2026 8:05,Node2,28,76.48,82,63.27
5/5/2026 8:10,Node1,28,77.43,80,62.84
5/5/2026 8:10,Node2,28,77.43,80,62.84
5/5/2026 8:15,Node1,28.18,77.28,80,62.9
5/5/2026 8:15,Node2,28.18,77.28,80,62.9
5/5/2026 8:20,Node1,28.37,77.86,90,63.12
5/5/2026 8:20,Node2,28.37,77.86,90,63.12
5/5/2026 8:25,Node1,28.36,77.63,89,63.23
5/5/2026 8:25,Node2,28.36,77.63,89,63.23
5/5/2026 8:30,Node1,28.46,76.66,137,62.99
5/5/2026 8:30,Node2,28.46,76.66,137,62.99
5/5/2026 8:35,Node1,28.45,76.15,150,63.38
5/5/2026 8:35,Node2,28.45,76.15,150,63.38
5/5/2026 8:40,Node1,28.37,76.01,150,63.27
5/5/2026 8:40,Node2,28.37,76.01,150,63.27
5/5/2026 8:45,Node1,28.51,75.7,150,63.76
5/5/2026 8:45,Node2,28.51,75.7,150,63.76
5/5/2026 8:50,Node1,28.56,75.85,148,63.71
5/5/2026 8:50,Node2,28.56,75.85,148,63.71
5/5/2026 8:55,Node1,28.38,75.44,150,64.13
5/5/2026 8:55,Node2,28.38,75.44,150,64.13
5/5/2026 9:00,Node1,29,74.95,150,64.29
5/5/2026 9:00,Node2,29,74.95,150,64.29
5/5/2026 9:05,Node1,29,75.63,150,64.15
5/5/2026 9:05,Node2,29,75.63,150,64.15
5/5/2026 9:10,Node1,29.03,75.35,119,64.18
5/5/2026 9:10,Node2,29.03,75.35,119,64.18
5/5/2026 9:15,Node1,29.09,75.64,89,64.48
5/5/2026 9:15,Node2,29.09,75.64,89,64.48
5/5/2026 9:20,Node1,29,75.66,103,64.91
5/5/2026 9:20,Node2,29,75.66,103,64.91
5/5/2026 9:25,Node1,29.06,76.66,147,64.53
5/5/2026 9:25,Node2,29.06,76.66,147,64.53
5/5/2026 9:30,Node1,29.09,77.59,150,64.32
5/5/2026 9:30,Node2,29.09,77.59,150,64.32
5/5/2026 9:35,Node1,29.26,76.84,130,64.13
5/5/2026 9:35,Node2,29.26,76.84,130,64.13
5/5/2026 9:40,Node1,29.09,76.17,137,64.02
5/5/2026 9:40,Node2,29.09,76.17,137,64.02
5/5/2026 9:45,Node1,29.15,76.63,150,64.34
5/5/2026 9:45,Node2,29.15,76.63,150,64.34
5/5/2026 9:50,Node1,29.18,75.9,150,64.65
5/5/2026 9:50,Node2,29.18,75.9,150,64.65
5/5/2026 9:55,Node1,29.05,75.42,100,64.38
5/5/2026 9:55,Node2,29.05,75.42,100,64.38
5/5/2026 10:00,Node1,30,74.5,110,64.49
5/5/2026 10:00,Node2,30,74.5,110,64.49
5/5/2026 10:05,Node1,30,74.7,118,64.17
5/5/2026 10:05,Node2,30,74.7,118,64.17
5/5/2026 10:10,Node1,30.12,73.75,136,64.61
5/5/2026 10:10,Node2,30.12,73.75,136,64.61
5/5/2026 10:15,Node1,30.09,73.14,108,64.74
5/5/2026 10:15,Node2,30.09,73.14,108,64.74
5/5/2026 10:20,Node1,30.1,73.31,111,64.36
5/5/2026 10:20,Node2,30.1,73.31,111,64.36
5/5/2026 10:25,Node1,30.09,73.46,150,64.75
5/5/2026 10:25,Node2,30.09,73.46,150,64.75
5/5/2026 10:30,Node1,30.05,72.92,150,64.82
5/5/2026 10:30,Node2,30.05,72.92,150,64.82
5/5/2026 10:35,Node1,30.21,72.71,150,65.28
5/5/2026 10:35,Node2,30.21,72.71,150,65.28
5/5/2026 10:40,Node1,30.09,72,150,65.13
5/5/2026 10:40,Node2,30.09,72,150,65.13
5/5/2026 10:45,Node1,30.12,72,150,65.36
5/5/2026 10:45,Node2,30.12,72,150,65.36
5/5/2026 10:50,Node1,30.3,72.18,150,65.06
5/5/2026 10:50,Node2,30.3,72.18,150,65.06
5/5/2026 10:55,Node1,30.29,72.88,150,64.74
5/5/2026 10:55,Node2,30.29,72.88,150,64.74
5/5/2026 11:00,Node1,31,72.24,103,64.51
5/5/2026 11:00,Node2,31,72.24,103,64.51
5/5/2026 11:05,Node1,31,72.74,82,64.48
5/5/2026 11:05,Node2,31,72.74,82,64.48
5/5/2026 11:10,Node1,31,73.52,80,64.75
5/5/2026 11:10,Node2,31,73.52,80,64.75
5/5/2026 11:15,Node1,31.11,72.8,105,64.85
5/5/2026 11:15,Node2,31.11,72.8,105,64.85
5/5/2026 11:20,Node1,31.01,72.69,80,65.02
5/5/2026 11:20,Node2,31.01,72.69,80,65.02
5/5/2026 11:25,Node1,31.15,73.51,122,65.06
5/5/2026 11:25,Node2,31.15,73.51,122,65.06
5/5/2026 11:30,Node1,31,74.5,85,64.87
5/5/2026 11:30,Node2,31,74.5,85,64.87
5/5/2026 11:35,Node1,31.1,74.29,80,64.49
5/5/2026 11:35,Node2,31.1,74.29,80,64.49
5/5/2026 11:40,Node1,31.11,74.15,80,64.38
5/5/2026 11:40,Node2,31.11,74.15,80,64.38
5/5/2026 11:45,Node1,31.14,73.54,99,64.63
5/5/2026 11:45,Node2,31.14,73.54,99,64.63
5/5/2026 11:50,Node1,31.24,72.88,84,64.96
5/5/2026 11:50,Node2,31.24,72.88,84,64.96
5/5/2026 11:55,Node1,31.27,72.9,80,64.87
5/5/2026 11:55,Node2,31.27,72.9,80,64.87
5/5/2026 12:00,Node1,32,63,350,65.13
5/5/2026 12:00,Node2,32,63,350,65.13
5/5/2026 12:05,Node1,32.16,62.81,369,64.87
5/5/2026 12:05,Node2,32.16,62.81,369,64.87
5/5/2026 12:10,Node1,32.13,62.58,350,65.15
5/5/2026 12:10,Node2,32.13,62.58,350,65.15
5/5/2026 12:15,Node1,32.26,62.24,350,64.95
5/5/2026 12:15,Node2,32.26,62.24,350,64.95
5/5/2026 12:20,Node1,32.28,62.71,354,65.3
5/5/2026 12:20,Node2,32.28,62.71,354,65.3
5/5/2026 12:25,Node1,32.23,61.77,350,65.47
5/5/2026 12:25,Node2,32.23,61.77,350,65.47
5/5/2026 12:30,Node1,32.32,62.16,357,65.78
5/5/2026 12:30,Node2,32.32,62.16,357,65.78
5/5/2026 12:35,Node1,32.21,62.95,350,66.02
5/5/2026 12:35,Node2,32.21,62.95,350,66.02
5/5/2026 12:40,Node1,32.32,62.72,350,66.43
5/5/2026 12:40,Node2,32.32,62.72,350,66.43
5/5/2026 12:45,Node1,32.4,62.43,365,66.87
5/5/2026 12:45,Node2,32.4,62.43,365,66.87
5/5/2026 12:50,Node1,32.2,62.32,381,67.14
5/5/2026 12:50,Node2,32.2,62.32,381,67.14
5/5/2026 12:55,Node1,32.27,63,371,67.02
5/5/2026 12:55,Node2,32.27,63,371,67.02
5/5/2026 13:00,Node1,33,62.75,390,66.78
5/5/2026 13:00,Node2,33,62.75,390,66.78
5/5/2026 13:05,Node1,33,62.45,382,66.32
5/5/2026 13:05,Node2,33,62.45,382,66.32
5/5/2026 13:10,Node1,33,61.94,376,66.82
5/5/2026 13:10,Node2,33,61.94,376,66.82
5/5/2026 13:15,Node1,33,61.45,388,66.61
5/5/2026 13:15,Node2,33,61.45,388,66.61
5/5/2026 13:20,Node1,33,61.6,391,66.21
5/5/2026 13:20,Node2,33,61.6,391,66.21
5/5/2026 13:25,Node1,33.17,60.77,384,65.94
5/5/2026 13:25,Node2,33.17,60.77,384,65.94
5/5/2026 13:30,Node1,33.1,61.76,350,66.39
5/5/2026 13:30,Node2,33.1,61.76,350,66.39
5/5/2026 13:35,Node1,33.14,61.12,399,66.02
5/5/2026 13:35,Node2,33.14,61.12,399,66.02
5/5/2026 13:40,Node1,33.24,61.25,351,65.77
5/5/2026 13:40,Node2,33.24,61.25,351,65.77
5/5/2026 13:45,Node1,33.04,61.41,350,65.52
5/5/2026 13:45,Node2,33.04,61.41,350,65.52
5/5/2026 13:50,Node1,33,61.45,350,65.33
5/5/2026 13:50,Node2,33,61.45,350,65.33
5/5/2026 13:55,Node1,33,60.91,375,64.95
5/5/2026 13:55,Node2,33,60.91,375,64.95
5/5/2026 14:00,Node1,34,60.54,399,65.41
5/5/2026 14:00,Node2,34,60.54,399,65.41
5/5/2026 14:05,Node1,34,60.48,368,65
5/5/2026 14:05,Node2,34,60.48,368,65
5/5/2026 14:10,Node1,34.11,61.32,350,65.48
5/5/2026 14:10,Node2,34.11,61.32,350,65.48
5/5/2026 14:15,Node1,34.09,61.77,350,65.92
5/5/2026 14:15,Node2,34.09,61.77,350,65.92
5/5/2026 14:20,Node1,34.07,61.26,379,66.05
5/5/2026 14:20,Node2,34.07,61.26,379,66.05
5/5/2026 14:25,Node1,34,61.25,350,66.45
5/5/2026 14:25,Node2,34,61.25,350,66.45
5/5/2026 14:30,Node1,34,61.92,357,66.52
5/5/2026 14:30,Node2,34,61.92,357,66.52
5/5/2026 14:35,Node1,34,62.27,400,66.38
5/5/2026 14:35,Node2,34,62.27,400,66.38
5/5/2026 14:40,Node1,34,61.96,369,66.77
5/5/2026 14:40,Node2,34,61.96,369,66.77
5/5/2026 14:45,Node1,34.08,61,417,66.93
5/5/2026 14:45,Node2,34.08,61,417,66.93
5/5/2026 14:50,Node1,34.22,60.99,423,67.31
5/5/2026 14:50,Node2,34.22,60.99,423,67.31
5/5/2026 14:55,Node1,34.14,60.07,377,66.82
5/5/2026 14:55,Node2,34.14,60.07,377,66.82
5/5/2026 15:00,Node1,34,59.81,375,66.54
5/5/2026 15:00,Node2,34,59.81,375,66.54
5/5/2026 15:05,Node1,33.95,58.93,350,66.91
5/5/2026 15:05,Node2,33.95,58.93,350,66.91
5/5/2026 15:10,Node1,33.95,58.36,350,66.76
5/5/2026 15:10,Node2,33.95,58.36,350,66.76
5/5/2026 15:15,Node1,33.94,57.41,350,67.16
5/5/2026 15:15,Node2,33.94,57.41,350,67.16
5/5/2026 15:20,Node1,34,57,350,66.77
5/5/2026 15:20,Node2,34,57,350,66.77
5/5/2026 15:25,Node1,34,57.61,364,67.15
5/5/2026 15:25,Node2,34,57.61,364,67.15
5/5/2026 15:30,Node1,34,57,350,67.3
5/5/2026 15:30,Node2,34,57,350,67.3
5/5/2026 15:35,Node1,33.85,57.33,350,67.79
5/5/2026 15:35,Node2,33.85,57.33,350,67.79
5/5/2026 15:40,Node1,33.72,57,359,67.37
5/5/2026 15:40,Node2,33.72,57,359,67.37
5/5/2026 15:45,Node1,33.66,57,350,67.06
5/5/2026 15:45,Node2,33.66,57,350,67.06
5/5/2026 15:50,Node1,33.53,57,350,67.5
5/5/2026 15:50,Node2,33.53,57,350,67.5
5/5/2026 15:55,Node1,33.7,57.18,357,67.39
5/5/2026 15:55,Node2,33.7,57.18,357,67.39
5/5/2026 16:00,Node1,33,62,1200,67.85
5/5/2026 16:00,Node2,33,62,1200,67.85
5/5/2026 16:05,Node1,33,62,1201,67.6
5/5/2026 16:05,Node2,33,62,1201,67.6
5/5/2026 16:10,Node1,32.93,62,1200,68.01
5/5/2026 16:10,Node2,32.93,62,1200,68.01
5/5/2026 16:15,Node1,33,62.12,1248,67.79
5/5/2026 16:15,Node2,33,62.12,1248,67.79
5/5/2026 16:20,Node1,32.83,62.32,1295,68.03
5/5/2026 16:20,Node2,32.83,62.32,1295,68.03
5/5/2026 16:25,Node1,33,62.34,1323,67.71
5/5/2026 16:25,Node2,33,62.34,1323,67.71
5/5/2026 16:30,Node1,33,62.31,1337,67.94
5/5/2026 16:30,Node2,33,62.31,1337,67.94
5/5/2026 16:35,Node1,32.96,62.31,1358,68.2
5/5/2026 16:35,Node2,32.96,62.31,1358,68.2
5/5/2026 16:40,Node1,33,63.1,1308,68.39
5/5/2026 16:40,Node2,33,63.1,1308,68.39
5/5/2026 16:45,Node1,32.94,63.09,1334,67.91
5/5/2026 16:45,Node2,32.94,63.09,1334,67.91
5/5/2026 16:50,Node1,33,63.54,1351,67.56
5/5/2026 16:50,Node2,33,63.54,1351,67.56
5/5/2026 16:55,Node1,33,63.88,1308,67.48
5/5/2026 16:55,Node2,33,63.88,1308,67.48
5/5/2026 17:00,Node1,32,63.99,1351,67.38
5/5/2026 17:00,Node2,32,63.99,1351,67.38
5/5/2026 17:05,Node1,31.88,64.02,1383,67.48
5/5/2026 17:05,Node2,31.88,64.02,1383,67.48
5/5/2026 17:10,Node1,31.81,63.76,1341,67.58
5/5/2026 17:10,Node2,31.81,63.76,1341,67.58
5/5/2026 17:15,Node1,31.97,62.95,1375,67.63
5/5/2026 17:15,Node2,31.97,62.95,1375,67.63
5/5/2026 17:20,Node1,32,63.52,1358,67.8
5/5/2026 17:20,Node2,32,63.52,1358,67.8
5/5/2026 17:25,Node1,32,63.71,1397,67.65
5/5/2026 17:25,Node2,32,63.71,1397,67.65
5/5/2026 17:30,Node1,32,63.46,1428,67.8
5/5/2026 17:30,Node2,32,63.46,1428,67.8
5/5/2026 17:35,Node1,31.82,63.35,1475,67.53
5/5/2026 17:35,Node2,31.82,63.35,1475,67.53
5/5/2026 17:40,Node1,31.72,62.89,1428,68
5/5/2026 17:40,Node2,31.72,62.89,1428,68
5/5/2026 17:45,Node1,31.85,63.24,1431,68.46
5/5/2026 17:45,Node2,31.85,63.24,1431,68.46
5/5/2026 17:50,Node1,31.94,62.88,1444,68.1
5/5/2026 17:50,Node2,31.94,62.88,1444,68.1
5/5/2026 17:55,Node1,31.81,62.11,1470,67.7
5/5/2026 17:55,Node2,31.81,62.11,1470,67.7
5/5/2026 18:00,Node1,31,62,1446,68.14
5/5/2026 18:00,Node2,31,62,1446,68.14
5/5/2026 18:05,Node1,30.94,62,1441,68.58
5/5/2026 18:05,Node2,30.94,62,1441,68.58
5/5/2026 18:10,Node1,31,62.42,1405,68.12
5/5/2026 18:10,Node2,31,62.42,1405,68.12
5/5/2026 18:15,Node1,31,62.77,1392,68.2
5/5/2026 18:15,Node2,31,62.77,1392,68.2
5/5/2026 18:20,Node1,31,63.66,1363,67.92
5/5/2026 18:20,Node2,31,63.66,1363,67.92
5/5/2026 18:25,Node1,30.96,62.74,1322,67.7
5/5/2026 18:25,Node2,30.96,62.74,1322,67.7
5/5/2026 18:30,Node1,31,62.71,1292,67.3
5/5/2026 18:30,Node2,31,62.71,1292,67.3
5/5/2026 18:35,Node1,30.99,62.06,1259,67.07
5/5/2026 18:35,Node2,30.99,62.06,1259,67.07
5/5/2026 18:40,Node1,30.8,62,1225,66.79
5/5/2026 18:40,Node2,30.8,62,1225,66.79
5/5/2026 18:45,Node1,30.95,62.27,1216,66.79
5/5/2026 18:45,Node2,30.95,62.27,1216,66.79
5/5/2026 18:50,Node1,30.92,63.04,1257,66.71
5/5/2026 18:50,Node2,30.92,63.04,1257,66.71
5/5/2026 18:55,Node1,30.82,63.06,1237,67.13
5/5/2026 18:55,Node2,30.82,63.06,1237,67.13
5/5/2026 19:00,Node1,30,77,20,67.5
5/5/2026 19:00,Node2,30,77,20,67.5
5/5/2026 19:05,Node1,30,77,1,67.9
5/5/2026 19:05,Node2,30,77,1,67.9
5/5/2026 19:10,Node1,30,77.1,0,67.84
5/5/2026 19:10,Node2,30,77.1,0,67.84
5/5/2026 19:15,Node1,29.97,77,0,68.03
5/5/2026 19:15,Node2,29.97,77,0,68.03
5/5/2026 19:20,Node1,29.92,77,20,67.92
5/5/2026 19:20,Node2,29.92,77,20,67.92
5/5/2026 19:25,Node1,30,77.02,17,68.28
5/5/2026 19:25,Node2,30,77.02,17,68.28
5/5/2026 19:30,Node1,29.97,77,20,67.83
5/5/2026 19:30,Node2,29.97,77,20,67.83
5/5/2026 19:35,Node1,30,77,20,68.16
5/5/2026 19:35,Node2,30,77,20,68.16
5/5/2026 19:40,Node1,30,77,0,68.61
5/5/2026 19:40,Node2,30,77,0,68.61
5/5/2026 19:45,Node1,29.84,77,3,68.11
5/5/2026 19:45,Node2,29.84,77,3,68.11
5/5/2026 19:50,Node1,29.95,77,0,68.55
5/5/2026 19:50,Node2,29.95,77,0,68.55
5/5/2026 19:55,Node1,29.95,77.47,15,68.49
5/5/2026 19:55,Node2,29.95,77.47,15,68.49
5/5/2026 20:00,Node1,29,77.9,20,68.72
5/5/2026 20:00,Node2,29,77.9,20,68.72
5/5/2026 20:05,Node1,29,77.67,20,68.34
5/5/2026 20:05,Node2,29,77.67,20,68.34
5/5/2026 20:10,Node1,29,77.54,0,68.03
5/5/2026 20:10,Node2,29,77.54,0,68.03
5/5/2026 20:15,Node1,29,77.98,20,68.48
5/5/2026 20:15,Node2,29,77.98,20,68.48
5/5/2026 20:20,Node1,29,78.83,0,68.69
5/5/2026 20:20,Node2,29,78.83,0,68.69
5/5/2026 20:25,Node1,28.83,78.02,12,68.4
5/5/2026 20:25,Node2,28.83,78.02,12,68.4
5/5/2026 20:30,Node1,29,78.41,20,68.05
5/5/2026 20:30,Node2,29,78.41,20,68.05
5/5/2026 20:35,Node1,29,77.49,13,68
5/5/2026 20:35,Node2,29,77.49,13,68
5/5/2026 20:40,Node1,29,78.43,20,68.01
5/5/2026 20:40,Node2,29,78.43,20,68.01
5/5/2026 20:45,Node1,28.83,79.22,16,68.23
5/5/2026 20:45,Node2,28.83,79.22,16,68.23
5/5/2026 20:50,Node1,28.92,79.59,0,68.03
5/5/2026 20:50,Node2,28.92,79.59,0,68.03
5/5/2026 20:55,Node1,29,78.6,0,68.51
5/5/2026 20:55,Node2,29,78.6,0,68.51
5/5/2026 21:00,Node1,28,79.02,17,69
5/5/2026 21:00,Node2,28,79.02,17,69
5/5/2026 21:05,Node1,27.95,78.75,0,68.71
5/5/2026 21:05,Node2,27.95,78.75,0,68.71
5/5/2026 21:10,Node1,27.83,79.46,0,68.4
5/5/2026 21:10,Node2,27.83,79.46,0,68.4
5/5/2026 21:15,Node1,27.71,78.92,0,68.64
5/5/2026 21:15,Node2,27.71,78.92,0,68.64
5/5/2026 21:20,Node1,27.52,77.97,0,68.59
5/5/2026 21:20,Node2,27.52,77.97,0,68.59
5/5/2026 21:25,Node1,27.38,78.41,9,68.77
5/5/2026 21:25,Node2,27.38,78.41,9,68.77
5/5/2026 21:30,Node1,27.36,77.94,0,68.84
5/5/2026 21:30,Node2,27.36,77.94,0,68.84
5/5/2026 21:35,Node1,27.38,78.14,20,68.69
5/5/2026 21:35,Node2,27.38,78.14,20,68.69
5/5/2026 21:40,Node1,27.4,77.61,19,68.21
5/5/2026 21:40,Node2,27.4,77.61,19,68.21
5/5/2026 21:45,Node1,27.41,78.19,20,68.06
5/5/2026 21:45,Node2,27.41,78.19,20,68.06
5/5/2026 21:50,Node1,27.59,77.32,20,68.17
5/5/2026 21:50,Node2,27.59,77.32,20,68.17
5/5/2026 21:55,Node1,27.51,77.11,20,68.64
5/5/2026 21:55,Node2,27.51,77.11,20,68.64
5/5/2026 22:00,Node1,27,77.22,20,68.68
5/5/2026 22:00,Node2,27,77.22,20,68.68
5/5/2026 22:05,Node1,27,78.05,2,68.86
5/5/2026 22:05,Node2,27,78.05,2,68.86
5/5/2026 22:10,Node1,27,78.44,0,68.7
5/5/2026 22:10,Node2,27,78.44,0,68.7
5/5/2026 22:15,Node1,27,77.65,20,68.69
5/5/2026 22:15,Node2,27,77.65,20,68.69
5/5/2026 22:20,Node1,26.94,78.05,0,68.58
5/5/2026 22:20,Node2,26.94,78.05,0,68.58
5/5/2026 22:25,Node1,27,77.27,0,68.32
5/5/2026 22:25,Node2,27,77.27,0,68.32
5/5/2026 22:30,Node1,26.94,77.88,0,68.47
5/5/2026 22:30,Node2,26.94,77.88,0,68.47
5/5/2026 22:35,Node1,26.99,77.07,20,68.85
5/5/2026 22:35,Node2,26.99,77.07,20,68.85
5/5/2026 22:40,Node1,27,78.02,20,68.66
5/5/2026 22:40,Node2,27,78.02,20,68.66
5/5/2026 22:45,Node1,26.83,78,0,69.07
5/5/2026 22:45,Node2,26.83,78,0,69.07
5/5/2026 22:50,Node1,26.64,77.89,0,68.63
5/5/2026 22:50,Node2,26.64,77.89,0,68.63
5/5/2026 22:55,Node1,26.54,77.22,0,68.54
5/5/2026 22:55,Node2,26.54,77.22,0,68.54
5/5/2026 23:00,Node1,26,77,0,68.55
5/5/2026 23:00,Node2,26,77,0,68.55
5/5/2026 23:05,Node1,26,77,0,68.22
5/5/2026 23:05,Node2,26,77,0,68.22
5/5/2026 23:10,Node1,25.94,77,0,68.68
5/5/2026 23:10,Node2,25.94,77,0,68.68
5/5/2026 23:15,Node1,25.78,77.66,19,68.73
5/5/2026 23:15,Node2,25.78,77.66,19,68.73
5/5/2026 23:20,Node1,25.59,77.99,20,68.34
5/5/2026 23:20,Node2,25.59,77.99,20,68.34
5/5/2026 23:25,Node1,25.72,78.2,4,68.78
5/5/2026 23:25,Node2,25.72,78.2,4,68.78
5/5/2026 23:30,Node1,25.85,78.8,0,68.86
5/5/2026 23:30,Node2,25.85,78.8,0,68.86
5/5/2026 23:35,Node1,25.82,79.54,0,68.68
5/5/2026 23:35,Node2,25.82,79.54,0,68.68
5/5/2026 23:40,Node1,25.99,80.1,0,68.77
5/5/2026 23:40,Node2,25.99,80.1,0,68.77
5/5/2026 23:45,Node1,26,79.67,6,68.53
5/5/2026 23:45,Node2,26,79.67,6,68.53
5/5/2026 23:50,Node1,26,80.44,20,68.55
5/5/2026 23:50,Node2,26,80.44,20,68.55
5/5/2026 23:55,Node1,26,80.63,0,68.5
5/5/2026 23:55,Node2,26,80.63,0,68.5
5/6/2026 0:00,Node1,25.5,82,5,68.47
5/6/2026 0:00,Node2,25.5,82,5,68.47
5/6/2026 0:05,Node1,25.5,82.82,5,67.97
5/6/2026 0:05,Node2,25.5,82.82,5,67.97
5/6/2026 0:10,Node1,25.33,82.9,0,68.1
5/6/2026 0:10,Node2,25.33,82.9,0,68.1
5/6/2026 0:15,Node1,25.24,83.76,0,68.48
5/6/2026 0:15,Node2,25.24,83.76,0,68.48
5/6/2026 0:20,Node1,25.15,83.94,0,68.18
5/6/2026 0:20,Node2,25.15,83.94,0,68.18
5/6/2026 0:25,Node1,25.15,83.67,0,68.18
5/6/2026 0:25,Node2,25.15,83.67,0,68.18
5/6/2026 0:30,Node1,25.18,83.95,0,68.1
5/6/2026 0:30,Node2,25.18,83.95,0,68.1
5/6/2026 0:35,Node1,25.37,83.93,0,68.25
5/6/2026 0:35,Node2,25.37,83.93,0,68.25
5/6/2026 0:40,Node1,25.5,84.7,5,68.57
5/6/2026 0:40,Node2,25.5,84.7,5,68.57
5/6/2026 0:45,Node1,25.45,84.31,0,69.06
5/6/2026 0:45,Node2,25.45,84.31,0,69.06
5/6/2026 0:50,Node1,25.41,85.15,5,69.1
5/6/2026 0:50,Node2,25.41,85.15,5,69.1
5/6/2026 0:55,Node1,25.22,85.11,0,69.17
5/6/2026 0:55,Node2,25.22,85.11,0,69.17
5/6/2026 1:00,Node1,25.09,84.21,0,68.89
5/6/2026 1:00,Node2,25.09,84.21,0,68.89
5/6/2026 1:05,Node1,25.1,83.5,3,68.64
5/6/2026 1:05,Node2,25.1,83.5,3,68.64
5/6/2026 1:10,Node1,25.1,82.8,5,68.55
5/6/2026 1:10,Node2,25.1,82.8,5,68.55
5/6/2026 1:15,Node1,24.93,82.76,0,68.23
5/6/2026 1:15,Node2,24.93,82.76,0,68.23
5/6/2026 1:20,Node1,25.09,82.69,5,67.83
5/6/2026 1:20,Node2,25.09,82.69,5,67.83
5/6/2026 1:25,Node1,25.15,83.21,0,68.16
5/6/2026 1:25,Node2,25.15,83.21,0,68.16
5/6/2026 1:30,Node1,25.25,82.46,0,67.68
5/6/2026 1:30,Node2,25.25,82.46,0,67.68
5/6/2026 1:35,Node1,25.08,83.15,5,67.98
5/6/2026 1:35,Node2,25.08,83.15,5,67.98
5/6/2026 1:40,Node1,25.17,84.14,5,68.41
5/6/2026 1:40,Node2,25.17,84.14,5,68.41
5/6/2026 1:45,Node1,25.24,83.17,0,68.13
5/6/2026 1:45,Node2,25.24,83.17,0,68.13
5/6/2026 1:50,Node1,25.09,83.9,5,68.44
5/6/2026 1:50,Node2,25.09,83.9,5,68.44
5/6/2026 1:55,Node1,24.89,84.39,5,68.03
5/6/2026 1:55,Node2,24.89,84.39,5,68.03
5/6/2026 2:00,Node1,24.8,83.43,5,67.74
5/6/2026 2:00,Node2,24.8,83.43,5,67.74
5/6/2026 2:05,Node1,24.89,83.66,5,68.17
5/6/2026 2:05,Node2,24.89,83.66,5,68.17
5/6/2026 2:10,Node1,25,84.49,5,67.83
5/6/2026 2:10,Node2,25,84.49,5,67.83
5/6/2026 2:15,Node1,25,84.76,0,68.05
5/6/2026 2:15,Node2,25,84.76,0,68.05
5/6/2026 2:20,Node1,25,85.46,5,67.57
5/6/2026 2:20,Node2,25,85.46,5,67.57
5/6/2026 2:25,Node1,25,86.01,0,67.5
5/6/2026 2:25,Node2,25,86.01,0,67.5
5/6/2026 2:30,Node1,25,86.45,0,67.49
5/6/2026 2:30,Node2,25,86.45,0,67.49
5/6/2026 2:35,Node1,24.83,85.49,0,67.88
5/6/2026 2:35,Node2,24.83,85.49,0,67.88
5/6/2026 2:40,Node1,24.89,85.7,0,68.03
5/6/2026 2:40,Node2,24.89,85.7,0,68.03
5/6/2026 2:45,Node1,25,85.61,0,67.79
5/6/2026 2:45,Node2,25,85.61,0,67.79
5/6/2026 2:50,Node1,25,86.35,0,67.42
5/6/2026 2:50,Node2,25,86.35,0,67.42
5/6/2026 2:55,Node1,25,85.44,5,67.08
5/6/2026 2:55,Node2,25,85.44,5,67.08
5/6/2026 3:00,Node1,24.82,85.43,5,66.99
5/6/2026 3:00,Node2,24.82,85.43,5,66.99
5/6/2026 3:05,Node1,24.79,86.14,0,67.38
5/6/2026 3:05,Node2,24.79,86.14,0,67.38
5/6/2026 3:10,Node1,24.69,86.64,3,67.4
5/6/2026 3:10,Node2,24.69,86.64,3,67.4
5/6/2026 3:15,Node1,24.86,86.28,0,67.65
5/6/2026 3:15,Node2,24.86,86.28,0,67.65
5/6/2026 3:20,Node1,24.72,86.28,0,67.72
5/6/2026 3:20,Node2,24.72,86.28,0,67.72
5/6/2026 3:25,Node1,24.57,87.2,5,68.08
5/6/2026 3:25,Node2,24.57,87.2,5,68.08
5/6/2026 3:30,Node1,24.42,86.6,0,68.12
5/6/2026 3:30,Node2,24.42,86.6,0,68.12
5/6/2026 3:35,Node1,24.55,86.91,0,68.11
5/6/2026 3:35,Node2,24.55,86.91,0,68.11
5/6/2026 3:40,Node1,24.41,86.12,5,67.93
5/6/2026 3:40,Node2,24.41,86.12,5,67.93
5/6/2026 3:45,Node1,24.53,86.3,5,67.7
5/6/2026 3:45,Node2,24.53,86.3,5,67.7
5/6/2026 3:50,Node1,24.63,86.62,0,67.49
5/6/2026 3:50,Node2,24.63,86.62,0,67.49
5/6/2026 3:55,Node1,24.79,85.83,5,67.49
5/6/2026 3:55,Node2,24.79,85.83,5,67.49
5/6/2026 4:00,Node1,24.62,86.06,5,67.58
5/6/2026 4:00,Node2,24.62,86.06,5,67.58
5/6/2026 4:05,Node1,24.5,85.99,0,67.12
5/6/2026 4:05,Node2,24.5,85.99,0,67.12
5/6/2026 4:10,Node1,24.65,86.92,5,67.15
5/6/2026 4:10,Node2,24.65,86.92,5,67.15
5/6/2026 4:15,Node1,24.58,87.86,0,66.79
5/6/2026 4:15,Node2,24.58,87.86,0,66.79
5/6/2026 4:20,Node1,24.5,87.76,0,66.6
5/6/2026 4:20,Node2,24.5,87.76,0,66.6
5/6/2026 4:25,Node1,24.5,87.42,0,67.07
5/6/2026 4:25,Node2,24.5,87.42,0,67.07
5/6/2026 4:30,Node1,24.58,86.74,0,66.86
5/6/2026 4:30,Node2,24.58,86.74,0,66.86
5/6/2026 4:35,Node1,24.5,86.03,5,67.33
5/6/2026 4:35,Node2,24.5,86.03,5,67.33
5/6/2026 4:40,Node1,24.6,86.29,5,67.17
5/6/2026 4:40,Node2,24.6,86.29,5,67.17
5/6/2026 4:45,Node1,24.73,85.73,5,66.99
5/6/2026 4:45,Node2,24.73,85.73,5,66.99
5/6/2026 4:50,Node1,24.8,85.67,5,66.83
5/6/2026 4:50,Node2,24.8,85.67,5,66.83
5/6/2026 4:55,Node1,24.81,85.16,5,67.03
5/6/2026 4:55,Node2,24.81,85.16,5,67.03
5/6/2026 5:00,Node1,25,84.69,0,67.52
5/6/2026 5:00,Node2,25,84.69,0,67.52
5/6/2026 5:05,Node1,25,84.86,5,67.11
5/6/2026 5:05,Node2,25,84.86,5,67.11
5/6/2026 5:10,Node1,25,83.91,0,67.03
5/6/2026 5:10,Node2,25,83.91,0,67.03
5/6/2026 5:15,Node1,25,83.61,5,66.66
5/6/2026 5:15,Node2,25,83.61,5,66.66
5/6/2026 5:20,Node1,25.03,84.39,5,67.12
5/6/2026 5:20,Node2,25.03,84.39,5,67.12
5/6/2026 5:25,Node1,25.01,83.68,5,66.86
5/6/2026 5:25,Node2,25.01,83.68,5,66.86
5/6/2026 5:30,Node1,25.02,83.85,5,66.54
5/6/2026 5:30,Node2,25.02,83.85,5,66.54
5/6/2026 5:35,Node1,25,83.58,0,66.7
5/6/2026 5:35,Node2,25,83.58,0,66.7
5/6/2026 5:40,Node1,25,83.59,5,66.86
5/6/2026 5:40,Node2,25,83.59,5,66.86
5/6/2026 5:45,Node1,25,83.43,0,67.36
5/6/2026 5:45,Node2,25,83.43,0,67.36
5/6/2026 5:50,Node1,25,82.6,0,67.82
5/6/2026 5:50,Node2,25,82.6,0,67.82
5/6/2026 5:55,Node1,25,82.52,0,68.15
5/6/2026 5:55,Node2,25,82.52,0,68.15
5/6/2026 6:00,Node1,26,78,80,68.39
5/6/2026 6:00,Node2,26,78,80,68.39
5/6/2026 6:05,Node1,26,78,85,68.36
5/6/2026 6:05,Node2,26,78,85,68.36
5/6/2026 6:10,Node1,26,78,101,68.76
5/6/2026 6:10,Node2,26,78,101,68.76
5/6/2026 6:15,Node1,26,77.6,90,68.58
5/6/2026 6:15,Node2,26,77.6,90,68.58
5/6/2026 6:20,Node1,26.09,76.8,80,68.63
5/6/2026 6:20,Node2,26.09,76.8,80,68.63
5/6/2026 6:25,Node1,26.23,76.31,109,68.5
5/6/2026 6:25,Node2,26.23,76.31,109,68.5
5/6/2026 6:30,Node1,26.3,76.1,80,68.71
5/6/2026 6:30,Node2,26.3,76.1,80,68.71
5/6/2026 6:35,Node1,26.24,75.35,84,68.83
5/6/2026 6:35,Node2,26.24,75.35,84,68.83
5/6/2026 6:40,Node1,26.4,75.03,124,68.66
5/6/2026 6:40,Node2,26.4,75.03,124,68.66
5/6/2026 6:45,Node1,26.32,74.3,89,68.64
5/6/2026 6:45,Node2,26.32,74.3,89,68.64
5/6/2026 6:50,Node1,26.37,74.33,121,68.97
5/6/2026 6:50,Node2,26.37,74.33,121,68.97
5/6/2026 6:55,Node1,26.22,73.74,93,69.37
5/6/2026 6:55,Node2,26.22,73.74,93,69.37
5/6/2026 7:00,Node1,27,73.01,95,68.98
5/6/2026 7:00,Node2,27,73.01,95,68.98
5/6/2026 7:05,Node1,27,72.29,134,69.16
5/6/2026 7:05,Node2,27,72.29,134,69.16
5/6/2026 7:10,Node1,27,72.26,135,69.18
5/6/2026 7:10,Node2,27,72.26,135,69.18
5/6/2026 7:15,Node1,27,72.7,125,68.89
5/6/2026 7:15,Node2,27,72.7,125,68.89
5/6/2026 7:20,Node1,27,72.69,150,69.06
5/6/2026 7:20,Node2,27,72.69,150,69.06
5/6/2026 7:25,Node1,27.14,72.61,150,69.27
5/6/2026 7:25,Node2,27.14,72.61,150,69.27
5/6/2026 7:30,Node1,27.01,72.64,150,68.97
5/6/2026 7:30,Node2,27.01,72.64,150,68.97
5/6/2026 7:35,Node1,27,72.61,130,69.44
5/6/2026 7:35,Node2,27,72.61,130,69.44
5/6/2026 7:40,Node1,27.09,72.92,134,68.97
5/6/2026 7:40,Node2,27.09,72.92,134,68.97
5/6/2026 7:45,Node1,27.01,72.57,130,68.47
5/6/2026 7:45,Node2,27.01,72.57,130,68.47
5/6/2026 7:50,Node1,27,72.01,86,68.82
5/6/2026 7:50,Node2,27,72.01,86,68.82
5/6/2026 7:55,Node1,27.01,72.65,80,68.41
5/6/2026 7:55,Node2,27.01,72.65,80,68.41
5/6/2026 8:00,Node1,28,72.71,80,68.26
5/6/2026 8:00,Node2,28,72.71,80,68.26
5/6/2026 8:05,Node1,28,72.35,80,68.73
5/6/2026 8:05,Node2,28,72.35,80,68.73
5/6/2026 8:10,Node1,28.04,72,115,68.87
5/6/2026 8:10,Node2,28.04,72,115,68.87
5/6/2026 8:15,Node1,28.03,72,150,68.83
5/6/2026 8:15,Node2,28.03,72,150,68.83
5/6/2026 8:20,Node1,28,72.53,150,68.35
5/6/2026 8:20,Node2,28,72.53,150,68.35
5/6/2026 8:25,Node1,28.13,72.05,150,68.8
5/6/2026 8:25,Node2,28.13,72.05,150,68.8
5/6/2026 8:30,Node1,28.33,72.69,150,68.68
5/6/2026 8:30,Node2,28.33,72.69,150,68.68
5/6/2026 8:35,Node1,28.23,72.25,122,68.18
5/6/2026 8:35,Node2,28.23,72.25,122,68.18
5/6/2026 8:40,Node1,28.2,72.23,150,68.06
5/6/2026 8:40,Node2,28.2,72.23,150,68.06
5/6/2026 8:45,Node1,28.08,72.39,112,68.47
5/6/2026 8:45,Node2,28.08,72.39,112,68.47
5/6/2026 8:50,Node1,28.11,73.21,80,68.4
5/6/2026 8:50,Node2,28.11,73.21,80,68.4
5/6/2026 8:55,Node1,28.19,73.36,110,68.16
5/6/2026 8:55,Node2,28.19,73.36,110,68.16
5/6/2026 9:00,Node1,29,73.34,92,68.14
5/6/2026 9:00,Node2,29,73.34,92,68.14
5/6/2026 9:05,Node1,29.1,72.8,87,68.06
5/6/2026 9:05,Node2,29.1,72.8,87,68.06
5/6/2026 9:10,Node1,29.12,72.15,81,68.41
5/6/2026 9:10,Node2,29.12,72.15,81,68.41
5/6/2026 9:15,Node1,29.1,72.6,80,68.5
5/6/2026 9:15,Node2,29.1,72.6,80,68.5
5/6/2026 9:20,Node1,29,73.1,80,68.76
5/6/2026 9:20,Node2,29,73.1,80,68.76
5/6/2026 9:25,Node1,29,73.06,80,69.24
5/6/2026 9:25,Node2,29,73.06,80,69.24
5/6/2026 9:30,Node1,29.14,73.85,85,68.78
5/6/2026 9:30,Node2,29.14,73.85,85,68.78
5/6/2026 9:35,Node1,29.33,73.46,80,68.46
5/6/2026 9:35,Node2,29.33,73.46,80,68.46
5/6/2026 9:40,Node1,29.19,74.22,80,68.54
5/6/2026 9:40,Node2,29.19,74.22,80,68.54
5/6/2026 9:45,Node1,29.1,74.08,80,68.12
5/6/2026 9:45,Node2,29.1,74.08,80,68.12
5/6/2026 9:50,Node1,29.14,73.41,98,67.92
5/6/2026 9:50,Node2,29.14,73.41,98,67.92
5/6/2026 9:55,Node1,29,72.8,103,67.93
5/6/2026 9:55,Node2,29,72.8,103,67.93
5/6/2026 10:00,Node1,30,73.72,80,68.07
5/6/2026 10:00,Node2,30,73.72,80,68.07
5/6/2026 10:05,Node1,30.12,73.42,80,67.59
5/6/2026 10:05,Node2,30.12,73.42,80,67.59
5/6/2026 10:10,Node1,30.02,74.22,80,67.51
5/6/2026 10:10,Node2,30.02,74.22,80,67.51
5/6/2026 10:15,Node1,30.07,73.49,80,67.07
5/6/2026 10:15,Node2,30.07,73.49,80,67.07
5/6/2026 10:20,Node1,30,72.59,80,67.35
5/6/2026 10:20,Node2,30,72.59,80,67.35
5/6/2026 10:25,Node1,30,72,128,67.58
5/6/2026 10:25,Node2,30,72,128,67.58
5/6/2026 10:30,Node1,30,72,150,67.46
5/6/2026 10:30,Node2,30,72,150,67.46
5/6/2026 10:35,Node1,30.09,72.71,121,67.47
5/6/2026 10:35,Node2,30.09,72.71,121,67.47
5/6/2026 10:40,Node1,30.1,72,114,67.26
5/6/2026 10:40,Node2,30.1,72,114,67.26
5/6/2026 10:45,Node1,30.07,72.1,80,67.68
5/6/2026 10:45,Node2,30.07,72.1,80,67.68
5/6/2026 10:50,Node1,30.07,72,106,67.23
5/6/2026 10:50,Node2,30.07,72,106,67.23
5/6/2026 10:55,Node1,30.12,72.13,141,67.59
5/6/2026 10:55,Node2,30.12,72.13,141,67.59
5/6/2026 11:00,Node1,31,72.71,150,67.57
5/6/2026 11:00,Node2,31,72.71,150,67.57
5/6/2026 11:05,Node1,31,72.94,150,67.82
5/6/2026 11:05,Node2,31,72.94,150,67.82
5/6/2026 11:10,Node1,31.19,73.04,150,67.44
5/6/2026 11:10,Node2,31.19,73.04,150,67.44
5/6/2026 11:15,Node1,31.2,73.64,108,67.14
5/6/2026 11:15,Node2,31.2,73.64,108,67.14
5/6/2026 11:20,Node1,31.33,72.78,146,67.28
5/6/2026 11:20,Node2,31.33,72.78,146,67.28
5/6/2026 11:25,Node1,31.47,72.9,116,66.81
5/6/2026 11:25,Node2,31.47,72.9,116,66.81
5/6/2026 11:30,Node1,31.58,73.65,138,67.29
5/6/2026 11:30,Node2,31.58,73.65,138,67.29
5/6/2026 11:35,Node1,31.62,73.94,141,67.46
5/6/2026 11:35,Node2,31.62,73.94,141,67.46
5/6/2026 11:40,Node1,31.65,73.74,107,67.16
5/6/2026 11:40,Node2,31.65,73.74,107,67.16
5/6/2026 11:45,Node1,31.51,73.9,90,67.07
5/6/2026 11:45,Node2,31.51,73.9,90,67.07
5/6/2026 11:50,Node1,31.62,73.94,90,67.25
5/6/2026 11:50,Node2,31.62,73.94,90,67.25
5/6/2026 11:55,Node1,31.67,73.13,80,66.76
5/6/2026 11:55,Node2,31.67,73.13,80,66.76
5/6/2026 12:00,Node1,32,63,350,66.51
5/6/2026 12:00,Node2,32,63,350,66.51
5/6/2026 12:05,Node1,32.05,62.1,350,66.04
5/6/2026 12:05,Node2,32.05,62.1,350,66.04
5/6/2026 12:10,Node1,32.09,61.54,350,66.22
5/6/2026 12:10,Node2,32.09,61.54,350,66.22
5/6/2026 12:15,Node1,32,60.83,350,66.51
5/6/2026 12:15,Node2,32,60.83,350,66.51
5/6/2026 12:20,Node1,32,60.85,350,66.47
5/6/2026 12:20,Node2,32,60.85,350,66.47
5/6/2026 12:25,Node1,32.13,60.06,350,66.49
5/6/2026 12:25,Node2,32.13,60.06,350,66.49
5/6/2026 12:30,Node1,32.01,61.06,350,66.28
5/6/2026 12:30,Node2,32.01,61.06,350,66.28
5/6/2026 12:35,Node1,32.01,61.99,366,66.22
5/6/2026 12:35,Node2,32.01,61.99,366,66.22
5/6/2026 12:40,Node1,32.03,62.09,381,65.93
5/6/2026 12:40,Node2,32.03,62.09,381,65.93
5/6/2026 12:45,Node1,32,62.5,358,65.53
5/6/2026 12:45,Node2,32,62.5,358,65.53
5/6/2026 12:50,Node1,32.09,62.91,350,65.7
5/6/2026 12:50,Node2,32.09,62.91,350,65.7
5/6/2026 12:55,Node1,32.08,62.14,355,65.97
5/6/2026 12:55,Node2,32.08,62.14,355,65.97
5/6/2026 13:00,Node1,33,62.5,350,66.34
5/6/2026 13:00,Node2,33,62.5,350,66.34
5/6/2026 13:05,Node1,33.06,61.84,366,65.89
5/6/2026 13:05,Node2,33.06,61.84,366,65.89
5/6/2026 13:10,Node1,33,61.52,404,66.28
5/6/2026 13:10,Node2,33,61.52,404,66.28
5/6/2026 13:15,Node1,33.13,60.61,414,65.98
5/6/2026 13:15,Node2,33.13,60.61,414,65.98
5/6/2026 13:20,Node1,33.03,61.01,438,65.78
5/6/2026 13:20,Node2,33.03,61.01,438,65.78
5/6/2026 13:25,Node1,33.03,61.46,422,65.73
5/6/2026 13:25,Node2,33.03,61.46,422,65.73
5/6/2026 13:30,Node1,33.18,62.38,408,65.99
5/6/2026 13:30,Node2,33.18,62.38,408,65.99
5/6/2026 13:35,Node1,33.35,62.49,414,66.46
5/6/2026 13:35,Node2,33.35,62.49,414,66.46
5/6/2026 13:40,Node1,33.51,62.59,441,66.37
5/6/2026 13:40,Node2,33.51,62.59,441,66.37
5/6/2026 13:45,Node1,33.69,62.5,454,66.39
5/6/2026 13:45,Node2,33.69,62.5,454,66.39
5/6/2026 13:50,Node1,33.72,61.58,409,66.01
5/6/2026 13:50,Node2,33.72,61.58,409,66.01
5/6/2026 13:55,Node1,33.6,62.49,399,66.36
5/6/2026 13:55,Node2,33.6,62.49,399,66.36
5/6/2026 14:00,Node1,34,62.25,376,66.65
5/6/2026 14:00,Node2,34,62.25,376,66.65
5/6/2026 14:05,Node1,34.14,62.64,387,66.72
5/6/2026 14:05,Node2,34.14,62.64,387,66.72
5/6/2026 14:10,Node1,34.16,62.84,410,67.03
5/6/2026 14:10,Node2,34.16,62.84,410,67.03
5/6/2026 14:15,Node1,34.24,62.1,445,67.17
5/6/2026 14:15,Node2,34.24,62.1,445,67.17
5/6/2026 14:20,Node1,34.07,61.47,493,66.88
5/6/2026 14:20,Node2,34.07,61.47,493,66.88
5/6/2026 14:25,Node1,34.23,60.96,500,66.51
5/6/2026 14:25,Node2,34.23,60.96,500,66.51
5/6/2026 14:30,Node1,34.42,60.54,470,66.95
5/6/2026 14:30,Node2,34.42,60.54,470,66.95
5/6/2026 14:35,Node1,34.23,59.64,486,67.42
5/6/2026 14:35,Node2,34.23,59.64,486,67.42
5/6/2026 14:40,Node1,34.19,60.58,482,67.42
5/6/2026 14:40,Node2,34.19,60.58,482,67.42
5/6/2026 14:45,Node1,34.05,60.12,474,67.7
5/6/2026 14:45,Node2,34.05,60.12,474,67.7
5/6/2026 14:50,Node1,34,60.27,500,67.55
5/6/2026 14:50,Node2,34,60.27,500,67.55
5/6/2026 14:55,Node1,34.06,60.71,500,67.52
5/6/2026 14:55,Node2,34.06,60.71,500,67.52
5/6/2026 15:00,Node1,34,59.82,500,67.66
5/6/2026 15:00,Node2,34,59.82,500,67.66
5/6/2026 15:05,Node1,34,59.12,500,67.17
5/6/2026 15:05,Node2,34,59.12,500,67.17
5/6/2026 15:10,Node1,33.89,58.34,500,67.35
5/6/2026 15:10,Node2,33.89,58.34,500,67.35
5/6/2026 15:15,Node1,34,58.6,500,67.48
5/6/2026 15:15,Node2,34,58.6,500,67.48
5/6/2026 15:20,Node1,34,57.76,500,67.13
5/6/2026 15:20,Node2,34,57.76,500,67.13
5/6/2026 15:25,Node1,34,57.53,490,67.27
5/6/2026 15:25,Node2,34,57.53,490,67.27
5/6/2026 15:30,Node1,34,58.29,452,67.13
5/6/2026 15:30,Node2,34,58.29,452,67.13
5/6/2026 15:35,Node1,33.84,57.42,459,67.38
5/6/2026 15:35,Node2,33.84,57.42,459,67.38
5/6/2026 15:40,Node1,33.74,58.21,444,67.58
5/6/2026 15:40,Node2,33.74,58.21,444,67.58
5/6/2026 15:45,Node1,33.69,58.6,428,67.76
5/6/2026 15:45,Node2,33.69,58.6,428,67.76
5/6/2026 15:50,Node1,33.78,57.79,467,68.15
5/6/2026 15:50,Node2,33.78,57.79,467,68.15
5/6/2026 15:55,Node1,33.88,58.57,500,68.05
5/6/2026 15:55,Node2,33.88,58.57,500,68.05
5/6/2026 16:00,Node1,33,62,1200,67.99
5/6/2026 16:00,Node2,33,62,1200,67.99
5/6/2026 16:05,Node1,32.92,62.71,1200,68.03
5/6/2026 16:05,Node2,32.92,62.71,1200,68.03
5/6/2026 16:10,Node1,32.72,62.63,1200,68.11
5/6/2026 16:10,Node2,32.72,62.63,1200,68.11
5/6/2026 16:15,Node1,32.55,62.21,1200,68.48
5/6/2026 16:15,Node2,32.55,62.21,1200,68.48
5/6/2026 16:20,Node1,32.35,62.63,1205,68.05
5/6/2026 16:20,Node2,32.35,62.63,1205,68.05
5/6/2026 16:25,Node1,32.22,62.13,1212,68.08
5/6/2026 16:25,Node2,32.22,62.13,1212,68.08
5/6/2026 16:30,Node1,32.11,62.01,1200,67.98
5/6/2026 16:30,Node2,32.11,62.01,1200,67.98
5/6/2026 16:35,Node1,32.3,62.55,1240,68.43
5/6/2026 16:35,Node2,32.3,62.55,1240,68.43
5/6/2026 16:40,Node1,32.21,62.5,1249,68.29
5/6/2026 16:40,Node2,32.21,62.5,1249,68.29
5/6/2026 16:45,Node1,32.12,62,1253,68.57
5/6/2026 16:45,Node2,32.12,62,1253,68.57
5/6/2026 16:50,Node1,32,62.49,1208,68.26
5/6/2026 16:50,Node2,32,62.49,1208,68.26
5/6/2026 16:55,Node1,32,62.45,1258,68.66
5/6/2026 16:55,Node2,32,62.45,1258,68.66
5/6/2026 17:00,Node1,31.87,62.36,1271,68.93
5/6/2026 17:00,Node2,31.87,62.36,1271,68.93
5/6/2026 17:05,Node1,31.85,63.25,1262,69.24
5/6/2026 17:05,Node2,31.85,63.25,1262,69.24
5/6/2026 17:10,Node1,31.7,63.24,1271,69.57
5/6/2026 17:10,Node2,31.7,63.24,1271,69.57
5/6/2026 17:15,Node1,31.79,63.99,1237,69.5
5/6/2026 17:15,Node2,31.79,63.99,1237,69.5
5/6/2026 17:20,Node1,31.6,63.51,1273,69.92
5/6/2026 17:20,Node2,31.6,63.51,1273,69.92
5/6/2026 17:25,Node1,31.75,64.05,1311,70.1
5/6/2026 17:25,Node2,31.75,64.05,1311,70.1
5/6/2026 17:30,Node1,31.69,63.2,1274,69.88
5/6/2026 17:30,Node2,31.69,63.2,1274,69.88
5/6/2026 17:35,Node1,31.67,63.6,1240,70.1
5/6/2026 17:35,Node2,31.67,63.6,1240,70.1
5/6/2026 17:40,Node1,31.82,63.47,1241,69.67
5/6/2026 17:40,Node2,31.82,63.47,1241,69.67
5/6/2026 17:45,Node1,31.95,64.42,1251,69.84
5/6/2026 17:45,Node2,31.95,64.42,1251,69.84
5/6/2026 17:50,Node1,31.75,64.27,1271,70.27
5/6/2026 17:50,Node2,31.75,64.27,1271,70.27
5/6/2026 17:55,Node1,31.84,64.37,1317,70.37
5/6/2026 17:55,Node2,31.84,64.37,1317,70.37
5/6/2026 18:00,Node1,31,65.05,1359,70.66
5/6/2026 18:00,Node2,31,65.05,1359,70.66
5/6/2026 18:05,Node1,31,64.9,1356,70.98
5/6/2026 18:05,Node2,31,64.9,1356,70.98
5/6/2026 18:10,Node1,30.85,64.23,1323,71.42
5/6/2026 18:10,Node2,30.85,64.23,1323,71.42
5/6/2026 18:15,Node1,30.8,63.86,1277,71.9
5/6/2026 18:15,Node2,30.8,63.86,1277,71.9
5/6/2026 18:20,Node1,30.84,63.49,1246,71.41
5/6/2026 18:20,Node2,30.84,63.49,1246,71.41
5/6/2026 18:25,Node1,30.82,64.4,1249,71.19
5/6/2026 18:25,Node2,30.82,64.4,1249,71.19
5/6/2026 18:30,Node1,30.76,65.38,1278,70.94
5/6/2026 18:30,Node2,30.76,65.38,1278,70.94
5/6/2026 18:35,Node1,30.64,64.5,1276,71.27
5/6/2026 18:35,Node2,30.64,64.5,1276,71.27
5/6/2026 18:40,Node1,30.73,64.85,1245,71.35
5/6/2026 18:40,Node2,30.73,64.85,1245,71.35
5/6/2026 18:45,Node1,30.91,64.56,1205,71.42
5/6/2026 18:45,Node2,30.91,64.56,1205,71.42
5/6/2026 18:50,Node1,30.92,63.79,1200,71.34
5/6/2026 18:50,Node2,30.92,63.79,1200,71.34
5/6/2026 18:55,Node1,31,63.32,1200,71.54
5/6/2026 18:55,Node2,31,63.32,1200,71.54
5/6/2026 19:00,Node1,30,77,20,71.85
5/6/2026 19:00,Node2,30,77,20,71.85
5/6/2026 19:05,Node1,30,77,20,71.79
5/6/2026 19:05,Node2,30,77,20,71.79
5/6/2026 19:10,Node1,29.87,77,0,72.28
5/6/2026 19:10,Node2,29.87,77,0,72.28
5/6/2026 19:15,Node1,29.91,77.33,0,71.86
5/6/2026 19:15,Node2,29.91,77.33,0,71.86
5/6/2026 19:20,Node1,30,77,20,71.88
5/6/2026 19:20,Node2,30,77,20,71.88
5/6/2026 19:25,Node1,29.99,77.74,20,71.52
5/6/2026 19:25,Node2,29.99,77.74,20,71.52
5/6/2026 19:30,Node1,30,78.32,15,71.33
5/6/2026 19:30,Node2,30,78.32,15,71.33
5/6/2026 19:35,Node1,29.95,77.91,20,71.02
5/6/2026 19:35,Node2,29.95,77.91,20,71.02
5/6/2026 19:40,Node1,29.85,78.74,20,71.36
5/6/2026 19:40,Node2,29.85,78.74,20,71.36
5/6/2026 19:45,Node1,29.85,78.65,20,71.85
5/6/2026 19:45,Node2,29.85,78.65,20,71.85
5/6/2026 19:50,Node1,30,78.89,0,71.76
5/6/2026 19:50,Node2,30,78.89,0,71.76
5/6/2026 19:55,Node1,30,79.86,8,71.4
5/6/2026 19:55,Node2,30,79.86,8,71.4
5/6/2026 20:00,Node1,29,79.06,0,71.37
5/6/2026 20:00,Node2,29,79.06,0,71.37
5/6/2026 20:05,Node1,28.98,79.2,20,71.45
5/6/2026 20:05,Node2,28.98,79.2,20,71.45
5/6/2026 20:10,Node1,29,78.31,0,71.02
5/6/2026 20:10,Node2,29,78.31,0,71.02
5/6/2026 20:15,Node1,29,77.97,0,71.51
5/6/2026 20:15,Node2,29,77.97,0,71.51
5/6/2026 20:20,Node1,29,78.23,0,71.01
5/6/2026 20:20,Node2,29,78.23,0,71.01
5/6/2026 20:25,Node1,29,78.56,19,70.55
5/6/2026 20:25,Node2,29,78.56,19,70.55
5/6/2026 20:30,Node1,29,78.55,20,70.51
5/6/2026 20:30,Node2,29,78.55,20,70.51
5/6/2026 20:35,Node1,28.93,79.38,8,70.16
5/6/2026 20:35,Node2,28.93,79.38,8,70.16
5/6/2026 20:40,Node1,28.91,79.71,0,70.26
5/6/2026 20:40,Node2,28.91,79.71,0,70.26
5/6/2026 20:45,Node1,28.8,78.73,0,69.83
5/6/2026 20:45,Node2,28.8,78.73,0,69.83
5/6/2026 20:50,Node1,28.91,78.01,3,69.35
5/6/2026 20:50,Node2,28.91,78.01,3,69.35
5/6/2026 20:55,Node1,28.9,77.73,20,69.08
5/6/2026 20:55,Node2,28.9,77.73,20,69.08
5/6/2026 21:00,Node1,28,78.43,0,68.61
5/6/2026 21:00,Node2,28,78.43,0,68.61
5/6/2026 21:05,Node1,28,77.67,0,68.86
5/6/2026 21:05,Node2,28,77.67,0,68.86
5/6/2026 21:10,Node1,27.91,78,0,69.02
5/6/2026 21:10,Node2,27.91,78,0,69.02
5/6/2026 21:15,Node1,27.79,78.6,14,68.69
5/6/2026 21:15,Node2,27.79,78.6,14,68.69
5/6/2026 21:20,Node1,27.93,79.16,0,69.12
5/6/2026 21:20,Node2,27.93,79.16,0,69.12
5/6/2026 21:25,Node1,27.88,78.25,0,69.4
5/6/2026 21:25,Node2,27.88,78.25,0,69.4
5/6/2026 21:30,Node1,27.75,77.71,12,69.59
5/6/2026 21:30,Node2,27.75,77.71,12,69.59
5/6/2026 21:35,Node1,27.55,77.65,0,69.77
5/6/2026 21:35,Node2,27.55,77.65,0,69.77
5/6/2026 21:40,Node1,27.66,77.07,0,69.84
5/6/2026 21:40,Node2,27.66,77.07,0,69.84
5/6/2026 21:45,Node1,27.81,77,13,70
5/6/2026 21:45,Node2,27.81,77,13,70
5/6/2026 21:50,Node1,27.74,77.25,1,70.06
5/6/2026 21:50,Node2,27.74,77.25,1,70.06
5/6/2026 21:55,Node1,27.76,77.15,15,70.25
5/6/2026 21:55,Node2,27.76,77.15,15,70.25
5/6/2026 22:00,Node1,27,77.43,20,70.16
5/6/2026 22:00,Node2,27,77.43,20,70.16
5/6/2026 22:05,Node1,27,77.63,19,70.52
5/6/2026 22:05,Node2,27,77.63,19,70.52
5/6/2026 22:10,Node1,26.98,77.67,20,70.27
5/6/2026 22:10,Node2,26.98,77.67,20,70.27
5/6/2026 22:15,Node1,26.91,77,20,69.99
5/6/2026 22:15,Node2,26.91,77,20,69.99
5/6/2026 22:20,Node1,27,77,0,69.7
5/6/2026 22:20,Node2,27,77,0,69.7
5/6/2026 22:25,Node1,26.98,77,0,69.49
5/6/2026 22:25,Node2,26.98,77,0,69.49
5/6/2026 22:30,Node1,27,77.88,20,69.4
5/6/2026 22:30,Node2,27,77.88,20,69.4
5/6/2026 22:35,Node1,26.95,77.1,20,69.32
5/6/2026 22:35,Node2,26.95,77.1,20,69.32
5/6/2026 22:40,Node1,26.83,77.4,0,69.24
5/6/2026 22:40,Node2,26.83,77.4,0,69.24
5/6/2026 22:45,Node1,26.64,77.73,20,69.44
5/6/2026 22:45,Node2,26.64,77.73,20,69.44
5/6/2026 22:50,Node1,26.67,78.17,20,69.87
5/6/2026 22:50,Node2,26.67,78.17,20,69.87
5/6/2026 22:55,Node1,26.75,77.68,20,69.98
5/6/2026 22:55,Node2,26.75,77.68,20,69.98
5/6/2026 23:00,Node1,26,77.05,0,70.22
5/6/2026 23:00,Node2,26,77.05,0,70.22
5/6/2026 23:05,Node1,26,77,0,70
5/6/2026 23:05,Node2,26,77,0,70
5/6/2026 23:10,Node1,25.98,77.65,0,69.68
5/6/2026 23:10,Node2,25.98,77.65,0,69.68
5/6/2026 23:15,Node1,26,77.5,20,69.28
5/6/2026 23:15,Node2,26,77.5,20,69.28
5/6/2026 23:20,Node1,26,78.06,20,69.1
5/6/2026 23:20,Node2,26,78.06,20,69.1
5/6/2026 23:25,Node1,26,78.43,20,69.24
5/6/2026 23:25,Node2,26,78.43,20,69.24
5/6/2026 23:30,Node1,25.87,79.33,0,69.49
5/6/2026 23:30,Node2,25.87,79.33,0,69.49
5/6/2026 23:35,Node1,25.74,78.84,0,69.06
5/6/2026 23:35,Node2,25.74,78.84,0,69.06
5/6/2026 23:40,Node1,25.89,78.55,20,69.56
5/6/2026 23:40,Node2,25.89,78.55,20,69.56
5/6/2026 23:45,Node1,25.93,78.59,0,69.73
5/6/2026 23:45,Node2,25.93,78.59,0,69.73
5/6/2026 23:50,Node1,25.92,78.07,13,69.77
5/6/2026 23:50,Node2,25.92,78.07,13,69.77
5/6/2026 23:55,Node1,25.99,78.03,20,70.02
5/6/2026 23:55,Node2,25.99,78.03,20,70.02
5/7/2026 0:00,Node1,25.5,82,5,69.69
5/7/2026 0:00,Node2,25.5,82,5,69.69
5/7/2026 0:05,Node1,25.38,82,0,69.83
5/7/2026 0:05,Node2,25.38,82,0,69.83
5/7/2026 0:10,Node1,25.2,82,3,69.42
5/7/2026 0:10,Node2,25.2,82,3,69.42
5/7/2026 0:15,Node1,25.15,82.97,0,69.61
5/7/2026 0:15,Node2,25.15,82.97,0,69.61
5/7/2026 0:20,Node1,25.06,82.6,0,69.82
5/7/2026 0:20,Node2,25.06,82.6,0,69.82
5/7/2026 0:25,Node1,25.19,82.45,5,69.88
5/7/2026 0:25,Node2,25.19,82.45,5,69.88
5/7/2026 0:30,Node1,25.08,82,0,69.69
5/7/2026 0:30,Node2,25.08,82,0,69.69
5/7/2026 0:35,Node1,25.05,82.73,5,69.66
5/7/2026 0:35,Node2,25.05,82.73,5,69.66
5/7/2026 0:40,Node1,25.24,82,5,70
5/7/2026 0:40,Node2,25.24,82,5,70
5/7/2026 0:45,Node1,25.36,82.68,0,70.39
5/7/2026 0:45,Node2,25.36,82.68,0,70.39
5/7/2026 0:50,Node1,25.33,82,0,70.16
5/7/2026 0:50,Node2,25.33,82,0,70.16
5/7/2026 0:55,Node1,25.37,82,0,69.67
5/7/2026 0:55,Node2,25.37,82,0,69.67
5/7/2026 1:00,Node1,25.3,82,5,69.47
5/7/2026 1:00,Node2,25.3,82,5,69.47
5/7/2026 1:05,Node1,25.3,82.2,0,69.07
5/7/2026 1:05,Node2,25.3,82.2,0,69.07
5/7/2026 1:10,Node1,25.11,82.23,3,68.89
5/7/2026 1:10,Node2,25.11,82.23,3,68.89
5/7/2026 1:15,Node1,25.14,82.37,5,68.53
5/7/2026 1:15,Node2,25.14,82.37,5,68.53
5/7/2026 1:20,Node1,24.96,82,5,68.6
5/7/2026 1:20,Node2,24.96,82,5,68.6
5/7/2026 1:25,Node1,24.85,82.8,5,68.15
5/7/2026 1:25,Node2,24.85,82.8,5,68.15
5/7/2026 1:30,Node1,24.92,82.39,0,68.3
5/7/2026 1:30,Node2,24.92,82.39,0,68.3
5/7/2026 1:35,Node1,24.74,82,5,68.74
5/7/2026 1:35,Node2,24.74,82,5,68.74
5/7/2026 1:40,Node1,24.81,82.81,5,69.22
5/7/2026 1:40,Node2,24.81,82.81,5,69.22
5/7/2026 1:45,Node1,24.99,83.2,0,69.63
5/7/2026 1:45,Node2,24.99,83.2,0,69.63
5/7/2026 1:50,Node1,24.96,83.23,0,69.93
5/7/2026 1:50,Node2,24.96,83.23,0,69.93
5/7/2026 1:55,Node1,24.91,82.43,0,70.07
5/7/2026 1:55,Node2,24.91,82.43,0,70.07
5/7/2026 2:00,Node1,25,82.6,0,69.94
5/7/2026 2:00,Node2,25,82.6,0,69.94
5/7/2026 2:05,Node1,24.88,82.29,0,69.76
5/7/2026 2:05,Node2,24.88,82.29,0,69.76
5/7/2026 2:10,Node1,24.73,82.62,5,70.26
5/7/2026 2:10,Node2,24.73,82.62,5,70.26
5/7/2026 2:15,Node1,24.63,82.22,0,69.79
5/7/2026 2:15,Node2,24.63,82.22,0,69.79
5/7/2026 2:20,Node1,24.66,82,2,70.22
5/7/2026 2:20,Node2,24.66,82,2,70.22
5/7/2026 2:25,Node1,24.6,82.48,5,69.91
5/7/2026 2:25,Node2,24.6,82.48,5,69.91
5/7/2026 2:30,Node1,24.66,82,5,69.93
5/7/2026 2:30,Node2,24.66,82,5,69.93
5/7/2026 2:35,Node1,24.73,82.06,5,69.7
5/7/2026 2:35,Node2,24.73,82.06,5,69.7
5/7/2026 2:40,Node1,24.59,82,5,69.74
5/7/2026 2:40,Node2,24.59,82,5,69.74
5/7/2026 2:45,Node1,24.56,82.06,0,70.17
5/7/2026 2:45,Node2,24.56,82.06,0,70.17
5/7/2026 2:50,Node1,24.42,82.66,0,70.28
5/7/2026 2:50,Node2,24.42,82.66,0,70.28
5/7/2026 2:55,Node1,24.29,82.37,3,70.27
5/7/2026 2:55,Node2,24.29,82.37,3,70.27
5/7/2026 3:00,Node1,24.33,82,5,70.28
5/7/2026 3:00,Node2,24.33,82,5,70.28
5/7/2026 3:05,Node1,24.35,82.76,5,70.12
5/7/2026 3:05,Node2,24.35,82.76,5,70.12
5/7/2026 3:10,Node1,24.35,82.96,5,70.48
5/7/2026 3:10,Node2,24.35,82.96,5,70.48
5/7/2026 3:15,Node1,24.43,83.48,5,70.5
5/7/2026 3:15,Node2,24.43,83.48,5,70.5
5/7/2026 3:20,Node1,24.38,82.54,5,70.76
5/7/2026 3:20,Node2,24.38,82.54,5,70.76
5/7/2026 3:25,Node1,24.26,83.4,5,70.34
5/7/2026 3:25,Node2,24.26,83.4,5,70.34
5/7/2026 3:30,Node1,24.46,82.81,0,70.81
5/7/2026 3:30,Node2,24.46,82.81,0,70.81
5/7/2026 3:35,Node1,24.42,83.5,0,71.18
5/7/2026 3:35,Node2,24.42,83.5,0,71.18
5/7/2026 3:40,Node1,24.59,84.38,5,71.14
5/7/2026 3:40,Node2,24.59,84.38,5,71.14
5/7/2026 3:45,Node1,24.41,84.02,0,71.25
5/7/2026 3:45,Node2,24.41,84.02,0,71.25
5/7/2026 3:50,Node1,24.46,84.94,0,70.99
5/7/2026 3:50,Node2,24.46,84.94,0,70.99
5/7/2026 3:55,Node1,24.28,85.76,0,70.95
5/7/2026 3:55,Node2,24.28,85.76,0,70.95
5/7/2026 4:00,Node1,24.5,86,0,71.14
5/7/2026 4:00,Node2,24.5,86,0,71.14
5/7/2026 4:05,Node1,24.59,86.34,0,71.23
5/7/2026 4:05,Node2,24.59,86.34,0,71.23
5/7/2026 4:10,Node1,24.71,85.41,0,70.95
5/7/2026 4:10,Node2,24.71,85.41,0,70.95
5/7/2026 4:15,Node1,24.72,86,5,71.21
5/7/2026 4:15,Node2,24.72,86,5,71.21
5/7/2026 4:20,Node1,24.78,86.01,0,71.07
5/7/2026 4:20,Node2,24.78,86.01,0,71.07
5/7/2026 4:25,Node1,24.94,85.35,5,70.78
5/7/2026 4:25,Node2,24.94,85.35,5,70.78
5/7/2026 4:30,Node1,25,85.73,5,70.59
5/7/2026 4:30,Node2,25,85.73,5,70.59
5/7/2026 4:35,Node1,25.1,86.08,5,70.95
5/7/2026 4:35,Node2,25.1,86.08,5,70.95
5/7/2026 4:40,Node1,25.16,85.38,0,71.42
5/7/2026 4:40,Node2,25.16,85.38,0,71.42
5/7/2026 4:45,Node1,24.99,86.17,0,71.91
5/7/2026 4:45,Node2,24.99,86.17,0,71.91
5/7/2026 4:50,Node1,24.91,86.84,0,71.63
5/7/2026 4:50,Node2,24.91,86.84,0,71.63
5/7/2026 4:55,Node1,24.95,87.48,0,71.67
5/7/2026 4:55,Node2,24.95,87.48,0,71.67
5/7/2026 5:00,Node1,25,87.71,5,72
5/7/2026 5:00,Node2,25,87.71,5,72
5/7/2026 5:05,Node1,25,88,5,72.31
5/7/2026 5:05,Node2,25,88,5,72.31
5/7/2026 5:10,Node1,25,87.47,1,72.56
5/7/2026 5:10,Node2,25,87.47,1,72.56
5/7/2026 5:15,Node1,25,86.49,0,72.89
5/7/2026 5:15,Node2,25,86.49,0,72.89
5/7/2026 5:20,Node1,25.19,87.13,0,73.17
5/7/2026 5:20,Node2,25.19,87.13,0,73.17
5/7/2026 5:25,Node1,25.11,86.83,5,73.18
5/7/2026 5:25,Node2,25.11,86.83,5,73.18
5/7/2026 5:30,Node1,25.14,87.22,0,73.34
5/7/2026 5:30,Node2,25.14,87.22,0,73.34
5/7/2026 5:35,Node1,25.2,87.88,5,73.04
5/7/2026 5:35,Node2,25.2,87.88,5,73.04
5/7/2026 5:40,Node1,25.28,87.98,0,73.35
5/7/2026 5:40,Node2,25.28,87.98,0,73.35
5/7/2026 5:45,Node1,25.27,88,0,73.11
5/7/2026 5:45,Node2,25.27,88,0,73.11
5/7/2026 5:50,Node1,25.42,88,0,73.56
5/7/2026 5:50,Node2,25.42,88,0,73.56
5/7/2026 5:55,Node1,25.42,87.49,0,73.42
5/7/2026 5:55,Node2,25.42,87.49,0,73.42
5/7/2026 6:00,Node1,26,78,80,73.4
5/7/2026 6:00,Node2,26,78,80,73.4
5/7/2026 6:05,Node1,26,77.68,80,73.64
5/7/2026 6:05,Node2,26,77.68,80,73.64
5/7/2026 6:10,Node1,26.07,78,80,73.5
5/7/2026 6:10,Node2,26.07,78,80,73.5
5/7/2026 6:15,Node1,26.04,78,117,73.74
5/7/2026 6:15,Node2,26.04,78,117,73.74
5/7/2026 6:20,Node1,26.14,78,106,73.55
5/7/2026 6:20,Node2,26.14,78,106,73.55
5/7/2026 6:25,Node1,26,78,123,73.4
5/7/2026 6:25,Node2,26,78,123,73.4
5/7/2026 6:30,Node1,26.12,78,130,73.59
5/7/2026 6:30,Node2,26.12,78,130,73.59
5/7/2026 6:35,Node1,26.05,77.42,82,73.57
5/7/2026 6:35,Node2,26.05,77.42,82,73.57
5/7/2026 6:40,Node1,26.11,76.9,80,73.08
5/7/2026 6:40,Node2,26.11,76.9,80,73.08
5/7/2026 6:45,Node1,26.27,76.3,86,72.82
5/7/2026 6:45,Node2,26.27,76.3,86,72.82
5/7/2026 6:50,Node1,26.37,75.53,125,72.77
5/7/2026 6:50,Node2,26.37,75.53,125,72.77
5/7/2026 6:55,Node1,26.43,75.38,121,72.54
5/7/2026 6:55,Node2,26.43,75.38,121,72.54
5/7/2026 7:00,Node1,27,75.34,150,72.42
5/7/2026 7:00,Node2,27,75.34,150,72.42
5/7/2026 7:05,Node1,27,76.23,150,72.31
5/7/2026 7:05,Node2,27,76.23,150,72.31
5/7/2026 7:10,Node1,27.08,75.65,115,71.98
5/7/2026 7:10,Node2,27.08,75.65,115,71.98
5/7/2026 7:15,Node1,27.01,75.8,112,71.58
5/7/2026 7:15,Node2,27.01,75.8,112,71.58
5/7/2026 7:20,Node1,27,76.21,113,71.12
5/7/2026 7:20,Node2,27,76.21,113,71.12
5/7/2026 7:25,Node1,27.15,76.11,150,70.72
5/7/2026 7:25,Node2,27.15,76.11,150,70.72
5/7/2026 7:30,Node1,27.31,75.96,118,70.98
5/7/2026 7:30,Node2,27.31,75.96,118,70.98
5/7/2026 7:35,Node1,27.19,76.19,150,71.15
5/7/2026 7:35,Node2,27.19,76.19,150,71.15
5/7/2026 7:40,Node1,27.19,76.7,150,71.3
5/7/2026 7:40,Node2,27.19,76.7,150,71.3
5/7/2026 7:45,Node1,27.01,76.85,107,71.42
5/7/2026 7:45,Node2,27.01,76.85,107,71.42
5/7/2026 7:50,Node1,27,77.13,85,71.69
5/7/2026 7:50,Node2,27,77.13,85,71.69
5/7/2026 7:55,Node1,27.09,77.75,112,71.31
5/7/2026 7:55,Node2,27.09,77.75,112,71.31
5/7/2026 8:00,Node1,28,78,146,71.78
5/7/2026 8:00,Node2,28,78,146,71.78
5/7/2026 8:05,Node1,28,77.69,150,71.57
5/7/2026 8:05,Node2,28,77.69,150,71.57
5/7/2026 8:10,Node1,28.02,78,150,71.1
5/7/2026 8:10,Node2,28.02,78,150,71.1
5/7/2026 8:15,Node1,28,77.68,128,71.56
5/7/2026 8:15,Node2,28,77.68,128,71.56
5/7/2026 8:20,Node1,28,78,150,71.87
5/7/2026 8:20,Node2,28,78,150,71.87
5/7/2026 8:25,Node1,28,78,150,72.29
5/7/2026 8:25,Node2,28,78,150,72.29
5/7/2026 8:30,Node1,28,77.64,150,72.66
5/7/2026 8:30,Node2,28,77.64,150,72.66
5/7/2026 8:35,Node1,28.17,77.32,150,72.67
5/7/2026 8:35,Node2,28.17,77.32,150,72.67
5/7/2026 8:40,Node1,28.03,77.15,117,72.85
5/7/2026 8:40,Node2,28.03,77.15,117,72.85
5/7/2026 8:45,Node1,28.21,77.28,113,72.38
5/7/2026 8:45,Node2,28.21,77.28,113,72.38
5/7/2026 8:50,Node1,28.39,76.57,100,72.71
5/7/2026 8:50,Node2,28.39,76.57,100,72.71
5/7/2026 8:55,Node1,28.43,76.79,147,72.98
5/7/2026 8:55,Node2,28.43,76.79,147,72.98
5/7/2026 9:00,Node1,29,76.34,150,72.79
5/7/2026 9:00,Node2,29,76.34,150,72.79
5/7/2026 9:05,Node1,29.13,75.9,131,72.42
5/7/2026 9:05,Node2,29.13,75.9,131,72.42
5/7/2026 9:10,Node1,29.24,76.46,107,72.57
5/7/2026 9:10,Node2,29.24,76.46,107,72.57
5/7/2026 9:15,Node1,29.33,75.76,89,72.54
5/7/2026 9:15,Node2,29.33,75.76,89,72.54
5/7/2026 9:20,Node1,29.51,75.14,104,72.62
5/7/2026 9:20,Node2,29.51,75.14,104,72.62
5/7/2026 9:25,Node1,29.38,74.4,98,72.35
5/7/2026 9:25,Node2,29.38,74.4,98,72.35
5/7/2026 9:30,Node1,29.45,74.47,117,72.12
5/7/2026 9:30,Node2,29.45,74.47,117,72.12
5/7/2026 9:35,Node1,29.3,74.28,112,72.3
5/7/2026 9:35,Node2,29.3,74.28,112,72.3
5/7/2026 9:40,Node1,29.29,73.31,80,72.55
5/7/2026 9:40,Node2,29.29,73.31,80,72.55
5/7/2026 9:45,Node1,29.35,74.18,80,72.17
5/7/2026 9:45,Node2,29.35,74.18,80,72.17
5/7/2026 9:50,Node1,29.32,73.77,80,72.04
5/7/2026 9:50,Node2,29.32,73.77,80,72.04
5/7/2026 9:55,Node1,29.44,74.13,80,71.61
5/7/2026 9:55,Node2,29.44,74.13,80,71.61
5/7/2026 10:00,Node1,30,73.6,100,72
5/7/2026 10:00,Node2,30,73.6,100,72
5/7/2026 10:05,Node1,30.1,74.17,80,71.53
5/7/2026 10:05,Node2,30.1,74.17,80,71.53
5/7/2026 10:10,Node1,30,74.95,80,71.84
5/7/2026 10:10,Node2,30,74.95,80,71.84
5/7/2026 10:15,Node1,30,75.19,94,72.31
5/7/2026 10:15,Node2,30,75.19,94,72.31
5/7/2026 10:20,Node1,30,74.88,127,71.92
5/7/2026 10:20,Node2,30,74.88,127,71.92
5/7/2026 10:25,Node1,30.17,75.22,150,71.99
5/7/2026 10:25,Node2,30.17,75.22,150,71.99
5/7/2026 10:30,Node1,30.28,75.46,120,72.12
5/7/2026 10:30,Node2,30.28,75.46,120,72.12
5/7/2026 10:35,Node1,30.32,75.98,80,72.31
5/7/2026 10:35,Node2,30.32,75.98,80,72.31
5/7/2026 10:40,Node1,30.17,75.31,119,71.94
5/7/2026 10:40,Node2,30.17,75.31,119,71.94
5/7/2026 10:45,Node1,30.2,74.6,136,71.77
5/7/2026 10:45,Node2,30.2,74.6,136,71.77
5/7/2026 10:50,Node1,30.23,73.84,90,72.11
5/7/2026 10:50,Node2,30.23,73.84,90,72.11
5/7/2026 10:55,Node1,30.37,73.66,95,72.1
5/7/2026 10:55,Node2,30.37,73.66,95,72.1
5/7/2026 11:00,Node1,31,73.47,144,72.15
5/7/2026 11:00,Node2,31,73.47,144,72.15
5/7/2026 11:05,Node1,31.03,73.07,134,71.99
5/7/2026 11:05,Node2,31.03,73.07,134,71.99
5/7/2026 11:10,Node1,31,73.73,128,72.02
5/7/2026 11:10,Node2,31,73.73,128,72.02
5/7/2026 11:15,Node1,31,73.47,121,71.69
5/7/2026 11:15,Node2,31,73.47,121,71.69
5/7/2026 11:20,Node1,31.16,73.37,139,71.89
5/7/2026 11:20,Node2,31.16,73.37,139,71.89
5/7/2026 11:25,Node1,31.07,74.09,122,71.41
5/7/2026 11:25,Node2,31.07,74.09,122,71.41
5/7/2026 11:30,Node1,31.02,73.25,150,71.88
5/7/2026 11:30,Node2,31.02,73.25,150,71.88
5/7/2026 11:35,Node1,31.01,73.37,150,71.6
5/7/2026 11:35,Node2,31.01,73.37,150,71.6
5/7/2026 11:40,Node1,31.06,72.87,150,71.6
5/7/2026 11:40,Node2,31.06,72.87,150,71.6
5/7/2026 11:45,Node1,31,72.69,150,71.4
5/7/2026 11:45,Node2,31,72.69,150,71.4
5/7/2026 11:50,Node1,31,72.36,150,70.93
5/7/2026 11:50,Node2,31,72.36,150,70.93
5/7/2026 11:55,Node1,31,73.18,150,70.46
5/7/2026 11:55,Node2,31,73.18,150,70.46
5/7/2026 12:00,Node1,32,63,350,70.47
5/7/2026 12:00,Node2,32,63,350,70.47
5/7/2026 12:05,Node1,32.11,63,350,70.36
5/7/2026 12:05,Node2,32.11,63,350,70.36
5/7/2026 12:10,Node1,32,63,380,70.15
5/7/2026 12:10,Node2,32,63,380,70.15
5/7/2026 12:15,Node1,32,62.52,406,70.28
5/7/2026 12:15,Node2,32,62.52,406,70.28
5/7/2026 12:20,Node1,32,63,394,69.85
5/7/2026 12:20,Node2,32,63,394,69.85
5/7/2026 12:25,Node1,32,62.59,359,70.1
5/7/2026 12:25,Node2,32,62.59,359,70.1
5/7/2026 12:30,Node1,32.05,63,387,70.3
5/7/2026 12:30,Node2,32.05,63,387,70.3
5/7/2026 12:35,Node1,32,62.89,422,70.26
5/7/2026 12:35,Node2,32,62.89,422,70.26
5/7/2026 12:40,Node1,32,63,376,70.2
5/7/2026 12:40,Node2,32,63,376,70.2
5/7/2026 12:45,Node1,32,63,398,70.32
5/7/2026 12:45,Node2,32,63,398,70.32
5/7/2026 12:50,Node1,32.11,62.56,379,70.09
5/7/2026 12:50,Node2,32.11,62.56,379,70.09
5/7/2026 12:55,Node1,32,62.67,418,70.1
5/7/2026 12:55,Node2,32,62.67,418,70.1
5/7/2026 13:00,Node1,33,62.57,403,70.55
5/7/2026 13:00,Node2,33,62.57,403,70.55
5/7/2026 13:05,Node1,33.1,63,442,70.68
5/7/2026 13:05,Node2,33.1,63,442,70.68
5/7/2026 13:10,Node1,33,62.97,401,71.02
5/7/2026 13:10,Node2,33,62.97,401,71.02
5/7/2026 13:15,Node1,33,62.57,447,71.02
5/7/2026 13:15,Node2,33,62.57,447,71.02
5/7/2026 13:20,Node1,33,62.9,482,71.07
5/7/2026 13:20,Node2,33,62.9,482,71.07
5/7/2026 13:25,Node1,33,62.68,457,71.21
5/7/2026 13:25,Node2,33,62.68,457,71.21
5/7/2026 13:30,Node1,33.13,61.85,426,71.54
5/7/2026 13:30,Node2,33.13,61.85,426,71.54
5/7/2026 13:35,Node1,33,61.34,388,71.72
5/7/2026 13:35,Node2,33,61.34,388,71.72
5/7/2026 13:40,Node1,33.12,62.22,370,72.2
5/7/2026 13:40,Node2,33.12,62.22,370,72.2
5/7/2026 13:45,Node1,33.09,61.77,350,71.96
5/7/2026 13:45,Node2,33.09,61.77,350,71.96
5/7/2026 13:50,Node1,33.23,61.99,351,72.17
5/7/2026 13:50,Node2,33.23,61.99,351,72.17
5/7/2026 13:55,Node1,33.39,62.31,378,72.39
5/7/2026 13:55,Node2,33.39,62.31,378,72.39
5/7/2026 14:00,Node1,34,63,428,72.32
5/7/2026 14:00,Node2,34,63,428,72.32
5/7/2026 14:05,Node1,34,63,380,72.39
5/7/2026 14:05,Node2,34,63,380,72.39
5/7/2026 14:10,Node1,34,63,404,72.02
5/7/2026 14:10,Node2,34,63,404,72.02
5/7/2026 14:15,Node1,34,63,390,71.86
5/7/2026 14:15,Node2,34,63,390,71.86
5/7/2026 14:20,Node1,34.07,63,367,71.95
5/7/2026 14:20,Node2,34.07,63,367,71.95
5/7/2026 14:25,Node1,34,62.51,350,72.23
5/7/2026 14:25,Node2,34,62.51,350,72.23
5/7/2026 14:30,Node1,34,62.2,350,72.21
5/7/2026 14:30,Node2,34,62.2,350,72.21
5/7/2026 14:35,Node1,34,63,350,72.45
5/7/2026 14:35,Node2,34,63,350,72.45
5/7/2026 14:40,Node1,34,63,350,72.48
5/7/2026 14:40,Node2,34,63,350,72.48
5/7/2026 14:45,Node1,34,62.62,379,72.83
5/7/2026 14:45,Node2,34,62.62,379,72.83
5/7/2026 14:50,Node1,34,61.92,385,72.7
5/7/2026 14:50,Node2,34,61.92,385,72.7
5/7/2026 14:55,Node1,34.18,61.32,430,72.84
5/7/2026 14:55,Node2,34.18,61.32,430,72.84
5/7/2026 15:00,Node1,34,60.78,417,73.17
5/7/2026 15:00,Node2,34,60.78,417,73.17
5/7/2026 15:05,Node1,34,59.95,459,73.04
5/7/2026 15:05,Node2,34,59.95,459,73.04
5/7/2026 15:10,Node1,34,59.28,432,72.81
5/7/2026 15:10,Node2,34,59.28,432,72.81
5/7/2026 15:15,Node1,34,60.24,435,72.94
5/7/2026 15:15,Node2,34,60.24,435,72.94
5/7/2026 15:20,Node1,34,60.87,445,73.06
5/7/2026 15:20,Node2,34,60.87,445,73.06
5/7/2026 15:25,Node1,33.82,60.68,455,72.66
5/7/2026 15:25,Node2,33.82,60.68,455,72.66
5/7/2026 15:30,Node1,33.75,60.02,442,72.72
5/7/2026 15:30,Node2,33.75,60.02,442,72.72
5/7/2026 15:35,Node1,33.94,60.96,413,72.4
5/7/2026 15:35,Node2,33.94,60.96,413,72.4
5/7/2026 15:40,Node1,33.97,61.28,383,72.46
5/7/2026 15:40,Node2,33.97,61.28,383,72.46
5/7/2026 15:45,Node1,33.86,60.45,370,72.3
5/7/2026 15:45,Node2,33.86,60.45,370,72.3
5/7/2026 15:50,Node1,34,59.78,350,72.72
5/7/2026 15:50,Node2,34,59.78,350,72.72
5/7/2026 15:55,Node1,33.92,59.68,359,73.01
5/7/2026 15:55,Node2,33.92,59.68,359,73.01
5/7/2026 16:00,Node1,33,62,1200,73.23
5/7/2026 16:00,Node2,33,62,1200,73.23
5/7/2026 16:05,Node1,32.99,62,1203,72.96
5/7/2026 16:05,Node2,32.99,62,1203,72.96
5/7/2026 16:10,Node1,32.9,62.42,1225,72.68
5/7/2026 16:10,Node2,32.9,62.42,1225,72.68
5/7/2026 16:15,Node1,33,62.33,1241,73.11
5/7/2026 16:15,Node2,33,62.33,1241,73.11
5/7/2026 16:20,Node1,33,62.81,1215,73.26
5/7/2026 16:20,Node2,33,62.81,1215,73.26
5/7/2026 16:25,Node1,32.99,63.19,1253,73.43
5/7/2026 16:25,Node2,32.99,63.19,1253,73.43
5/7/2026 16:30,Node1,32.88,62.86,1213,73.15
5/7/2026 16:30,Node2,32.88,62.86,1213,73.15
5/7/2026 16:35,Node1,33,63.04,1200,73.46
5/7/2026 16:35,Node2,33,63.04,1200,73.46
5/7/2026 16:40,Node1,33,62.98,1226,73.28
5/7/2026 16:40,Node2,33,62.98,1226,73.28
5/7/2026 16:45,Node1,32.81,62.09,1247,72.91
5/7/2026 16:45,Node2,32.81,62.09,1247,72.91
5/7/2026 16:50,Node1,32.71,62,1246,73.16
5/7/2026 16:50,Node2,32.71,62,1246,73.16
5/7/2026 16:55,Node1,32.63,62,1284,72.77
5/7/2026 16:55,Node2,32.63,62,1284,72.77
5/7/2026 17:00,Node1,32,62,1266,73.06
5/7/2026 17:00,Node2,32,62,1266,73.06
5/7/2026 17:05,Node1,31.91,62,1240,72.59
5/7/2026 17:05,Node2,31.91,62,1240,72.59
5/7/2026 17:10,Node1,32,62,1208,73.03
5/7/2026 17:10,Node2,32,62,1208,73.03
5/7/2026 17:15,Node1,31.83,62,1200,73.17
5/7/2026 17:15,Node2,31.83,62,1200,73.17
5/7/2026 17:20,Node1,31.71,62,1200,73.6
5/7/2026 17:20,Node2,31.71,62,1200,73.6
5/7/2026 17:25,Node1,31.78,62.19,1200,73.77
5/7/2026 17:25,Node2,31.78,62.19,1200,73.77
5/7/2026 17:30,Node1,31.74,62.76,1208,73.73
5/7/2026 17:30,Node2,31.74,62.76,1208,73.73
5/7/2026 17:35,Node1,31.92,62.09,1208,73.25
5/7/2026 17:35,Node2,31.92,62.09,1208,73.25
5/7/2026 17:40,Node1,31.89,62.35,1214,72.79
5/7/2026 17:40,Node2,31.89,62.35,1214,72.79
5/7/2026 17:45,Node1,32,62.33,1240,73.23
5/7/2026 17:45,Node2,32,62.33,1240,73.23
5/7/2026 17:50,Node1,32,62,1208,73.03
5/7/2026 17:50,Node2,32,62,1208,73.03
5/7/2026 17:55,Node1,32,62,1221,73.51
5/7/2026 17:55,Node2,32,62,1221,73.51
5/7/2026 18:00,Node1,31,62.09,1256,73.49
5/7/2026 18:00,Node2,31,62.09,1256,73.49
5/7/2026 18:05,Node1,31,62.19,1254,73
5/7/2026 18:05,Node2,31,62.19,1254,73
5/7/2026 18:10,Node1,31,62.94,1244,73.05
5/7/2026 18:10,Node2,31,62.94,1244,73.05
5/7/2026 18:15,Node1,31,63.58,1254,72.84
5/7/2026 18:15,Node2,31,63.58,1254,72.84
5/7/2026 18:20,Node1,31,62.95,1211,73.25
5/7/2026 18:20,Node2,31,62.95,1211,73.25
5/7/2026 18:25,Node1,30.98,62.38,1234,73.34
5/7/2026 18:25,Node2,30.98,62.38,1234,73.34
5/7/2026 18:30,Node1,31,62.2,1214,73.69
5/7/2026 18:30,Node2,31,62.2,1214,73.69
5/7/2026 18:35,Node1,31,62.25,1263,73.72
5/7/2026 18:35,Node2,31,62.25,1263,73.72
5/7/2026 18:40,Node1,31,62,1276,74.2
5/7/2026 18:40,Node2,31,62,1276,74.2
5/7/2026 18:45,Node1,31,62,1307,74.16
5/7/2026 18:45,Node2,31,62,1307,74.16
5/7/2026 18:50,Node1,31,62,1342,73.98
5/7/2026 18:50,Node2,31,62,1342,73.98
5/7/2026 18:55,Node1,31,62.2,1322,73.62
5/7/2026 18:55,Node2,31,62.2,1322,73.62
5/7/2026 19:00,Node1,30,77,20,73.99
5/7/2026 19:00,Node2,30,77,20,73.99
5/7/2026 19:05,Node1,30,77,0,74.36
5/7/2026 19:05,Node2,30,77,0,74.36
5/7/2026 19:10,Node1,30,77.69,0,74.73
5/7/2026 19:10,Node2,30,77.69,0,74.73
5/7/2026 19:15,Node1,30,77,5,74.85
5/7/2026 19:15,Node2,30,77,5,74.85
5/7/2026 19:20,Node1,29.92,77.1,0,75.18
5/7/2026 19:20,Node2,29.92,77.1,0,75.18
5/7/2026 19:25,Node1,29.91,77.48,20,74.82
5/7/2026 19:25,Node2,29.91,77.48,20,74.82
5/7/2026 19:30,Node1,29.84,77.83,0,74.61
5/7/2026 19:30,Node2,29.84,77.83,0,74.61
5/7/2026 19:35,Node1,30,77.71,0,74.87
5/7/2026 19:35,Node2,30,77.71,0,74.87
5/7/2026 19:40,Node1,29.87,78.5,0,75.32
5/7/2026 19:40,Node2,29.87,78.5,0,75.32
5/7/2026 19:45,Node1,29.69,78.88,16,75.1
5/7/2026 19:45,Node2,29.69,78.88,16,75.1
5/7/2026 19:50,Node1,29.5,78.11,0,74.94
5/7/2026 19:50,Node2,29.5,78.11,0,74.94
5/7/2026 19:55,Node1,29.69,77.98,20,75.21
5/7/2026 19:55,Node2,29.69,77.98,20,75.21
5/7/2026 20:00,Node1,29,77.67,20,75.24
5/7/2026 20:00,Node2,29,77.67,20,75.24
5/7/2026 20:05,Node1,28.96,77.5,20,74.81
5/7/2026 20:05,Node2,28.96,77.5,20,74.81
5/7/2026 20:10,Node1,29,77,20,75.13
5/7/2026 20:10,Node2,29,77,20,75.13
5/7/2026 20:15,Node1,29,77.91,20,74.63
5/7/2026 20:15,Node2,29,77.91,20,74.63
5/7/2026 20:20,Node1,29,77.65,20,74.78
5/7/2026 20:20,Node2,29,77.65,20,74.78
5/7/2026 20:25,Node1,28.88,78.31,0,74.48
5/7/2026 20:25,Node2,28.88,78.31,0,74.48
5/7/2026 20:30,Node1,28.72,78.48,0,74.4
5/7/2026 20:30,Node2,28.72,78.48,0,74.4
5/7/2026 20:35,Node1,28.65,77.61,0,74.35
5/7/2026 20:35,Node2,28.65,77.61,0,74.35
5/7/2026 20:40,Node1,28.68,77.82,20,74.83
5/7/2026 20:40,Node2,28.68,77.82,20,74.83
5/7/2026 20:45,Node1,28.58,77.63,9,74.63
5/7/2026 20:45,Node2,28.58,77.63,9,74.63
5/7/2026 20:50,Node1,28.53,78.26,17,74.58
5/7/2026 20:50,Node2,28.53,78.26,17,74.58
5/7/2026 20:55,Node1,28.36,79.09,20,74.7
5/7/2026 20:55,Node2,28.36,79.09,20,74.7
5/7/2026 21:00,Node1,28,78.73,20,74.44
5/7/2026 21:00,Node2,28,78.73,20,74.44
5/7/2026 21:05,Node1,28,78.49,0,74.43
5/7/2026 21:05,Node2,28,78.49,0,74.43
5/7/2026 21:10,Node1,27.97,77.99,0,74.24
5/7/2026 21:10,Node2,27.97,77.99,0,74.24
5/7/2026 21:15,Node1,28,77.62,0,74.56
5/7/2026 21:15,Node2,28,77.62,0,74.56
5/7/2026 21:20,Node1,27.96,78.09,8,74.56
5/7/2026 21:20,Node2,27.96,78.09,8,74.56
5/7/2026 21:25,Node1,27.94,77.73,20,74.76
5/7/2026 21:25,Node2,27.94,77.73,20,74.76
5/7/2026 21:30,Node1,28,77.43,19,75.13
5/7/2026 21:30,Node2,28,77.43,19,75.13
5/7/2026 21:35,Node1,27.83,78.1,0,74.8
5/7/2026 21:35,Node2,27.83,78.1,0,74.8
5/7/2026 21:40,Node1,27.72,78.64,20,74.46
5/7/2026 21:40,Node2,27.72,78.64,20,74.46
5/7/2026 21:45,Node1,27.83,78.83,20,74.61
5/7/2026 21:45,Node2,27.83,78.83,20,74.61
5/7/2026 21:50,Node1,27.92,78.83,20,74.18
5/7/2026 21:50,Node2,27.92,78.83,20,74.18
5/7/2026 21:55,Node1,27.88,79.08,20,74.47
5/7/2026 21:55,Node2,27.88,79.08,20,74.47
5/7/2026 22:00,Node1,27,80.05,5,74.35
5/7/2026 22:00,Node2,27,80.05,5,74.35
5/7/2026 22:05,Node1,27,79.44,20,74.68
5/7/2026 22:05,Node2,27,79.44,20,74.68
5/7/2026 22:10,Node1,27,79.31,2,74.85
5/7/2026 22:10,Node2,27,79.31,2,74.85
5/7/2026 22:15,Node1,26.85,78.73,20,75.15
5/7/2026 22:15,Node2,26.85,78.73,20,75.15
5/7/2026 22:20,Node1,26.93,79.5,20,75.02
5/7/2026 22:20,Node2,26.93,79.5,20,75.02
5/7/2026 22:25,Node1,26.74,80.08,0,75.16
5/7/2026 22:25,Node2,26.74,80.08,0,75.16
5/7/2026 22:30,Node1,26.57,79.58,0,75.28
5/7/2026 22:30,Node2,26.57,79.58,0,75.28
5/7/2026 22:35,Node1,26.62,79.04,20,75.13
5/7/2026 22:35,Node2,26.62,79.04,20,75.13
5/7/2026 22:40,Node1,26.71,78.17,11,75.44
5/7/2026 22:40,Node2,26.71,78.17,11,75.44
5/7/2026 22:45,Node1,26.64,79.01,12,75.53
5/7/2026 22:45,Node2,26.64,79.01,12,75.53
5/7/2026 22:50,Node1,26.56,79.69,20,75.37
5/7/2026 22:50,Node2,26.56,79.69,20,75.37
5/7/2026 22:55,Node1,26.36,80.2,20,75.84
5/7/2026 22:55,Node2,26.36,80.2,20,75.84
5/7/2026 23:00,Node1,26,80.54,20,75.39
5/7/2026 23:00,Node2,26,80.54,20,75.39
5/7/2026 23:05,Node1,26,81.36,0,75.88
5/7/2026 23:05,Node2,26,81.36,0,75.88
5/7/2026 23:10,Node1,26,80.75,0,76.01
5/7/2026 23:10,Node2,26,80.75,0,76.01
5/7/2026 23:15,Node1,25.87,81.33,0,76.21
5/7/2026 23:15,Node2,25.87,81.33,0,76.21
5/7/2026 23:20,Node1,25.85,81.32,0,76.12
5/7/2026 23:20,Node2,25.85,81.32,0,76.12
5/7/2026 23:25,Node1,25.78,80.86,0,76.24
5/7/2026 23:25,Node2,25.78,80.86,0,76.24
5/7/2026 23:30,Node1,25.92,80.98,20,76.17
5/7/2026 23:30,Node2,25.92,80.98,20,76.17
5/7/2026 23:35,Node1,25.77,80.56,0,75.69
5/7/2026 23:35,Node2,25.77,80.56,0,75.69
5/7/2026 23:40,Node1,25.59,81.21,0,75.91
5/7/2026 23:40,Node2,25.59,81.21,0,75.91
5/7/2026 23:45,Node1,25.54,81.22,20,76.1
5/7/2026 23:45,Node2,25.54,81.22,20,76.1
5/7/2026 23:50,Node1,25.57,80.55,20,75.79
5/7/2026 23:50,Node2,25.57,80.55,20,75.79
5/7/2026 23:55,Node1,25.53,80.58,20,75.73
5/7/2026 23:55,Node2,25.53,80.58,20,75.73
5/8/2026 0:00,Node1,25.5,82,5,76.02
5/8/2026 0:00,Node2,25.5,82,5,76.02
5/8/2026 0:05,Node1,25.46,82.52,5,75.92
5/8/2026 0:05,Node2,25.46,82.52,5,75.92
5/8/2026 0:10,Node1,25.5,82.7,0,76.2
5/8/2026 0:10,Node2,25.5,82.7,0,76.2
5/8/2026 0:15,Node1,25.33,83.15,0,76.12
5/8/2026 0:15,Node2,25.33,83.15,0,76.12
5/8/2026 0:20,Node1,25.39,82.38,0,76.07
5/8/2026 0:20,Node2,25.39,82.38,0,76.07
5/8/2026 0:25,Node1,25.5,82,0,75.9
5/8/2026 0:25,Node2,25.5,82,0,75.9
5/8/2026 0:30,Node1,25.36,82,5,75.8
5/8/2026 0:30,Node2,25.36,82,5,75.8
5/8/2026 0:35,Node1,25.42,82,0,76.2
5/8/2026 0:35,Node2,25.42,82,0,76.2
5/8/2026 0:40,Node1,25.45,82,5,76.3
5/8/2026 0:40,Node2,25.45,82,5,76.3
5/8/2026 0:45,Node1,25.27,82.32,5,76.63
5/8/2026 0:45,Node2,25.27,82.32,5,76.63
5/8/2026 0:50,Node1,25.07,82.06,0,77.08
5/8/2026 0:50,Node2,25.07,82.06,0,77.08
5/8/2026 0:55,Node1,25.1,82,5,77.19
5/8/2026 0:55,Node2,25.1,82,5,77.19
5/8/2026 1:00,Node1,25.09,82.12,5,76.86
5/8/2026 1:00,Node2,25.09,82.12,5,76.86
5/8/2026 1:05,Node1,25.04,82,5,76.39
5/8/2026 1:05,Node2,25.04,82,5,76.39
5/8/2026 1:10,Node1,25.03,82,5,76.71
5/8/2026 1:10,Node2,25.03,82,5,76.71
5/8/2026 1:15,Node1,24.94,82.09,5,76.53
5/8/2026 1:15,Node2,24.94,82.09,5,76.53
5/8/2026 1:20,Node1,24.78,82.19,5,76.85
5/8/2026 1:20,Node2,24.78,82.19,5,76.85
5/8/2026 1:25,Node1,24.68,82.99,0,76.53
5/8/2026 1:25,Node2,24.68,82.99,0,76.53
5/8/2026 1:30,Node1,24.5,82.62,0,76.27
5/8/2026 1:30,Node2,24.5,82.62,0,76.27
5/8/2026 1:35,Node1,24.33,82.41,0,75.86
5/8/2026 1:35,Node2,24.33,82.41,0,75.86
5/8/2026 1:40,Node1,24.37,82.24,5,75.87
5/8/2026 1:40,Node2,24.37,82.24,5,75.87
5/8/2026 1:45,Node1,24.45,82.39,0,75.9
5/8/2026 1:45,Node2,24.45,82.39,0,75.9
5/8/2026 1:50,Node1,24.3,82,0,75.5
5/8/2026 1:50,Node2,24.3,82,0,75.5
5/8/2026 1:55,Node1,24.3,82,3,75.3
5/8/2026 1:55,Node2,24.3,82,3,75.3
5/8/2026 2:00,Node1,24.36,82,5,75.28
5/8/2026 2:00,Node2,24.36,82,5,75.28
5/8/2026 2:05,Node1,24.32,82,5,75.73
5/8/2026 2:05,Node2,24.32,82,5,75.73
5/8/2026 2:10,Node1,24.38,82.81,0,75.56
5/8/2026 2:10,Node2,24.38,82.81,0,75.56
5/8/2026 2:15,Node1,24.42,82.21,0,75.06
5/8/2026 2:15,Node2,24.42,82.21,0,75.06
5/8/2026 2:20,Node1,24.29,82,0,75.23
5/8/2026 2:20,Node2,24.29,82,0,75.23
5/8/2026 2:25,Node1,24.43,82.72,0,75.1
5/8/2026 2:25,Node2,24.43,82.72,0,75.1
5/8/2026 2:30,Node1,24.32,82.23,0,75.22
5/8/2026 2:30,Node2,24.32,82.23,0,75.22
5/8/2026 2:35,Node1,24.34,82,0,74.92
5/8/2026 2:35,Node2,24.34,82,0,74.92
5/8/2026 2:40,Node1,24.31,82.2,5,75.25
5/8/2026 2:40,Node2,24.31,82.2,5,75.25
5/8/2026 2:45,Node1,24.42,82.96,5,75.42
5/8/2026 2:45,Node2,24.42,82.96,5,75.42
5/8/2026 2:50,Node1,24.3,82.28,5,75.06
5/8/2026 2:50,Node2,24.3,82.28,5,75.06
5/8/2026 2:55,Node1,24.16,82,0,75.33
5/8/2026 2:55,Node2,24.16,82,0,75.33
5/8/2026 3:00,Node1,24,82.62,5,74.97
5/8/2026 3:00,Node2,24,82.62,5,74.97
5/8/2026 3:05,Node1,24.08,82.9,5,74.82
5/8/2026 3:05,Node2,24.08,82.9,5,74.82
5/8/2026 3:10,Node1,24.23,82.12,0,75.14
5/8/2026 3:10,Node2,24.23,82.12,0,75.14
5/8/2026 3:15,Node1,24.3,82.53,5,74.65
5/8/2026 3:15,Node2,24.3,82.53,5,74.65
5/8/2026 3:20,Node1,24.11,82.76,5,75.09
5/8/2026 3:20,Node2,24.11,82.76,5,75.09
5/8/2026 3:25,Node1,24.25,83.22,5,74.78
5/8/2026 3:25,Node2,24.25,83.22,5,74.78
5/8/2026 3:30,Node1,24.41,83.5,0,75.13
5/8/2026 3:30,Node2,24.41,83.5,0,75.13
5/8/2026 3:35,Node1,24.57,84.32,0,74.87
5/8/2026 3:35,Node2,24.57,84.32,0,74.87
5/8/2026 3:40,Node1,24.46,83.79,0,74.88
5/8/2026 3:40,Node2,24.46,83.79,0,74.88
5/8/2026 3:45,Node1,24.39,83.89,5,75.06
5/8/2026 3:45,Node2,24.39,83.89,5,75.06
5/8/2026 3:50,Node1,24.38,84.89,5,75.11
5/8/2026 3:50,Node2,24.38,84.89,5,75.11
5/8/2026 3:55,Node1,24.18,84.54,0,75.37
5/8/2026 3:55,Node2,24.18,84.54,0,75.37
5/8/2026 4:00,Node1,24.5,84.01,0,75.25
5/8/2026 4:00,Node2,24.5,84.01,0,75.25
5/8/2026 4:05,Node1,24.5,83.84,5,75.25
5/8/2026 4:05,Node2,24.5,83.84,5,75.25
5/8/2026 4:10,Node1,24.5,83.41,0,75.47
5/8/2026 4:10,Node2,24.5,83.41,0,75.47
5/8/2026 4:15,Node1,24.5,82.43,5,75.65
5/8/2026 4:15,Node2,24.5,82.43,5,75.65
5/8/2026 4:20,Node1,24.56,82.71,5,75.44
5/8/2026 4:20,Node2,24.56,82.71,5,75.44
5/8/2026 4:25,Node1,24.6,82.41,0,75.59
5/8/2026 4:25,Node2,24.6,82.41,0,75.59
5/8/2026 4:30,Node1,24.76,82.38,5,75.32
5/8/2026 4:30,Node2,24.76,82.38,5,75.32
5/8/2026 4:35,Node1,24.94,82.83,0,75.37
5/8/2026 4:35,Node2,24.94,82.83,0,75.37
5/8/2026 4:40,Node1,25.08,83.3,5,75.04
5/8/2026 4:40,Node2,25.08,83.3,5,75.04
5/8/2026 4:45,Node1,25.16,83.51,0,75.39
5/8/2026 4:45,Node2,25.16,83.51,0,75.39
5/8/2026 4:50,Node1,24.99,83.01,0,75.57
5/8/2026 4:50,Node2,24.99,83.01,0,75.57
5/8/2026 4:55,Node1,25.06,82.3,0,75.76
5/8/2026 4:55,Node2,25.06,82.3,0,75.76
5/8/2026 5:00,Node1,25.01,82.04,0,75.86
5/8/2026 5:00,Node2,25.01,82.04,0,75.86
5/8/2026 5:05,Node1,25,82.42,0,75.94
5/8/2026 5:05,Node2,25,82.42,0,75.94
5/8/2026 5:10,Node1,25,83.42,5,75.54
5/8/2026 5:10,Node2,25,83.42,5,75.54
5/8/2026 5:15,Node1,25.18,83.05,0,75.23
5/8/2026 5:15,Node2,25.18,83.05,0,75.23
5/8/2026 5:20,Node1,25.22,82.75,5,75.39
5/8/2026 5:20,Node2,25.22,82.75,5,75.39
5/8/2026 5:25,Node1,25.29,82.91,0,75.29
5/8/2026 5:25,Node2,25.29,82.91,0,75.29
5/8/2026 5:30,Node1,25.14,82.77,0,75.28
5/8/2026 5:30,Node2,25.14,82.77,0,75.28
5/8/2026 5:35,Node1,25,83.01,5,74.93
5/8/2026 5:35,Node2,25,83.01,5,74.93
5/8/2026 5:40,Node1,25.19,82.94,5,74.64
5/8/2026 5:40,Node2,25.19,82.94,5,74.64
5/8/2026 5:45,Node1,25.33,82.92,5,74.7
5/8/2026 5:45,Node2,25.33,82.92,5,74.7
5/8/2026 5:50,Node1,25.41,82.61,5,74.26
5/8/2026 5:50,Node2,25.41,82.61,5,74.26
5/8/2026 5:55,Node1,25.56,82.82,0,74.65
5/8/2026 5:55,Node2,25.56,82.82,0,74.65
5/8/2026 6:00,Node1,26,78,80,74.94
5/8/2026 6:00,Node2,26,78,80,74.94
5/8/2026 6:05,Node1,26.05,78,88,75.26
5/8/2026 6:05,Node2,26.05,78,88,75.26
5/8/2026 6:10,Node1,26,77.28,80,75.13
5/8/2026 6:10,Node2,26,77.28,80,75.13
5/8/2026 6:15,Node1,26.11,77.82,80,75.4
5/8/2026 6:15,Node2,26.11,77.82,80,75.4
5/8/2026 6:20,Node1,26.15,77.68,80,75.44
5/8/2026 6:20,Node2,26.15,77.68,80,75.44
5/8/2026 6:25,Node1,26.03,77.25,80,75.04
5/8/2026 6:25,Node2,26.03,77.25,80,75.04
5/8/2026 6:30,Node1,26,76.74,107,75.51
5/8/2026 6:30,Node2,26,76.74,107,75.51
5/8/2026 6:35,Node1,26,76.66,80,75.43
5/8/2026 6:35,Node2,26,76.66,80,75.43
5/8/2026 6:40,Node1,26.06,76.25,85,75.72
5/8/2026 6:40,Node2,26.06,76.25,85,75.72
5/8/2026 6:45,Node1,26,77.01,125,75.3
5/8/2026 6:45,Node2,26,77.01,125,75.3
5/8/2026 6:50,Node1,26.11,76.23,89,75.54
5/8/2026 6:50,Node2,26.11,76.23,89,75.54
5/8/2026 6:55,Node1,26.01,76.07,80,75.15
5/8/2026 6:55,Node2,26.01,76.07,80,75.15
5/8/2026 7:00,Node1,27,75.19,106,74.87
5/8/2026 7:00,Node2,27,75.19,106,74.87
5/8/2026 7:05,Node1,27.02,74.24,106,74.54
5/8/2026 7:05,Node2,27.02,74.24,106,74.54
5/8/2026 7:10,Node1,27,73.38,80,74.29
5/8/2026 7:10,Node2,27,73.38,80,74.29
5/8/2026 7:15,Node1,27,72.73,114,73.91
5/8/2026 7:15,Node2,27,72.73,114,73.91
5/8/2026 7:20,Node1,27.17,72.81,132,73.48
5/8/2026 7:20,Node2,27.17,72.81,132,73.48
5/8/2026 7:25,Node1,27.33,72.16,150,73.44
5/8/2026 7:25,Node2,27.33,72.16,150,73.44
5/8/2026 7:30,Node1,27.38,72,150,73.3
5/8/2026 7:30,Node2,27.38,72,150,73.3
5/8/2026 7:35,Node1,27.45,72.14,130,73.66
5/8/2026 7:35,Node2,27.45,72.14,130,73.66
5/8/2026 7:40,Node1,27.58,72.06,84,73.72
5/8/2026 7:40,Node2,27.58,72.06,84,73.72
5/8/2026 7:45,Node1,27.58,72,95,73.26
5/8/2026 7:45,Node2,27.58,72,95,73.26
5/8/2026 7:50,Node1,27.73,72,133,73.03
5/8/2026 7:50,Node2,27.73,72,133,73.03
5/8/2026 7:55,Node1,27.58,72,84,73.17
5/8/2026 7:55,Node2,27.58,72,84,73.17
5/8/2026 8:00,Node1,28,72,121,73.61
5/8/2026 8:00,Node2,28,72,121,73.61
5/8/2026 8:05,Node1,28.09,72.14,144,74.08
5/8/2026 8:05,Node2,28.09,72.14,144,74.08
5/8/2026 8:10,Node1,28.03,72.88,125,74.33
5/8/2026 8:10,Node2,28.03,72.88,125,74.33
5/8/2026 8:15,Node1,28.18,72.39,99,74.27
5/8/2026 8:15,Node2,28.18,72.39,99,74.27
5/8/2026 8:20,Node1,28.05,72.32,110,74.45
5/8/2026 8:20,Node2,28.05,72.32,110,74.45
5/8/2026 8:25,Node1,28.24,72.4,110,74.16
5/8/2026 8:25,Node2,28.24,72.4,110,74.16
5/8/2026 8:30,Node1,28.4,72,120,74.22
5/8/2026 8:30,Node2,28.4,72,120,74.22
5/8/2026 8:35,Node1,28.47,72,121,74.14
5/8/2026 8:35,Node2,28.47,72,121,74.14
5/8/2026 8:40,Node1,28.28,72,106,74.35
5/8/2026 8:40,Node2,28.28,72,106,74.35
5/8/2026 8:45,Node1,28.16,72.33,80,74.31
5/8/2026 8:45,Node2,28.16,72.33,80,74.31
5/8/2026 8:50,Node1,28.17,72,80,73.97
5/8/2026 8:50,Node2,28.17,72,80,73.97
5/8/2026 8:55,Node1,28.19,72,80,73.66
5/8/2026 8:55,Node2,28.19,72,80,73.66
5/8/2026 9:00,Node1,29,72.11,80,73.72
5/8/2026 9:00,Node2,29,72.11,80,73.72
5/8/2026 9:05,Node1,29,72,119,74.04
5/8/2026 9:05,Node2,29,72,119,74.04
5/8/2026 9:10,Node1,29,72.17,150,74.13
5/8/2026 9:10,Node2,29,72.17,150,74.13
5/8/2026 9:15,Node1,29,72,141,73.95
5/8/2026 9:15,Node2,29,72,141,73.95
5/8/2026 9:20,Node1,29,72.33,150,74.33
5/8/2026 9:20,Node2,29,72.33,150,74.33
5/8/2026 9:25,Node1,29.01,72.6,143,74.34
5/8/2026 9:25,Node2,29.01,72.6,143,74.34
5/8/2026 9:30,Node1,29,73.05,150,74.14
5/8/2026 9:30,Node2,29,73.05,150,74.14
5/8/2026 9:35,Node1,29,72.87,112,74.46
5/8/2026 9:35,Node2,29,72.87,112,74.46
5/8/2026 9:40,Node1,29,73.41,80,74.61
5/8/2026 9:40,Node2,29,73.41,80,74.61
5/8/2026 9:45,Node1,29,73.27,80,74.21
5/8/2026 9:45,Node2,29,73.27,80,74.21
5/8/2026 9:50,Node1,29,74.01,80,73.97
5/8/2026 9:50,Node2,29,74.01,80,73.97
5/8/2026 9:55,Node1,29,74.32,120,74.34
5/8/2026 9:55,Node2,29,74.32,120,74.34
5/8/2026 10:00,Node1,30,73.73,121,74.49
5/8/2026 10:00,Node2,30,73.73,121,74.49
5/8/2026 10:05,Node1,30,72.89,104,74.41
5/8/2026 10:05,Node2,30,72.89,104,74.41
5/8/2026 10:10,Node1,30,72,92,74.52
5/8/2026 10:10,Node2,30,72,92,74.52
5/8/2026 10:15,Node1,30.02,72.87,82,74.84
5/8/2026 10:15,Node2,30.02,72.87,82,74.84
5/8/2026 10:20,Node1,30,72.1,83,74.35
5/8/2026 10:20,Node2,30,72.1,83,74.35
5/8/2026 10:25,Node1,30,72,80,73.92
5/8/2026 10:25,Node2,30,72,80,73.92
5/8/2026 10:30,Node1,30,72.42,80,74.08
5/8/2026 10:30,Node2,30,72.42,80,74.08
5/8/2026 10:35,Node1,30.08,72.95,80,73.68
5/8/2026 10:35,Node2,30.08,72.95,80,73.68
5/8/2026 10:40,Node1,30.07,73.24,127,73.2
5/8/2026 10:40,Node2,30.07,73.24,127,73.2
5/8/2026 10:45,Node1,30.27,73.58,109,73.14
5/8/2026 10:45,Node2,30.27,73.58,109,73.14
5/8/2026 10:50,Node1,30.11,73.72,138,73.11
5/8/2026 10:50,Node2,30.11,73.72,138,73.11
5/8/2026 10:55,Node1,30.1,73.27,150,72.86
5/8/2026 10:55,Node2,30.1,73.27,150,72.86
5/8/2026 11:00,Node1,31,72.53,150,72.79
5/8/2026 11:00,Node2,31,72.53,150,72.79
5/8/2026 11:05,Node1,31,72.19,125,73.24
5/8/2026 11:05,Node2,31,72.19,125,73.24
5/8/2026 11:10,Node1,31,73.13,131,72.83
5/8/2026 11:10,Node2,31,73.13,131,72.83
5/8/2026 11:15,Node1,31.14,73.02,86,72.7
5/8/2026 11:15,Node2,31.14,73.02,86,72.7
5/8/2026 11:20,Node1,31.08,73.55,134,72.88
5/8/2026 11:20,Node2,31.08,73.55,134,72.88
5/8/2026 11:25,Node1,31.19,73.26,150,72.53
5/8/2026 11:25,Node2,31.19,73.26,150,72.53
5/8/2026 11:30,Node1,31.14,73.81,150,72.63
5/8/2026 11:30,Node2,31.14,73.81,150,72.63
5/8/2026 11:35,Node1,31.08,73.9,112,72.43
5/8/2026 11:35,Node2,31.08,73.9,112,72.43
5/8/2026 11:40,Node1,31.14,73.49,88,72.65
5/8/2026 11:40,Node2,31.14,73.49,88,72.65
5/8/2026 11:45,Node1,31.11,74.11,127,72.35
5/8/2026 11:45,Node2,31.11,74.11,127,72.35
5/8/2026 11:50,Node1,31,74.39,150,72.58
5/8/2026 11:50,Node2,31,74.39,150,72.58
5/8/2026 11:55,Node1,31.06,75.07,126,72.58
5/8/2026 11:55,Node2,31.06,75.07,126,72.58
5/8/2026 12:00,Node1,32,63,350,72.67
5/8/2026 12:00,Node2,32,63,350,72.67
5/8/2026 12:05,Node1,32.13,62.01,350,72.38
5/8/2026 12:05,Node2,32.13,62.01,350,72.38
5/8/2026 12:10,Node1,32.1,61.41,350,72.85
5/8/2026 12:10,Node2,32.1,61.41,350,72.85
5/8/2026 12:15,Node1,32,61.26,368,73.24
5/8/2026 12:15,Node2,32,61.26,368,73.24
5/8/2026 12:20,Node1,32,61.57,399,73.04
5/8/2026 12:20,Node2,32,61.57,399,73.04
5/8/2026 12:25,Node1,32.1,60.79,374,73.16
5/8/2026 12:25,Node2,32.1,60.79,374,73.16
5/8/2026 12:30,Node1,32.22,60.55,401,72.86
5/8/2026 12:30,Node2,32.22,60.55,401,72.86
5/8/2026 12:35,Node1,32.04,60.92,400,72.98
5/8/2026 12:35,Node2,32.04,60.92,400,72.98
5/8/2026 12:40,Node1,32.16,61.13,403,72.53
5/8/2026 12:40,Node2,32.16,61.13,403,72.53
5/8/2026 12:45,Node1,32.06,61.25,366,72.86
5/8/2026 12:45,Node2,32.06,61.25,366,72.86
5/8/2026 12:50,Node1,32.14,60.67,366,72.77
5/8/2026 12:50,Node2,32.14,60.67,366,72.77
5/8/2026 12:55,Node1,32,59.85,392,72.62
5/8/2026 12:55,Node2,32,59.85,392,72.62
5/8/2026 13:00,Node1,33,59.81,402,72.28
5/8/2026 13:00,Node2,33,59.81,402,72.28
5/8/2026 13:05,Node1,33,59.15,431,72.23
5/8/2026 13:05,Node2,33,59.15,431,72.23
5/8/2026 13:10,Node1,33,58.16,450,72.62
5/8/2026 13:10,Node2,33,58.16,450,72.62
5/8/2026 13:15,Node1,33,58.01,486,73.12
5/8/2026 13:15,Node2,33,58.01,486,73.12
5/8/2026 13:20,Node1,33,57.69,500,73.2
5/8/2026 13:20,Node2,33,57.69,500,73.2
5/8/2026 13:25,Node1,33,57.98,500,73.56
5/8/2026 13:25,Node2,33,57.98,500,73.56
5/8/2026 13:30,Node1,33.05,58.39,500,73.49
5/8/2026 13:30,Node2,33.05,58.39,500,73.49
5/8/2026 13:35,Node1,33.22,59.11,458,73.02
5/8/2026 13:35,Node2,33.22,59.11,458,73.02
5/8/2026 13:40,Node1,33.09,59.59,434,73.28
5/8/2026 13:40,Node2,33.09,59.59,434,73.28
5/8/2026 13:45,Node1,33.01,59.71,422,73.44
5/8/2026 13:45,Node2,33.01,59.71,422,73.44
5/8/2026 13:50,Node1,33.17,59.36,423,73.9
5/8/2026 13:50,Node2,33.17,59.36,423,73.9
5/8/2026 13:55,Node1,33.31,58.69,436,73.64
5/8/2026 13:55,Node2,33.31,58.69,436,73.64
5/8/2026 14:00,Node1,34,58.43,389,73.78
5/8/2026 14:00,Node2,34,58.43,389,73.78
5/8/2026 14:05,Node1,34,58.31,434,74.26
5/8/2026 14:05,Node2,34,58.31,434,74.26
5/8/2026 14:10,Node1,34.01,57.44,453,74.16
5/8/2026 14:10,Node2,34.01,57.44,453,74.16
5/8/2026 14:15,Node1,34,57.48,439,74.46
5/8/2026 14:15,Node2,34,57.48,439,74.46
5/8/2026 14:20,Node1,34.15,57.02,483,74.14
5/8/2026 14:20,Node2,34.15,57.02,483,74.14
5/8/2026 14:25,Node1,34.24,57.25,440,74.47
5/8/2026 14:25,Node2,34.24,57.25,440,74.47
5/8/2026 14:30,Node1,34.11,57.77,443,74.4
5/8/2026 14:30,Node2,34.11,57.77,443,74.4
5/8/2026 14:35,Node1,34.14,58.11,485,74.89
5/8/2026 14:35,Node2,34.14,58.11,485,74.89
5/8/2026 14:40,Node1,34.25,58.65,500,74.85
5/8/2026 14:40,Node2,34.25,58.65,500,74.85
5/8/2026 14:45,Node1,34.33,59.33,500,75.35
5/8/2026 14:45,Node2,34.33,59.33,500,75.35
5/8/2026 14:50,Node1,34.21,59.69,478,75.6
5/8/2026 14:50,Node2,34.21,59.69,478,75.6
5/8/2026 14:55,Node1,34.3,59.24,467,75.91
5/8/2026 14:55,Node2,34.3,59.24,467,75.91
5/8/2026 15:00,Node1,34,58.94,481,76.08
5/8/2026 15:00,Node2,34,58.94,481,76.08
5/8/2026 15:05,Node1,34,59.2,500,76.54
5/8/2026 15:05,Node2,34,59.2,500,76.54
5/8/2026 15:10,Node1,34,59.66,466,76.22
5/8/2026 15:10,Node2,34,59.66,466,76.22
5/8/2026 15:15,Node1,33.95,59.91,448,76.04
5/8/2026 15:15,Node2,33.95,59.91,448,76.04
5/8/2026 15:20,Node1,34,59.77,487,75.82
5/8/2026 15:20,Node2,34,59.77,487,75.82
5/8/2026 15:25,Node1,33.85,59.29,441,75.96
5/8/2026 15:25,Node2,33.85,59.29,441,75.96
5/8/2026 15:30,Node1,33.67,58.82,489,75.7
5/8/2026 15:30,Node2,33.67,58.82,489,75.7
5/8/2026 15:35,Node1,33.61,58.03,500,76.07
5/8/2026 15:35,Node2,33.61,58.03,500,76.07
5/8/2026 15:40,Node1,33.61,58.47,495,75.76
5/8/2026 15:40,Node2,33.61,58.47,495,75.76
5/8/2026 15:45,Node1,33.7,58.93,500,75.51
5/8/2026 15:45,Node2,33.7,58.93,500,75.51
5/8/2026 15:50,Node1,33.69,58.95,500,75.4
5/8/2026 15:50,Node2,33.69,58.95,500,75.4
5/8/2026 15:55,Node1,33.63,58.26,500,75.49
5/8/2026 15:55,Node2,33.63,58.26,500,75.49
5/8/2026 16:00,Node1,33,62,1200,75.04
5/8/2026 16:00,Node2,33,62,1200,75.04
5/8/2026 16:05,Node1,33,62,1203,75.54
5/8/2026 16:05,Node2,33,62,1203,75.54
5/8/2026 16:10,Node1,32.85,62,1236,75.97
5/8/2026 16:10,Node2,32.85,62,1236,75.97
5/8/2026 16:15,Node1,32.92,62,1251,75.51
5/8/2026 16:15,Node2,32.92,62,1251,75.51
5/8/2026 16:20,Node1,32.92,62,1234,75.23
5/8/2026 16:20,Node2,32.92,62,1234,75.23
5/8/2026 16:25,Node1,32.94,62.79,1219,75.31
5/8/2026 16:25,Node2,32.94,62.79,1219,75.31
5/8/2026 16:30,Node1,33,63.05,1200,75.61
5/8/2026 16:30,Node2,33,63.05,1200,75.61
5/8/2026 16:35,Node1,33,63.41,1200,75.7
5/8/2026 16:35,Node2,33,63.41,1200,75.7
5/8/2026 16:40,Node1,32.86,64.03,1200,76.06
5/8/2026 16:40,Node2,32.86,64.03,1200,76.06
5/8/2026 16:45,Node1,32.67,63.84,1236,75.61
5/8/2026 16:45,Node2,32.67,63.84,1236,75.61
5/8/2026 16:50,Node1,32.66,63.67,1200,75.24
5/8/2026 16:50,Node2,32.66,63.67,1200,75.24
5/8/2026 16:55,Node1,32.8,62.69,1221,74.98
5/8/2026 16:55,Node2,32.8,62.69,1221,74.98
5/8/2026 17:00,Node1,32,62.49,1230,75.36
5/8/2026 17:00,Node2,32,62.49,1230,75.36
5/8/2026 17:05,Node1,31.99,63.02,1261,75.6
5/8/2026 17:05,Node2,31.99,63.02,1261,75.6
5/8/2026 17:10,Node1,31.95,62.28,1291,75.79
5/8/2026 17:10,Node2,31.95,62.28,1291,75.79
5/8/2026 17:15,Node1,31.89,62.5,1299,75.83
5/8/2026 17:15,Node2,31.89,62.5,1299,75.83
5/8/2026 17:20,Node1,31.73,63.25,1267,75.43
5/8/2026 17:20,Node2,31.73,63.25,1267,75.43
5/8/2026 17:25,Node1,31.86,62.69,1281,75.08
5/8/2026 17:25,Node2,31.86,62.69,1281,75.08
5/8/2026 17:30,Node1,31.86,63.36,1323,74.75
5/8/2026 17:30,Node2,31.86,63.36,1323,74.75
5/8/2026 17:35,Node1,31.88,63.06,1335,74.57
5/8/2026 17:35,Node2,31.88,63.06,1335,74.57
5/8/2026 17:40,Node1,31.89,63.44,1384,74.98
5/8/2026 17:40,Node2,31.89,63.44,1384,74.98
5/8/2026 17:45,Node1,31.89,64.07,1400,75.43
5/8/2026 17:45,Node2,31.89,64.07,1400,75.43
5/8/2026 17:50,Node1,31.98,64.54,1406,75.32
5/8/2026 17:50,Node2,31.98,64.54,1406,75.32
5/8/2026 17:55,Node1,31.98,63.82,1444,75.63
5/8/2026 17:55,Node2,31.98,63.82,1444,75.63
5/8/2026 18:00,Node1,31,63.48,1468,75.17
5/8/2026 18:00,Node2,31,63.48,1468,75.17
5/8/2026 18:05,Node1,30.81,63.44,1469,75.31
5/8/2026 18:05,Node2,30.81,63.44,1469,75.31
5/8/2026 18:10,Node1,30.97,62.5,1474,75.79
5/8/2026 18:10,Node2,30.97,62.5,1474,75.79
5/8/2026 18:15,Node1,31,62.39,1481,76.03
5/8/2026 18:15,Node2,31,62.39,1481,76.03
5/8/2026 18:20,Node1,30.87,62.27,1516,76.18
5/8/2026 18:20,Node2,30.87,62.27,1516,76.18
5/8/2026 18:25,Node1,30.81,62.52,1476,76.14
5/8/2026 18:25,Node2,30.81,62.52,1476,76.14
5/8/2026 18:30,Node1,30.67,62,1510,75.94
5/8/2026 18:30,Node2,30.67,62,1510,75.94
5/8/2026 18:35,Node1,30.57,62,1537,76.41
5/8/2026 18:35,Node2,30.57,62,1537,76.41
5/8/2026 18:40,Node1,30.49,62.47,1536,76.54
5/8/2026 18:40,Node2,30.49,62.47,1536,76.54
5/8/2026 18:45,Node1,30.32,62.68,1494,76.64
5/8/2026 18:45,Node2,30.32,62.68,1494,76.64
5/8/2026 18:50,Node1,30.38,63.11,1512,76.49
5/8/2026 18:50,Node2,30.38,63.11,1512,76.49
5/8/2026 18:55,Node1,30.41,62.44,1516,76.72
5/8/2026 18:55,Node2,30.41,62.44,1516,76.72
5/8/2026 19:00,Node1,30,77,20,76.47
5/8/2026 19:00,Node2,30,77,20,76.47
5/8/2026 19:05,Node1,30,77,20,76.1
5/8/2026 19:05,Node2,30,77,20,76.1
5/8/2026 19:10,Node1,30,77,20,76.17
5/8/2026 19:10,Node2,30,77,20,76.17
5/8/2026 19:15,Node1,30,77,16,76.07
5/8/2026 19:15,Node2,30,77,16,76.07
5/8/2026 19:20,Node1,29.8,77.53,20,76.13
5/8/2026 19:20,Node2,29.8,77.53,20,76.13
5/8/2026 19:25,Node1,29.63,77.46,6,75.63
5/8/2026 19:25,Node2,29.63,77.46,6,75.63
5/8/2026 19:30,Node1,29.45,77.68,0,75.89
5/8/2026 19:30,Node2,29.45,77.68,0,75.89
5/8/2026 19:35,Node1,29.6,77.87,14,76.31
5/8/2026 19:35,Node2,29.6,77.87,14,76.31
5/8/2026 19:40,Node1,29.71,78.23,20,76.5
5/8/2026 19:40,Node2,29.71,78.23,20,76.5
5/8/2026 19:45,Node1,29.51,77.42,0,76.77
5/8/2026 19:45,Node2,29.51,77.42,0,76.77
5/8/2026 19:50,Node1,29.39,77.96,0,76.47
5/8/2026 19:50,Node2,29.39,77.96,0,76.47
5/8/2026 19:55,Node1,29.26,77.76,0,76.96
5/8/2026 19:55,Node2,29.26,77.76,0,76.96
5/8/2026 20:00,Node1,29,78.32,0,77.15
5/8/2026 20:00,Node2,29,78.32,0,77.15
5/8/2026 20:05,Node1,29,77.48,0,77.02
5/8/2026 20:05,Node2,29,77.48,0,77.02
5/8/2026 20:10,Node1,29,77.63,4,76.61
5/8/2026 20:10,Node2,29,77.63,4,76.61
5/8/2026 20:15,Node1,28.94,78.11,20,76.31
5/8/2026 20:15,Node2,28.94,78.11,20,76.31
5/8/2026 20:20,Node1,29,77.74,20,76.29
5/8/2026 20:20,Node2,29,77.74,20,76.29
5/8/2026 20:25,Node1,29,77.31,20,76.64
5/8/2026 20:25,Node2,29,77.31,20,76.64
5/8/2026 20:30,Node1,28.9,78.04,20,76.64
5/8/2026 20:30,Node2,28.9,78.04,20,76.64
5/8/2026 20:35,Node1,29,78.47,0,76.89
5/8/2026 20:35,Node2,29,78.47,0,76.89
5/8/2026 20:40,Node1,29,78.64,0,77.14
5/8/2026 20:40,Node2,29,78.64,0,77.14
5/8/2026 20:45,Node1,28.98,79.19,0,76.77
5/8/2026 20:45,Node2,28.98,79.19,0,76.77
5/8/2026 20:50,Node1,28.94,78.29,6,77.03
5/8/2026 20:50,Node2,28.94,78.29,6,77.03
5/8/2026 20:55,Node1,29,77.95,1,76.82
5/8/2026 20:55,Node2,29,77.95,1,76.82
5/8/2026 21:00,Node1,28,78.83,0,76.6
5/8/2026 21:00,Node2,28,78.83,0,76.6
5/8/2026 21:05,Node1,27.84,79.11,0,76.56
5/8/2026 21:05,Node2,27.84,79.11,0,76.56
5/8/2026 21:10,Node1,27.89,79.93,0,77.06
5/8/2026 21:10,Node2,27.89,79.93,0,77.06
5/8/2026 21:15,Node1,27.79,80.41,20,77.21
5/8/2026 21:15,Node2,27.79,80.41,20,77.21
5/8/2026 21:20,Node1,27.69,81.38,20,77.41
5/8/2026 21:20,Node2,27.69,81.38,20,77.41
5/8/2026 21:25,Node1,27.72,82.01,20,77.77
5/8/2026 21:25,Node2,27.72,82.01,20,77.77
5/8/2026 21:30,Node1,27.73,81.44,20,78.06
5/8/2026 21:30,Node2,27.73,81.44,20,78.06
5/8/2026 21:35,Node1,27.75,81.17,20,78.17
5/8/2026 21:35,Node2,27.75,81.17,20,78.17
5/8/2026 21:40,Node1,27.67,81.13,20,78.46
5/8/2026 21:40,Node2,27.67,81.13,20,78.46
5/8/2026 21:45,Node1,27.69,81.91,0,78.68
5/8/2026 21:45,Node2,27.69,81.91,0,78.68
5/8/2026 21:50,Node1,27.82,81.35,0,78.64
5/8/2026 21:50,Node2,27.82,81.35,0,78.64
5/8/2026 21:55,Node1,27.97,80.62,20,78.88
5/8/2026 21:55,Node2,27.97,80.62,20,78.88
5/8/2026 22:00,Node1,27,80.05,20,78.5
5/8/2026 22:00,Node2,27,80.05,20,78.5
5/8/2026 22:05,Node1,26.89,80.67,20,78.99
5/8/2026 22:05,Node2,26.89,80.67,20,78.99
5/8/2026 22:10,Node1,26.71,80.67,0,79.2
5/8/2026 22:10,Node2,26.71,80.67,0,79.2
5/8/2026 22:15,Node1,26.56,80.89,0,79.34
5/8/2026 22:15,Node2,26.56,80.89,0,79.34
5/8/2026 22:20,Node1,26.51,80.17,0,78.87
5/8/2026 22:20,Node2,26.51,80.17,0,78.87
5/8/2026 22:25,Node1,26.67,80.6,0,79.32
5/8/2026 22:25,Node2,26.67,80.6,0,79.32
5/8/2026 22:30,Node1,26.82,80.07,0,79.24
5/8/2026 22:30,Node2,26.82,80.07,0,79.24
5/8/2026 22:35,Node1,26.88,79.26,0,79.6
5/8/2026 22:35,Node2,26.88,79.26,0,79.6
5/8/2026 22:40,Node1,26.86,80.01,20,79.2
5/8/2026 22:40,Node2,26.86,80.01,20,79.2
5/8/2026 22:45,Node1,26.98,79.43,20,78.8
5/8/2026 22:45,Node2,26.98,79.43,20,78.8
5/8/2026 22:50,Node1,27,79.13,1,78.34
5/8/2026 22:50,Node2,27,79.13,1,78.34
5/8/2026 22:55,Node1,27,79.16,20,78.19
5/8/2026 22:55,Node2,27,79.16,20,78.19
5/8/2026 23:00,Node1,26,79.07,0,77.87
5/8/2026 23:00,Node2,26,79.07,0,77.87
5/8/2026 23:05,Node1,25.86,78.56,0,77.96
5/8/2026 23:05,Node2,25.86,78.56,0,77.96
5/8/2026 23:10,Node1,25.86,79.15,0,77.71
5/8/2026 23:10,Node2,25.86,79.15,0,77.71
5/8/2026 23:15,Node1,25.92,80.03,1,77.96
5/8/2026 23:15,Node2,25.92,80.03,1,77.96
5/8/2026 23:20,Node1,26,79.52,0,78.01
5/8/2026 23:20,Node2,26,79.52,0,78.01
5/8/2026 23:25,Node1,26,79.16,1,77.84
5/8/2026 23:25,Node2,26,79.16,1,77.84
5/8/2026 23:30,Node1,26,79.8,20,77.94
5/8/2026 23:30,Node2,26,79.8,20,77.94
5/8/2026 23:35,Node1,26,79.74,20,77.59
5/8/2026 23:35,Node2,26,79.74,20,77.59
5/8/2026 23:40,Node1,25.95,79.06,20,77.42
5/8/2026 23:40,Node2,25.95,79.06,20,77.42
5/8/2026 23:45,Node1,26,78.76,20,76.99
5/8/2026 23:45,Node2,26,78.76,20,76.99
5/8/2026 23:50,Node1,26,78.88,20,76.71
5/8/2026 23:50,Node2,26,78.88,20,76.71
5/8/2026 23:55,Node1,26,79.87,20,76.62
5/8/2026 23:55,Node2,26,79.87,20,76.62
5/9/2026 0:00,Node1,25.5,82,5,76.75
5/9/2026 0:00,Node2,25.5,82,5,76.75
5/9/2026 0:05,Node1,25.34,82,5,77.01
5/9/2026 0:05,Node2,25.34,82,5,77.01
5/9/2026 0:10,Node1,25.28,82,0,76.91
5/9/2026 0:10,Node2,25.28,82,0,76.91
5/9/2026 0:15,Node1,25.13,82,0,76.89
5/9/2026 0:15,Node2,25.13,82,0,76.89
5/9/2026 0:20,Node1,25.1,82,0,76.89
5/9/2026 0:20,Node2,25.1,82,0,76.89
5/9/2026 0:25,Node1,25.05,82.84,0,77.35
5/9/2026 0:25,Node2,25.05,82.84,0,77.35
5/9/2026 0:30,Node1,24.9,82.84,5,77.67
5/9/2026 0:30,Node2,24.9,82.84,5,77.67
5/9/2026 0:35,Node1,25.07,83.32,0,78.06
5/9/2026 0:35,Node2,25.07,83.32,0,78.06
5/9/2026 0:40,Node1,25.21,84.12,5,78.16
5/9/2026 0:40,Node2,25.21,84.12,5,78.16
5/9/2026 0:45,Node1,25.39,83.43,0,77.8
5/9/2026 0:45,Node2,25.39,83.43,0,77.8
5/9/2026 0:50,Node1,25.28,83.37,0,77.79
5/9/2026 0:50,Node2,25.28,83.37,0,77.79
5/9/2026 0:55,Node1,25.44,84.22,0,78.16
5/9/2026 0:55,Node2,25.44,84.22,0,78.16
5/9/2026 1:00,Node1,25.3,85.02,0,78.56
5/9/2026 1:00,Node2,25.3,85.02,0,78.56
5/9/2026 1:05,Node1,25.29,84.41,0,78.49
5/9/2026 1:05,Node2,25.29,84.41,0,78.49
5/9/2026 1:10,Node1,25.3,85.06,0,78.38
5/9/2026 1:10,Node2,25.3,85.06,0,78.38
5/9/2026 1:15,Node1,25.3,84.14,5,78.23
5/9/2026 1:15,Node2,25.3,84.14,5,78.23
5/9/2026 1:20,Node1,25.26,83.53,5,78.3
5/9/2026 1:20,Node2,25.26,83.53,5,78.3
5/9/2026 1:25,Node1,25.09,84.47,0,78.51
5/9/2026 1:25,Node2,25.09,84.47,0,78.51
5/9/2026 1:30,Node1,25.05,84.74,5,78.37
5/9/2026 1:30,Node2,25.05,84.74,5,78.37
5/9/2026 1:35,Node1,24.87,84.4,0,77.92
5/9/2026 1:35,Node2,24.87,84.4,0,77.92
5/9/2026 1:40,Node1,24.85,84.61,0,78.21
5/9/2026 1:40,Node2,24.85,84.61,0,78.21
5/9/2026 1:45,Node1,24.65,83.65,0,78
5/9/2026 1:45,Node2,24.65,83.65,0,78
5/9/2026 1:50,Node1,24.47,82.95,5,77.62
5/9/2026 1:50,Node2,24.47,82.95,5,77.62
5/9/2026 1:55,Node1,24.41,82.6,5,77.94
5/9/2026 1:55,Node2,24.41,82.6,5,77.94
5/9/2026 2:00,Node1,24.54,83.06,0,77.51
5/9/2026 2:00,Node2,24.54,83.06,0,77.51
5/9/2026 2:05,Node1,24.39,84.05,1,77.57
5/9/2026 2:05,Node2,24.39,84.05,1,77.57
5/9/2026 2:10,Node1,24.47,84.18,5,77.88
5/9/2026 2:10,Node2,24.47,84.18,5,77.88
5/9/2026 2:15,Node1,24.32,84.85,0,77.57
5/9/2026 2:15,Node2,24.32,84.85,0,77.57
5/9/2026 2:20,Node1,24.34,84.83,0,77.61
5/9/2026 2:20,Node2,24.34,84.83,0,77.61
5/9/2026 2:25,Node1,24.52,84.65,0,77.4
5/9/2026 2:25,Node2,24.52,84.65,0,77.4
5/9/2026 2:30,Node1,24.59,84.54,4,77.51
5/9/2026 2:30,Node2,24.59,84.54,4,77.51
5/9/2026 2:35,Node1,24.63,85.39,5,77.59
5/9/2026 2:35,Node2,24.63,85.39,5,77.59
5/9/2026 2:40,Node1,24.83,86.01,0,77.58
5/9/2026 2:40,Node2,24.83,86.01,0,77.58
5/9/2026 2:45,Node1,24.83,85.76,0,77.85
5/9/2026 2:45,Node2,24.83,85.76,0,77.85
5/9/2026 2:50,Node1,24.99,86.29,5,77.4
5/9/2026 2:50,Node2,24.99,86.29,5,77.4
5/9/2026 2:55,Node1,24.92,85.59,5,77.61
5/9/2026 2:55,Node2,24.92,85.59,5,77.61
5/9/2026 3:00,Node1,24.89,84.89,0,77.19
5/9/2026 3:00,Node2,24.89,84.89,0,77.19
5/9/2026 3:05,Node1,24.89,85.08,0,77.1
5/9/2026 3:05,Node2,24.89,85.08,0,77.1
5/9/2026 3:10,Node1,24.98,85.48,5,76.9
5/9/2026 3:10,Node2,24.98,85.48,5,76.9
5/9/2026 3:15,Node1,24.95,85.52,5,77.27
5/9/2026 3:15,Node2,24.95,85.52,5,77.27
5/9/2026 3:20,Node1,25,86.16,0,77.52
5/9/2026 3:20,Node2,25,86.16,0,77.52
5/9/2026 3:25,Node1,25,87.16,0,77.04
5/9/2026 3:25,Node2,25,87.16,0,77.04
5/9/2026 3:30,Node1,24.87,86.45,5,76.55
5/9/2026 3:30,Node2,24.87,86.45,5,76.55
5/9/2026 3:35,Node1,24.88,85.54,5,76.56
5/9/2026 3:35,Node2,24.88,85.54,5,76.56
5/9/2026 3:40,Node1,24.89,84.89,5,76.54
5/9/2026 3:40,Node2,24.89,84.89,5,76.54
5/9/2026 3:45,Node1,24.73,85.27,0,76.57
5/9/2026 3:45,Node2,24.73,85.27,0,76.57
5/9/2026 3:50,Node1,24.89,85.62,0,76.36
5/9/2026 3:50,Node2,24.89,85.62,0,76.36
5/9/2026 3:55,Node1,24.84,85.37,0,76.73
5/9/2026 3:55,Node2,24.84,85.37,0,76.73
5/9/2026 4:00,Node1,24.91,85.44,5,77.13
5/9/2026 4:00,Node2,24.91,85.44,5,77.13
5/9/2026 4:05,Node1,24.78,86.3,5,77.04
5/9/2026 4:05,Node2,24.78,86.3,5,77.04
5/9/2026 4:10,Node1,24.59,86.43,5,77.53
5/9/2026 4:10,Node2,24.59,86.43,5,77.53
5/9/2026 4:15,Node1,24.79,86.61,5,77.74
5/9/2026 4:15,Node2,24.79,86.61,5,77.74
5/9/2026 4:20,Node1,24.66,86.04,0,77.5
5/9/2026 4:20,Node2,24.66,86.04,0,77.5
5/9/2026 4:25,Node1,24.74,86.26,0,77.22
5/9/2026 4:25,Node2,24.74,86.26,0,77.22
5/9/2026 4:30,Node1,24.92,85.57,5,77.62
5/9/2026 4:30,Node2,24.92,85.57,5,77.62
5/9/2026 4:35,Node1,24.77,85.18,5,77.92
5/9/2026 4:35,Node2,24.77,85.18,5,77.92
5/9/2026 4:40,Node1,24.83,85.61,4,77.58
5/9/2026 4:40,Node2,24.83,85.61,4,77.58
5/9/2026 4:45,Node1,24.74,86.39,5,77.12
5/9/2026 4:45,Node2,24.74,86.39,5,77.12
5/9/2026 4:50,Node1,24.77,87.15,5,77.12
5/9/2026 4:50,Node2,24.77,87.15,5,77.12
5/9/2026 4:55,Node1,24.84,86.2,5,76.66
5/9/2026 4:55,Node2,24.84,86.2,5,76.66
5/9/2026 5:00,Node1,25,86.29,5,76.4
5/9/2026 5:00,Node2,25,86.29,5,76.4
5/9/2026 5:05,Node1,25.02,87.25,0,76.74
5/9/2026 5:05,Node2,25.02,87.25,0,76.74
5/9/2026 5:10,Node1,25.18,87.16,0,77.03
5/9/2026 5:10,Node2,25.18,87.16,0,77.03
5/9/2026 5:15,Node1,25.24,87.61,0,76.81
5/9/2026 5:15,Node2,25.24,87.61,0,76.81
5/9/2026 5:20,Node1,25.24,86.89,0,76.8
5/9/2026 5:20,Node2,25.24,86.89,0,76.8
5/9/2026 5:25,Node1,25.24,86.59,5,77.28
5/9/2026 5:25,Node2,25.24,86.59,5,77.28
5/9/2026 5:30,Node1,25.19,85.81,5,77.11
5/9/2026 5:30,Node2,25.19,85.81,5,77.11
5/9/2026 5:35,Node1,25.25,85.33,5,77.21
5/9/2026 5:35,Node2,25.25,85.33,5,77.21
5/9/2026 5:40,Node1,25.34,85.49,0,77.52
5/9/2026 5:40,Node2,25.34,85.49,0,77.52
5/9/2026 5:45,Node1,25.38,84.91,5,77.43
5/9/2026 5:45,Node2,25.38,84.91,5,77.43
5/9/2026 5:50,Node1,25.5,85.83,5,77.84
5/9/2026 5:50,Node2,25.5,85.83,5,77.84
5/9/2026 5:55,Node1,25.32,86.12,0,78.32
5/9/2026 5:55,Node2,25.32,86.12,0,78.32
5/9/2026 6:00,Node1,26,78,80,78.01
5/9/2026 6:00,Node2,26,78,80,78.01
5/9/2026 6:05,Node1,26,78,92,78.02
5/9/2026 6:05,Node2,26,78,92,78.02
5/9/2026 6:10,Node1,26.14,77.77,115,78.1
5/9/2026 6:10,Node2,26.14,77.77,115,78.1
5/9/2026 6:15,Node1,26.15,77.67,150,78.6
5/9/2026 6:15,Node2,26.15,77.67,150,78.6
5/9/2026 6:20,Node1,26.3,77.19,150,78.97
5/9/2026 6:20,Node2,26.3,77.19,150,78.97
5/9/2026 6:25,Node1,26.32,77.06,150,79.21
5/9/2026 6:25,Node2,26.32,77.06,150,79.21
5/9/2026 6:30,Node1,26.41,77.1,133,78.78
5/9/2026 6:30,Node2,26.41,77.1,133,78.78
5/9/2026 6:35,Node1,26.21,77.34,116,79.06
5/9/2026 6:35,Node2,26.21,77.34,116,79.06
5/9/2026 6:40,Node1,26.14,78,80,79.38
5/9/2026 6:40,Node2,26.14,78,80,79.38
5/9/2026 6:45,Node1,26.15,77.63,103,79.35
5/9/2026 6:45,Node2,26.15,77.63,103,79.35
5/9/2026 6:50,Node1,26.02,77.23,95,78.98
5/9/2026 6:50,Node2,26.02,77.23,95,78.98
5/9/2026 6:55,Node1,26.05,77.35,80,78.67
5/9/2026 6:55,Node2,26.05,77.35,80,78.67
5/9/2026 7:00,Node1,27,78,80,78.77
5/9/2026 7:00,Node2,27,78,80,78.77
5/9/2026 7:05,Node1,27.19,78,80,79.11
5/9/2026 7:05,Node2,27.19,78,80,79.11
5/9/2026 7:10,Node1,27.07,78,127,78.81
5/9/2026 7:10,Node2,27.07,78,127,78.81
5/9/2026 7:15,Node1,27,77.04,150,79.24
5/9/2026 7:15,Node2,27,77.04,150,79.24
5/9/2026 7:20,Node1,27.07,77.14,150,79.4
5/9/2026 7:20,Node2,27.07,77.14,150,79.4
5/9/2026 7:25,Node1,27,76.67,150,78.97
5/9/2026 7:25,Node2,27,76.67,150,78.97
5/9/2026 7:30,Node1,27,77.48,149,78.98
5/9/2026 7:30,Node2,27,77.48,149,78.98
5/9/2026 7:35,Node1,27,77.93,129,79.28
5/9/2026 7:35,Node2,27,77.93,129,79.28
5/9/2026 7:40,Node1,27,78,150,78.98
5/9/2026 7:40,Node2,27,78,150,78.98
5/9/2026 7:45,Node1,27.18,77.75,110,79.46
5/9/2026 7:45,Node2,27.18,77.75,110,79.46
5/9/2026 7:50,Node1,27.15,77.46,137,79.25
5/9/2026 7:50,Node2,27.15,77.46,137,79.25
5/9/2026 7:55,Node1,27.31,77.42,146,79.05
5/9/2026 7:55,Node2,27.31,77.42,146,79.05
5/9/2026 8:00,Node1,28,77.83,150,78.75
5/9/2026 8:00,Node2,28,77.83,150,78.75
5/9/2026 8:05,Node1,28,78,150,78.84
5/9/2026 8:05,Node2,28,78,150,78.84
5/9/2026 8:10,Node1,28.12,77.54,150,79.14
5/9/2026 8:10,Node2,28.12,77.54,150,79.14
5/9/2026 8:15,Node1,28.18,77.08,150,79.11
5/9/2026 8:15,Node2,28.18,77.08,150,79.11
5/9/2026 8:20,Node1,28.33,77.24,139,79.5
5/9/2026 8:20,Node2,28.33,77.24,139,79.5
5/9/2026 8:25,Node1,28.16,78,122,79.19
5/9/2026 8:25,Node2,28.16,78,122,79.19
5/9/2026 8:30,Node1,28.14,78,120,79.28
5/9/2026 8:30,Node2,28.14,78,120,79.28
5/9/2026 8:35,Node1,28.02,77.37,80,79.61
5/9/2026 8:35,Node2,28.02,77.37,80,79.61
5/9/2026 8:40,Node1,28,77.9,97,79.74
5/9/2026 8:40,Node2,28,77.9,97,79.74
5/9/2026 8:45,Node1,28.06,78,80,79.76
5/9/2026 8:45,Node2,28.06,78,80,79.76
5/9/2026 8:50,Node1,28.09,78,80,79.89
5/9/2026 8:50,Node2,28.09,78,80,79.89
5/9/2026 8:55,Node1,28,77.46,80,79.93
5/9/2026 8:55,Node2,28,77.46,80,79.93
5/9/2026 9:00,Node1,29,77.4,80,79.53
5/9/2026 9:00,Node2,29,77.4,80,79.53
5/9/2026 9:05,Node1,29,77.22,83,79.64
5/9/2026 9:05,Node2,29,77.22,83,79.64
5/9/2026 9:10,Node1,29.01,77.78,80,79.84
5/9/2026 9:10,Node2,29.01,77.78,80,79.84
5/9/2026 9:15,Node1,29.09,77.88,96,80
5/9/2026 9:15,Node2,29.09,77.88,96,80
5/9/2026 9:20,Node1,29.24,77.36,131,80
5/9/2026 9:20,Node2,29.24,77.36,131,80
5/9/2026 9:25,Node1,29.29,78,150,79.71
5/9/2026 9:25,Node2,29.29,78,150,79.71
5/9/2026 9:30,Node1,29.34,77.42,150,79.49
5/9/2026 9:30,Node2,29.34,77.42,150,79.49
5/9/2026 9:35,Node1,29.53,76.82,150,79.31
5/9/2026 9:35,Node2,29.53,76.82,150,79.31
5/9/2026 9:40,Node1,29.45,76.33,136,79.18
5/9/2026 9:40,Node2,29.45,76.33,136,79.18
5/9/2026 9:45,Node1,29.27,76.55,150,78.86
5/9/2026 9:45,Node2,29.27,76.55,150,78.86
5/9/2026 9:50,Node1,29.45,77.22,114,78.9
5/9/2026 9:50,Node2,29.45,77.22,114,78.9
5/9/2026 9:55,Node1,29.61,77.58,133,79.17
5/9/2026 9:55,Node2,29.61,77.58,133,79.17
5/9/2026 10:00,Node1,30,76.85,97,78.98
5/9/2026 10:00,Node2,30,76.85,97,78.98
5/9/2026 10:05,Node1,30,77.85,142,78.58
5/9/2026 10:05,Node2,30,77.85,142,78.58
5/9/2026 10:10,Node1,30.18,77.68,129,78.66
5/9/2026 10:10,Node2,30.18,77.68,129,78.66
5/9/2026 10:15,Node1,30.12,78,150,78.33
5/9/2026 10:15,Node2,30.12,78,150,78.33
5/9/2026 10:20,Node1,30.03,78,116,77.96
5/9/2026 10:20,Node2,30.03,78,116,77.96
5/9/2026 10:25,Node1,30,78,111,77.62
5/9/2026 10:25,Node2,30,78,111,77.62
5/9/2026 10:30,Node1,30.07,77.03,117,78.04
5/9/2026 10:30,Node2,30.07,77.03,117,78.04
5/9/2026 10:35,Node1,30.11,76.32,143,77.62
5/9/2026 10:35,Node2,30.11,76.32,143,77.62
5/9/2026 10:40,Node1,30.29,75.4,124,77.14
5/9/2026 10:40,Node2,30.29,75.4,124,77.14
5/9/2026 10:45,Node1,30.09,74.85,80,76.93
5/9/2026 10:45,Node2,30.09,74.85,80,76.93
5/9/2026 10:50,Node1,30.14,74.07,107,76.62
5/9/2026 10:50,Node2,30.14,74.07,107,76.62
5/9/2026 10:55,Node1,30.24,73.17,150,76.87
5/9/2026 10:55,Node2,30.24,73.17,150,76.87
5/9/2026 11:00,Node1,31,74.08,150,76.75
5/9/2026 11:00,Node2,31,74.08,150,76.75
5/9/2026 11:05,Node1,31.14,75.02,130,76.78
5/9/2026 11:05,Node2,31.14,75.02,130,76.78
5/9/2026 11:10,Node1,31,74.74,136,77.01
5/9/2026 11:10,Node2,31,74.74,136,77.01
5/9/2026 11:15,Node1,31.04,73.89,150,77.27
5/9/2026 11:15,Node2,31.04,73.89,150,77.27
5/9/2026 11:20,Node1,31.23,73.02,114,77.52
5/9/2026 11:20,Node2,31.23,73.02,114,77.52
5/9/2026 11:25,Node1,31.37,73.69,130,77.29
5/9/2026 11:25,Node2,31.37,73.69,130,77.29
5/9/2026 11:30,Node1,31.27,72.92,150,77.64
5/9/2026 11:30,Node2,31.27,72.92,150,77.64
5/9/2026 11:35,Node1,31.15,73.3,150,77.18
5/9/2026 11:35,Node2,31.15,73.3,150,77.18
5/9/2026 11:40,Node1,31.22,72.65,150,77.31
5/9/2026 11:40,Node2,31.22,72.65,150,77.31
5/9/2026 11:45,Node1,31.41,72.32,150,76.92
5/9/2026 11:45,Node2,31.41,72.32,150,76.92
5/9/2026 11:50,Node1,31.3,73.29,150,76.42
5/9/2026 11:50,Node2,31.3,73.29,150,76.42
5/9/2026 11:55,Node1,31.11,73.64,150,76.47
5/9/2026 11:55,Node2,31.11,73.64,150,76.47
5/9/2026 12:00,Node1,32,63,350,76.84
5/9/2026 12:00,Node2,32,63,350,76.84
5/9/2026 12:05,Node1,32.12,62.09,350,76.76
5/9/2026 12:05,Node2,32.12,62.09,350,76.76
5/9/2026 12:10,Node1,32.01,62.29,350,76.33
5/9/2026 12:10,Node2,32.01,62.29,350,76.33
5/9/2026 12:15,Node1,32,61.4,350,76.14
5/9/2026 12:15,Node2,32,61.4,350,76.14
5/9/2026 12:20,Node1,32,61.54,375,76.61
5/9/2026 12:20,Node2,32,61.54,375,76.61
5/9/2026 12:25,Node1,32,61.05,361,76.97
5/9/2026 12:25,Node2,32,61.05,361,76.97
5/9/2026 12:30,Node1,32,60.61,364,77.36
5/9/2026 12:30,Node2,32,60.61,364,77.36
5/9/2026 12:35,Node1,32.1,59.93,377,77.44
5/9/2026 12:35,Node2,32.1,59.93,377,77.44
5/9/2026 12:40,Node1,32.21,59.71,368,76.96
5/9/2026 12:40,Node2,32.21,59.71,368,76.96
5/9/2026 12:45,Node1,32.06,60.39,382,77.22
5/9/2026 12:45,Node2,32.06,60.39,382,77.22
5/9/2026 12:50,Node1,32,60.93,405,77.3
5/9/2026 12:50,Node2,32,60.93,405,77.3
5/9/2026 12:55,Node1,32,60.86,409,77.27
5/9/2026 12:55,Node2,32,60.86,409,77.27
5/9/2026 13:00,Node1,33,60.81,371,76.89
5/9/2026 13:00,Node2,33,60.81,371,76.89
5/9/2026 13:05,Node1,33,60.98,350,77.02
5/9/2026 13:05,Node2,33,60.98,350,77.02
5/9/2026 13:10,Node1,33.15,60.53,368,76.93
5/9/2026 13:10,Node2,33.15,60.53,368,76.93
5/9/2026 13:15,Node1,33.33,61.48,359,77.39
5/9/2026 13:15,Node2,33.33,61.48,359,77.39
5/9/2026 13:20,Node1,33.35,62.2,356,77.16
5/9/2026 13:20,Node2,33.35,62.2,356,77.16
5/9/2026 13:25,Node1,33.54,62.79,360,77.28
5/9/2026 13:25,Node2,33.54,62.79,360,77.28
5/9/2026 13:30,Node1,33.67,63,390,77.14
5/9/2026 13:30,Node2,33.67,63,390,77.14
5/9/2026 13:35,Node1,33.69,62.61,352,76.79
5/9/2026 13:35,Node2,33.69,62.61,352,76.79
5/9/2026 13:40,Node1,33.6,61.72,358,76.63
5/9/2026 13:40,Node2,33.6,61.72,358,76.63
5/9/2026 13:45,Node1,33.78,61.36,350,77.04
5/9/2026 13:45,Node2,33.78,61.36,350,77.04
5/9/2026 13:50,Node1,33.93,61.24,350,77.3
5/9/2026 13:50,Node2,33.93,61.24,350,77.3
5/9/2026 13:55,Node1,34,60.58,350,77.46
5/9/2026 13:55,Node2,34,60.58,350,77.46
5/9/2026 14:00,Node1,34,60.39,392,77.3
5/9/2026 14:00,Node2,34,60.39,392,77.3
5/9/2026 14:05,Node1,34.15,59.83,438,77.06
5/9/2026 14:05,Node2,34.15,59.83,438,77.06
5/9/2026 14:10,Node1,34.34,59.11,457,77.19
5/9/2026 14:10,Node2,34.34,59.11,457,77.19
5/9/2026 14:15,Node1,34.36,58.7,453,77.42
5/9/2026 14:15,Node2,34.36,58.7,453,77.42
5/9/2026 14:20,Node1,34.27,59.48,416,77.74
5/9/2026 14:20,Node2,34.27,59.48,416,77.74
5/9/2026 14:25,Node1,34.11,58.81,394,77.45
5/9/2026 14:25,Node2,34.11,58.81,394,77.45
5/9/2026 14:30,Node1,34.18,59.81,364,77.36
5/9/2026 14:30,Node2,34.18,59.81,364,77.36
5/9/2026 14:35,Node1,34.32,60.65,350,77.72
5/9/2026 14:35,Node2,34.32,60.65,350,77.72
5/9/2026 14:40,Node1,34.17,59.87,353,77.82
5/9/2026 14:40,Node2,34.17,59.87,353,77.82
5/9/2026 14:45,Node1,34.09,60.28,376,77.64
5/9/2026 14:45,Node2,34.09,60.28,376,77.64
5/9/2026 14:50,Node1,34.09,60.61,399,77.48
5/9/2026 14:50,Node2,34.09,60.61,399,77.48
5/9/2026 14:55,Node1,34.17,61.2,427,77.15
5/9/2026 14:55,Node2,34.17,61.2,427,77.15
5/9/2026 15:00,Node1,34,61.83,404,77.29
5/9/2026 15:00,Node2,34,61.83,404,77.29
5/9/2026 15:05,Node1,34,61.18,433,77.36
5/9/2026 15:05,Node2,34,61.18,433,77.36
5/9/2026 15:10,Node1,34,60.19,391,77.25
5/9/2026 15:10,Node2,34,60.19,391,77.25
5/9/2026 15:15,Node1,34,60.92,407,77.33
5/9/2026 15:15,Node2,34,60.92,407,77.33
5/9/2026 15:20,Node1,33.95,60.41,416,77.36
5/9/2026 15:20,Node2,33.95,60.41,416,77.36
5/9/2026 15:25,Node1,33.78,60.8,421,77.76
5/9/2026 15:25,Node2,33.78,60.8,421,77.76
5/9/2026 15:30,Node1,33.68,61.4,401,77.52
5/9/2026 15:30,Node2,33.68,61.4,401,77.52
5/9/2026 15:35,Node1,33.58,62.03,385,77.71
5/9/2026 15:35,Node2,33.58,62.03,385,77.71
5/9/2026 15:40,Node1,33.44,62.45,380,77.83
5/9/2026 15:40,Node2,33.44,62.45,380,77.83
5/9/2026 15:45,Node1,33.5,61.63,413,77.69
5/9/2026 15:45,Node2,33.5,61.63,413,77.69
5/9/2026 15:50,Node1,33.51,60.64,387,77.87
5/9/2026 15:50,Node2,33.51,60.64,387,77.87
5/9/2026 15:55,Node1,33.4,61.53,405,78.19
5/9/2026 15:55,Node2,33.4,61.53,405,78.19
5/9/2026 16:00,Node1,33,62.37,1200,78.07
5/9/2026 16:00,Node2,33,62.37,1200,78.07
5/9/2026 16:05,Node1,32.88,62.28,1246,78.19
5/9/2026 16:05,Node2,32.88,62.28,1246,78.19
5/9/2026 16:10,Node1,32.69,62.73,1285,78.08
5/9/2026 16:10,Node2,32.69,62.73,1285,78.08
5/9/2026 16:15,Node1,32.85,62.1,1283,78.54
5/9/2026 16:15,Node2,32.85,62.1,1283,78.54
5/9/2026 16:20,Node1,32.76,62.92,1259,78.65
5/9/2026 16:20,Node2,32.76,62.92,1259,78.65
5/9/2026 16:25,Node1,32.65,63.27,1242,78.81
5/9/2026 16:25,Node2,32.65,63.27,1242,78.81
5/9/2026 16:30,Node1,32.62,63.22,1271,78.77
5/9/2026 16:30,Node2,32.62,63.22,1271,78.77
5/9/2026 16:35,Node1,32.48,63.37,1248,78.71
5/9/2026 16:35,Node2,32.48,63.37,1248,78.71
5/9/2026 16:40,Node1,32.34,64.06,1237,78.63
5/9/2026 16:40,Node2,32.34,64.06,1237,78.63
5/9/2026 16:45,Node1,32.28,64.41,1203,78.54
5/9/2026 16:45,Node2,32.28,64.41,1203,78.54
5/9/2026 16:50,Node1,32.23,65.36,1236,78.88
5/9/2026 16:50,Node2,32.23,65.36,1236,78.88
5/9/2026 16:55,Node1,32.31,65.25,1248,78.45
5/9/2026 16:55,Node2,32.31,65.25,1248,78.45
5/9/2026 17:00,Node1,32,64.84,1286,78.67
5/9/2026 17:00,Node2,32,64.84,1286,78.67
5/9/2026 17:05,Node1,31.84,65,1240,78.68
5/9/2026 17:05,Node2,31.84,65,1240,78.68
5/9/2026 17:10,Node1,32,64.79,1269,78.81
5/9/2026 17:10,Node2,32,64.79,1269,78.81
5/9/2026 17:15,Node1,32,65.15,1299,78.32
5/9/2026 17:15,Node2,32,65.15,1299,78.32
5/9/2026 17:20,Node1,31.81,65.09,1304,78.42
5/9/2026 17:20,Node2,31.81,65.09,1304,78.42
5/9/2026 17:25,Node1,31.95,64.85,1299,78.33
5/9/2026 17:25,Node2,31.95,64.85,1299,78.33
5/9/2026 17:30,Node1,32,65.44,1341,78.81
5/9/2026 17:30,Node2,32,65.44,1341,78.81
5/9/2026 17:35,Node1,32,65.69,1343,78.42
5/9/2026 17:35,Node2,32,65.69,1343,78.42
5/9/2026 17:40,Node1,31.91,65.27,1338,78.88
5/9/2026 17:40,Node2,31.91,65.27,1338,78.88
5/9/2026 17:45,Node1,31.93,65.18,1291,79.32
5/9/2026 17:45,Node2,31.93,65.18,1291,79.32
5/9/2026 17:50,Node1,31.9,65.83,1337,79.4
5/9/2026 17:50,Node2,31.9,65.83,1337,79.4
5/9/2026 17:55,Node1,31.96,65.41,1303,79.6
5/9/2026 17:55,Node2,31.96,65.41,1303,79.6
5/9/2026 18:00,Node1,31,64.89,1275,79.5
5/9/2026 18:00,Node2,31,64.89,1275,79.5
5/9/2026 18:05,Node1,30.86,65.56,1235,79.42
5/9/2026 18:05,Node2,30.86,65.56,1235,79.42
5/9/2026 18:10,Node1,30.74,64.59,1205,79.78
5/9/2026 18:10,Node2,30.74,64.59,1205,79.78
5/9/2026 18:15,Node1,30.66,63.87,1200,79.57
5/9/2026 18:15,Node2,30.66,63.87,1200,79.57
5/9/2026 18:20,Node1,30.54,63.17,1200,79.43
5/9/2026 18:20,Node2,30.54,63.17,1200,79.43
5/9/2026 18:25,Node1,30.67,62.31,1225,79.15
5/9/2026 18:25,Node2,30.67,62.31,1225,79.15
5/9/2026 18:30,Node1,30.82,62.1,1200,79.24
5/9/2026 18:30,Node2,30.82,62.1,1200,79.24
5/9/2026 18:35,Node1,30.99,62.46,1204,79.69
5/9/2026 18:35,Node2,30.99,62.46,1204,79.69
5/9/2026 18:40,Node1,30.93,62,1200,79.55
5/9/2026 18:40,Node2,30.93,62,1200,79.55
5/9/2026 18:45,Node1,31,62.31,1235,79.6
5/9/2026 18:45,Node2,31,62.31,1235,79.6
5/9/2026 18:50,Node1,31,62.13,1284,79.44
5/9/2026 18:50,Node2,31,62.13,1284,79.44
5/9/2026 18:55,Node1,30.89,62,1295,79.77
5/9/2026 18:55,Node2,30.89,62,1295,79.77
5/9/2026 19:00,Node1,30,77,20,79.51
5/9/2026 19:00,Node2,30,77,20,79.51
5/9/2026 19:05,Node1,29.9,77,20,79.04
5/9/2026 19:05,Node2,29.9,77,20,79.04
5/9/2026 19:10,Node1,29.73,77,20,78.86
5/9/2026 19:10,Node2,29.73,77,20,78.86
5/9/2026 19:15,Node1,29.63,77,0,78.57
5/9/2026 19:15,Node2,29.63,77,0,78.57
5/9/2026 19:20,Node1,29.45,77.51,20,78.73
5/9/2026 19:20,Node2,29.45,77.51,20,78.73
5/9/2026 19:25,Node1,29.34,77,2,79.2
5/9/2026 19:25,Node2,29.34,77,2,79.2
5/9/2026 19:30,Node1,29.53,77.18,0,79.6
5/9/2026 19:30,Node2,29.53,77.18,0,79.6
5/9/2026 19:35,Node1,29.48,77.72,20,79.39
5/9/2026 19:35,Node2,29.48,77.72,20,79.39
5/9/2026 19:40,Node1,29.37,77.69,0,79.47
5/9/2026 19:40,Node2,29.37,77.69,0,79.47
5/9/2026 19:45,Node1,29.39,77,0,78.98
5/9/2026 19:45,Node2,29.39,77,0,78.98
5/9/2026 19:50,Node1,29.49,77,20,78.71
5/9/2026 19:50,Node2,29.49,77,20,78.71
5/9/2026 19:55,Node1,29.36,77,20,78.78
5/9/2026 19:55,Node2,29.36,77,20,78.78
5/9/2026 20:00,Node1,29,77.42,0,79.18
5/9/2026 20:00,Node2,29,77.42,0,79.18
5/9/2026 20:05,Node1,29,77,0,79.01
5/9/2026 20:05,Node2,29,77,0,79.01
5/9/2026 20:10,Node1,28.83,77.61,0,78.86
5/9/2026 20:10,Node2,28.83,77.61,0,78.86
5/9/2026 20:15,Node1,28.69,78.13,0,78.37
5/9/2026 20:15,Node2,28.69,78.13,0,78.37
5/9/2026 20:20,Node1,28.86,78.97,0,78.77
5/9/2026 20:20,Node2,28.86,78.97,0,78.77
5/9/2026 20:25,Node1,28.85,78.01,0,78.97
5/9/2026 20:25,Node2,28.85,78.01,0,78.97
5/9/2026 20:30,Node1,28.81,78.93,20,78.76
5/9/2026 20:30,Node2,28.81,78.93,20,78.76
5/9/2026 20:35,Node1,28.68,79.21,20,78.98
5/9/2026 20:35,Node2,28.68,79.21,20,78.98
5/9/2026 20:40,Node1,28.76,78.91,20,78.62
5/9/2026 20:40,Node2,28.76,78.91,20,78.62
5/9/2026 20:45,Node1,28.61,78.73,20,78.95
5/9/2026 20:45,Node2,28.61,78.73,20,78.95
5/9/2026 20:50,Node1,28.8,78.92,0,78.7
5/9/2026 20:50,Node2,28.8,78.92,0,78.7
5/9/2026 20:55,Node1,28.85,79.42,3,79.18
5/9/2026 20:55,Node2,28.85,79.42,3,79.18
5/9/2026 21:00,Node1,28,79.19,20,79.31
5/9/2026 21:00,Node2,28,79.19,20,79.31
5/9/2026 21:05,Node1,28,79.79,20,79.57
5/9/2026 21:05,Node2,28,79.79,20,79.57
5/9/2026 21:10,Node1,28,80.02,20,79.21
5/9/2026 21:10,Node2,28,80.02,20,79.21
5/9/2026 21:15,Node1,27.94,80.7,20,79.32
5/9/2026 21:15,Node2,27.94,80.7,20,79.32
5/9/2026 21:20,Node1,27.8,80.89,20,79.43
5/9/2026 21:20,Node2,27.8,80.89,20,79.43
5/9/2026 21:25,Node1,27.71,80.65,20,79.06
5/9/2026 21:25,Node2,27.71,80.65,20,79.06
5/9/2026 21:30,Node1,27.61,80.06,20,79.27
5/9/2026 21:30,Node2,27.61,80.06,20,79.27
5/9/2026 21:35,Node1,27.63,79.26,0,79.22
5/9/2026 21:35,Node2,27.63,79.26,0,79.22
5/9/2026 21:40,Node1,27.56,78.64,5,79.19
5/9/2026 21:40,Node2,27.56,78.64,5,79.19
5/9/2026 21:45,Node1,27.74,79.18,0,79.62
5/9/2026 21:45,Node2,27.74,79.18,0,79.62
5/9/2026 21:50,Node1,27.93,79.39,0,79.19
5/9/2026 21:50,Node2,27.93,79.39,0,79.19
5/9/2026 21:55,Node1,27.84,80.27,0,78.81
5/9/2026 21:55,Node2,27.84,80.27,0,78.81
5/9/2026 22:00,Node1,27,80.27,0,78.87
5/9/2026 22:00,Node2,27,80.27,0,78.87
5/9/2026 22:05,Node1,27,80.78,20,79.35
5/9/2026 22:05,Node2,27,80.78,20,79.35
5/9/2026 22:10,Node1,26.89,81.33,20,79.66
5/9/2026 22:10,Node2,26.89,81.33,20,79.66
5/9/2026 22:15,Node1,26.92,80.92,20,80
5/9/2026 22:15,Node2,26.92,80.92,20,80
5/9/2026 22:20,Node1,27,80.54,18,80
5/9/2026 22:20,Node2,27,80.54,18,80
5/9/2026 22:25,Node1,27,80.13,20,79.64
5/9/2026 22:25,Node2,27,80.13,20,79.64
5/9/2026 22:30,Node1,27,79.73,20,80
5/9/2026 22:30,Node2,27,79.73,20,80
5/9/2026 22:35,Node1,26.93,79.3,20,79.53
5/9/2026 22:35,Node2,26.93,79.3,20,79.53
5/9/2026 22:40,Node1,26.95,79.67,20,79.15
5/9/2026 22:40,Node2,26.95,79.67,20,79.15
5/9/2026 22:45,Node1,26.83,79.7,20,78.82
5/9/2026 22:45,Node2,26.83,79.7,20,78.82
5/9/2026 22:50,Node1,26.99,79.83,20,78.43
5/9/2026 22:50,Node2,26.99,79.83,20,78.43
5/9/2026 22:55,Node1,27,79.22,0,78.72
5/9/2026 22:55,Node2,27,79.22,0,78.72
5/9/2026 23:00,Node1,26,78.73,11,78.58
5/9/2026 23:00,Node2,26,78.73,11,78.58
5/9/2026 23:05,Node1,26,78.9,0,78.55
5/9/2026 23:05,Node2,26,78.9,0,78.55
5/9/2026 23:10,Node1,26,78.76,8,78.52
5/9/2026 23:10,Node2,26,78.76,8,78.52
5/9/2026 23:15,Node1,26,78.09,0,78.22
5/9/2026 23:15,Node2,26,78.09,0,78.22
5/9/2026 23:20,Node1,25.94,78.65,0,78.15
5/9/2026 23:20,Node2,25.94,78.65,0,78.15
5/9/2026 23:25,Node1,25.84,78.5,10,78.6
5/9/2026 23:25,Node2,25.84,78.5,10,78.6
5/9/2026 23:30,Node1,25.79,78.13,13,78.25
5/9/2026 23:30,Node2,25.79,78.13,13,78.25
5/9/2026 23:35,Node1,25.85,78.31,0,78.29
5/9/2026 23:35,Node2,25.85,78.31,0,78.29
5/9/2026 23:40,Node1,25.84,79.23,13,78.49
5/9/2026 23:40,Node2,25.84,79.23,13,78.49
5/9/2026 23:45,Node1,25.87,79.59,16,78.18
5/9/2026 23:45,Node2,25.87,79.59,16,78.18
5/9/2026 23:50,Node1,25.92,78.9,0,78.03
5/9/2026 23:50,Node2,25.92,78.9,0,78.03
5/9/2026 23:55,Node1,26,79.16,20,77.78
5/9/2026 23:55,Node2,26,79.16,20,77.78
5/10/2026 0:00,Node1,25.5,82,5,77.63
5/10/2026 0:00,Node2,25.5,82,5,77.63
5/10/2026 0:05,Node1,25.5,82,0,78.01
5/10/2026 0:05,Node2,25.5,82,0,78.01
5/10/2026 0:10,Node1,25.47,82.48,0,78.15
5/10/2026 0:10,Node2,25.47,82.48,0,78.15
5/10/2026 0:15,Node1,25.38,82,0,78.49
5/10/2026 0:15,Node2,25.38,82,0,78.49
5/10/2026 0:20,Node1,25.24,82.74,5,78.08
5/10/2026 0:20,Node2,25.24,82.74,5,78.08
5/10/2026 0:25,Node1,25.38,83.7,5,78.14
5/10/2026 0:25,Node2,25.38,83.7,5,78.14
5/10/2026 0:30,Node1,25.24,83.7,5,78.22
5/10/2026 0:30,Node2,25.24,83.7,5,78.22
5/10/2026 0:35,Node1,25.22,83.23,0,77.81
5/10/2026 0:35,Node2,25.22,83.23,0,77.81
5/10/2026 0:40,Node1,25.07,84.05,5,78.11
5/10/2026 0:40,Node2,25.07,84.05,5,78.11
5/10/2026 0:45,Node1,25.07,84.41,5,77.9
5/10/2026 0:45,Node2,25.07,84.41,5,77.9
5/10/2026 0:50,Node1,25.19,83.68,0,78.13
5/10/2026 0:50,Node2,25.19,83.68,0,78.13
5/10/2026 0:55,Node1,25.04,83.96,5,78.4
5/10/2026 0:55,Node2,25.04,83.96,5,78.4
5/10/2026 1:00,Node1,24.91,84.22,0,78.35
5/10/2026 1:00,Node2,24.91,84.22,0,78.35
5/10/2026 1:05,Node1,24.78,84.11,0,78.37
5/10/2026 1:05,Node2,24.78,84.11,0,78.37
5/10/2026 1:10,Node1,24.84,84.04,5,78.11
5/10/2026 1:10,Node2,24.84,84.04,5,78.11
5/10/2026 1:15,Node1,24.7,84.97,5,78.4
5/10/2026 1:15,Node2,24.7,84.97,5,78.4
5/10/2026 1:20,Node1,24.81,85,0,77.91
5/10/2026 1:20,Node2,24.81,85,0,77.91
5/10/2026 1:25,Node1,24.73,85.69,0,77.93
5/10/2026 1:25,Node2,24.73,85.69,0,77.93
5/10/2026 1:30,Node1,24.7,86.25,0,77.47
5/10/2026 1:30,Node2,24.7,86.25,0,77.47
5/10/2026 1:35,Node1,24.9,85.7,5,77.11
5/10/2026 1:35,Node2,24.9,85.7,5,77.11
5/10/2026 1:40,Node1,24.89,85.43,5,77.16
5/10/2026 1:40,Node2,24.89,85.43,5,77.16
5/10/2026 1:45,Node1,25.09,85.19,4,77.56
5/10/2026 1:45,Node2,25.09,85.19,4,77.56
5/10/2026 1:50,Node1,25.28,85.06,0,77.72
5/10/2026 1:50,Node2,25.28,85.06,0,77.72
5/10/2026 1:55,Node1,25.3,84.31,5,77.49
5/10/2026 1:55,Node2,25.3,84.31,5,77.49
5/10/2026 2:00,Node1,25,83.66,0,77.75
5/10/2026 2:00,Node2,25,83.66,0,77.75
5/10/2026 2:05,Node1,25,82.8,0,77.38
5/10/2026 2:05,Node2,25,82.8,0,77.38
5/10/2026 2:10,Node1,25,83.13,0,77.79
5/10/2026 2:10,Node2,25,83.13,0,77.79
5/10/2026 2:15,Node1,25,83.94,5,78.07
5/10/2026 2:15,Node2,25,83.94,5,78.07
5/10/2026 2:20,Node1,24.96,83.8,5,77.67
5/10/2026 2:20,Node2,24.96,83.8,5,77.67
5/10/2026 2:25,Node1,25,84.12,0,77.36
5/10/2026 2:25,Node2,25,84.12,0,77.36
5/10/2026 2:30,Node1,24.96,83.66,2,77.33
5/10/2026 2:30,Node2,24.96,83.66,2,77.33
5/10/2026 2:35,Node1,24.81,82.89,0,77.57
5/10/2026 2:35,Node2,24.81,82.89,0,77.57
5/10/2026 2:40,Node1,24.99,82.29,0,77.54
5/10/2026 2:40,Node2,24.99,82.29,0,77.54
5/10/2026 2:45,Node1,25,82.42,5,77.06
5/10/2026 2:45,Node2,25,82.42,5,77.06
5/10/2026 2:50,Node1,25,82,1,77.15
5/10/2026 2:50,Node2,25,82,1,77.15
5/10/2026 2:55,Node1,25,82,5,76.81
5/10/2026 2:55,Node2,25,82,5,76.81
5/10/2026 3:00,Node1,25,82.18,0,76.33
5/10/2026 3:00,Node2,25,82.18,0,76.33
5/10/2026 3:05,Node1,25,82.94,0,76.4
5/10/2026 3:05,Node2,25,82.94,0,76.4
5/10/2026 3:10,Node1,25,83.52,5,76.46
5/10/2026 3:10,Node2,25,83.52,5,76.46
5/10/2026 3:15,Node1,25,84.09,0,75.97
5/10/2026 3:15,Node2,25,84.09,0,75.97
5/10/2026 3:20,Node1,25,84.57,5,76.18
5/10/2026 3:20,Node2,25,84.57,5,76.18
5/10/2026 3:25,Node1,24.84,84.18,0,76.41
5/10/2026 3:25,Node2,24.84,84.18,0,76.41
5/10/2026 3:30,Node1,25,84.98,0,76.64
5/10/2026 3:30,Node2,25,84.98,0,76.64
5/10/2026 3:35,Node1,25,85.55,5,76.68
5/10/2026 3:35,Node2,25,85.55,5,76.68
5/10/2026 3:40,Node1,25,85.99,4,76.34
5/10/2026 3:40,Node2,25,85.99,4,76.34
5/10/2026 3:45,Node1,24.89,86.8,0,76.14
5/10/2026 3:45,Node2,24.89,86.8,0,76.14
5/10/2026 3:50,Node1,24.85,85.99,5,75.95
5/10/2026 3:50,Node2,24.85,85.99,5,75.95
5/10/2026 3:55,Node1,24.77,86.27,0,76
5/10/2026 3:55,Node2,24.77,86.27,0,76
5/10/2026 4:00,Node1,24.67,86.25,5,76.47
5/10/2026 4:00,Node2,24.67,86.25,5,76.47
5/10/2026 4:05,Node1,24.58,87.15,5,76.8
5/10/2026 4:05,Node2,24.58,87.15,5,76.8
5/10/2026 4:10,Node1,24.78,87.6,5,76.57
5/10/2026 4:10,Node2,24.78,87.6,5,76.57
5/10/2026 4:15,Node1,24.63,88,5,76.11
5/10/2026 4:15,Node2,24.63,88,5,76.11
5/10/2026 4:20,Node1,24.5,87.4,5,75.63
5/10/2026 4:20,Node2,24.5,87.4,5,75.63
5/10/2026 4:25,Node1,24.69,87.46,1,75.27
5/10/2026 4:25,Node2,24.69,87.46,1,75.27
5/10/2026 4:30,Node1,24.65,87.27,0,75
5/10/2026 4:30,Node2,24.65,87.27,0,75
5/10/2026 4:35,Node1,24.74,87.46,0,74.99
5/10/2026 4:35,Node2,24.74,87.46,0,74.99
5/10/2026 4:40,Node1,24.55,87.95,0,75.16
5/10/2026 4:40,Node2,24.55,87.95,0,75.16
5/10/2026 4:45,Node1,24.66,88,0,75.48
5/10/2026 4:45,Node2,24.66,88,0,75.48
5/10/2026 4:50,Node1,24.56,88,5,75.54
5/10/2026 4:50,Node2,24.56,88,5,75.54
5/10/2026 4:55,Node1,24.52,88,5,75.1
5/10/2026 4:55,Node2,24.52,88,5,75.1
5/10/2026 5:00,Node1,25,87.65,3,74.89
5/10/2026 5:00,Node2,25,87.65,3,74.89
5/10/2026 5:05,Node1,25,87,5,75.16
5/10/2026 5:05,Node2,25,87,5,75.16
5/10/2026 5:10,Node1,25.17,87.3,0,75
5/10/2026 5:10,Node2,25.17,87.3,0,75
5/10/2026 5:15,Node1,25.28,86.84,5,74.69
5/10/2026 5:15,Node2,25.28,86.84,5,74.69
5/10/2026 5:20,Node1,25.41,86.67,5,74.58
5/10/2026 5:20,Node2,25.41,86.67,5,74.58
5/10/2026 5:25,Node1,25.36,87.32,0,74.78
5/10/2026 5:25,Node2,25.36,87.32,0,74.78
5/10/2026 5:30,Node1,25.42,88,5,74.43
5/10/2026 5:30,Node2,25.42,88,5,74.43
5/10/2026 5:35,Node1,25.57,88,5,74.59
5/10/2026 5:35,Node2,25.57,88,5,74.59
5/10/2026 5:40,Node1,25.58,88,3,74.18
5/10/2026 5:40,Node2,25.58,88,3,74.18
5/10/2026 5:45,Node1,25.41,87.18,0,74.43
5/10/2026 5:45,Node2,25.41,87.18,0,74.43
5/10/2026 5:50,Node1,25.47,87.66,0,74.73
5/10/2026 5:50,Node2,25.47,87.66,0,74.73
5/10/2026 5:55,Node1,25.4,88,0,74.98
5/10/2026 5:55,Node2,25.4,88,0,74.98
5/10/2026 6:00,Node1,26,78,80,74.95
5/10/2026 6:00,Node2,26,78,80,74.95
5/10/2026 6:05,Node1,26,77.69,80,75.11
5/10/2026 6:05,Node2,26,77.69,80,75.11
5/10/2026 6:10,Node1,26,77.6,80,74.66
5/10/2026 6:10,Node2,26,77.6,80,74.66
5/10/2026 6:15,Node1,26.1,76.71,80,74.58
5/10/2026 6:15,Node2,26.1,76.71,80,74.58
5/10/2026 6:20,Node1,26,77.21,89,74.67
5/10/2026 6:20,Node2,26,77.21,89,74.67
5/10/2026 6:25,Node1,26.14,76.8,80,74.25
5/10/2026 6:25,Node2,26.14,76.8,80,74.25
5/10/2026 6:30,Node1,26.13,76.87,80,74.03
5/10/2026 6:30,Node2,26.13,76.87,80,74.03
5/10/2026 6:35,Node1,26,76.95,95,74.38
5/10/2026 6:35,Node2,26,76.95,95,74.38
5/10/2026 6:40,Node1,26,77.47,83,74.87
5/10/2026 6:40,Node2,26,77.47,83,74.87
5/10/2026 6:45,Node1,26,76.84,96,74.47
5/10/2026 6:45,Node2,26,76.84,96,74.47
5/10/2026 6:50,Node1,26.01,76.49,80,74.19
5/10/2026 6:50,Node2,26.01,76.49,80,74.19
5/10/2026 6:55,Node1,26.06,76.29,80,74.64
5/10/2026 6:55,Node2,26.06,76.29,80,74.64
5/10/2026 7:00,Node1,27,76.69,124,74.45
5/10/2026 7:00,Node2,27,76.69,124,74.45
5/10/2026 7:05,Node1,27,76.41,86,74.76
5/10/2026 7:05,Node2,27,76.41,86,74.76
5/10/2026 7:10,Node1,27.11,76.18,112,74.47
5/10/2026 7:10,Node2,27.11,76.18,112,74.47
5/10/2026 7:15,Node1,27.02,75.99,131,74.27
5/10/2026 7:15,Node2,27.02,75.99,131,74.27
5/10/2026 7:20,Node1,27.18,75.19,99,74.29
5/10/2026 7:20,Node2,27.18,75.19,99,74.29
5/10/2026 7:25,Node1,27.13,76.11,90,73.85
5/10/2026 7:25,Node2,27.13,76.11,90,73.85
5/10/2026 7:30,Node1,27.12,75.33,90,74.17
5/10/2026 7:30,Node2,27.12,75.33,90,74.17
5/10/2026 7:35,Node1,27.24,74.65,91,74.34
5/10/2026 7:35,Node2,27.24,74.65,91,74.34
5/10/2026 7:40,Node1,27.38,73.86,80,74.67
5/10/2026 7:40,Node2,27.38,73.86,80,74.67
5/10/2026 7:45,Node1,27.39,73.65,123,74.83
5/10/2026 7:45,Node2,27.39,73.65,123,74.83
5/10/2026 7:50,Node1,27.47,73.54,116,74.58
5/10/2026 7:50,Node2,27.47,73.54,116,74.58
5/10/2026 7:55,Node1,27.45,74.42,150,74.27
5/10/2026 7:55,Node2,27.45,74.42,150,74.27
5/10/2026 8:00,Node1,28,74.14,126,74.28
5/10/2026 8:00,Node2,28,74.14,126,74.28
5/10/2026 8:05,Node1,28.01,74.24,107,74.47
5/10/2026 8:05,Node2,28.01,74.24,107,74.47
5/10/2026 8:10,Node1,28.13,73.75,114,74.18
5/10/2026 8:10,Node2,28.13,73.75,114,74.18
5/10/2026 8:15,Node1,28.05,73.48,130,73.73
5/10/2026 8:15,Node2,28.05,73.48,130,73.73
5/10/2026 8:20,Node1,28.17,72.72,119,73.43
5/10/2026 8:20,Node2,28.17,72.72,119,73.43
5/10/2026 8:25,Node1,28.31,73.2,93,73.5
5/10/2026 8:25,Node2,28.31,73.2,93,73.5
5/10/2026 8:30,Node1,28.16,72.99,80,73.89
5/10/2026 8:30,Node2,28.16,72.99,80,73.89
5/10/2026 8:35,Node1,28.08,73.47,102,74.05
5/10/2026 8:35,Node2,28.08,73.47,102,74.05
5/10/2026 8:40,Node1,28,72.96,128,73.8
5/10/2026 8:40,Node2,28,72.96,128,73.8
5/10/2026 8:45,Node1,28,72.37,137,74.18
5/10/2026 8:45,Node2,28,72.37,137,74.18
5/10/2026 8:50,Node1,28.01,72,150,73.72
5/10/2026 8:50,Node2,28.01,72,150,73.72
5/10/2026 8:55,Node1,28,72,101,73.48
5/10/2026 8:55,Node2,28,72,101,73.48
5/10/2026 9:00,Node1,29,72,90,73.74
5/10/2026 9:00,Node2,29,72,90,73.74
5/10/2026 9:05,Node1,29,72,94,73.26
5/10/2026 9:05,Node2,29,72,94,73.26
5/10/2026 9:10,Node1,29,72.01,99,73.12
5/10/2026 9:10,Node2,29,72.01,99,73.12
5/10/2026 9:15,Node1,29.06,72.88,94,72.85
5/10/2026 9:15,Node2,29.06,72.88,94,72.85
5/10/2026 9:20,Node1,29.13,72.93,106,72.65
5/10/2026 9:20,Node2,29.13,72.93,106,72.65
5/10/2026 9:25,Node1,29.1,72.88,93,73.14
5/10/2026 9:25,Node2,29.1,72.88,93,73.14
5/10/2026 9:30,Node1,29.04,72.11,80,72.85
5/10/2026 9:30,Node2,29.04,72.11,80,72.85
5/10/2026 9:35,Node1,29.11,73.08,128,72.55
5/10/2026 9:35,Node2,29.11,73.08,128,72.55
5/10/2026 9:40,Node1,29.28,72.26,150,72.13
5/10/2026 9:40,Node2,29.28,72.26,150,72.13
5/10/2026 9:45,Node1,29.48,73.04,150,72.52
5/10/2026 9:45,Node2,29.48,73.04,150,72.52
5/10/2026 9:50,Node1,29.39,73.87,150,72.99
5/10/2026 9:50,Node2,29.39,73.87,150,72.99
5/10/2026 9:55,Node1,29.43,73.57,102,73.21
5/10/2026 9:55,Node2,29.43,73.57,102,73.21
5/10/2026 10:00,Node1,30,74.53,80,73.48
5/10/2026 10:00,Node2,30,74.53,80,73.48
5/10/2026 10:05,Node1,30,73.56,80,73.02
5/10/2026 10:05,Node2,30,73.56,80,73.02
5/10/2026 10:10,Node1,30.19,73.51,80,72.73
5/10/2026 10:10,Node2,30.19,73.51,80,72.73
5/10/2026 10:15,Node1,30.07,73.25,115,72.88
5/10/2026 10:15,Node2,30.07,73.25,115,72.88
5/10/2026 10:20,Node1,30,73.65,89,72.78
5/10/2026 10:20,Node2,30,73.65,89,72.78
5/10/2026 10:25,Node1,30.05,73.11,92,72.99
5/10/2026 10:25,Node2,30.05,73.11,92,72.99
5/10/2026 10:30,Node1,30,72.48,141,72.57
5/10/2026 10:30,Node2,30,72.48,141,72.57
5/10/2026 10:35,Node1,30.13,72.58,150,72.33
5/10/2026 10:35,Node2,30.13,72.58,150,72.33
5/10/2026 10:40,Node1,30.09,72,136,72.44
5/10/2026 10:40,Node2,30.09,72,136,72.44
5/10/2026 10:45,Node1,30,72.4,150,72.32
5/10/2026 10:45,Node2,30,72.4,150,72.32
5/10/2026 10:50,Node1,30.14,72.33,109,72.47
5/10/2026 10:50,Node2,30.14,72.33,109,72.47
5/10/2026 10:55,Node1,30.12,73,150,72.43
5/10/2026 10:55,Node2,30.12,73,150,72.43
5/10/2026 11:00,Node1,31,72.54,137,72.16
5/10/2026 11:00,Node2,31,72.54,137,72.16
5/10/2026 11:05,Node1,31.02,73.37,124,72.25
5/10/2026 11:05,Node2,31.02,73.37,124,72.25
5/10/2026 11:10,Node1,31.19,74.13,150,72.64
5/10/2026 11:10,Node2,31.19,74.13,150,72.64
5/10/2026 11:15,Node1,31.22,73.91,140,72.54
5/10/2026 11:15,Node2,31.22,73.91,140,72.54
5/10/2026 11:20,Node1,31.14,73.51,110,72.79
5/10/2026 11:20,Node2,31.14,73.51,110,72.79
5/10/2026 11:25,Node1,31.09,74.32,117,72.68
5/10/2026 11:25,Node2,31.09,74.32,117,72.68
5/10/2026 11:30,Node1,31,75.22,150,72.69
5/10/2026 11:30,Node2,31,75.22,150,72.69
5/10/2026 11:35,Node1,31,75.93,100,73.08
5/10/2026 11:35,Node2,31,75.93,100,73.08
5/10/2026 11:40,Node1,31,75.63,99,73.56
5/10/2026 11:40,Node2,31,75.63,99,73.56
5/10/2026 11:45,Node1,31,74.97,139,73.71
5/10/2026 11:45,Node2,31,74.97,139,73.71
5/10/2026 11:50,Node1,31.1,75.59,140,74.03
5/10/2026 11:50,Node2,31.1,75.59,140,74.03
5/10/2026 11:55,Node1,31.07,75.52,117,74.07
5/10/2026 11:55,Node2,31.07,75.52,117,74.07
5/10/2026 12:00,Node1,32,63,350,73.7
5/10/2026 12:00,Node2,32,63,350,73.7
5/10/2026 12:05,Node1,32.11,62.37,350,74.12
5/10/2026 12:05,Node2,32.11,62.37,350,74.12
5/10/2026 12:10,Node1,32,63,350,73.84
5/10/2026 12:10,Node2,32,63,350,73.84
5/10/2026 12:15,Node1,32.19,62.1,350,73.36
5/10/2026 12:15,Node2,32.19,62.1,350,73.36
5/10/2026 12:20,Node1,32,62.63,350,72.98
5/10/2026 12:20,Node2,32,62.63,350,72.98
5/10/2026 12:25,Node1,32,61.8,374,72.95
5/10/2026 12:25,Node2,32,61.8,374,72.95
5/10/2026 12:30,Node1,32.11,62.8,355,72.77
5/10/2026 12:30,Node2,32.11,62.8,355,72.77
5/10/2026 12:35,Node1,32.1,62,393,72.69
5/10/2026 12:35,Node2,32.1,62,393,72.69
5/10/2026 12:40,Node1,32.29,61.2,391,72.38
5/10/2026 12:40,Node2,32.29,61.2,391,72.38
5/10/2026 12:45,Node1,32.36,61.13,358,72.17
5/10/2026 12:45,Node2,32.36,61.13,358,72.17
5/10/2026 12:50,Node1,32.33,61.11,350,72.13
5/10/2026 12:50,Node2,32.33,61.11,350,72.13
5/10/2026 12:55,Node1,32.13,61.55,377,72.18
5/10/2026 12:55,Node2,32.13,61.55,377,72.18
5/10/2026 13:00,Node1,33,61.59,351,71.95
5/10/2026 13:00,Node2,33,61.59,351,71.95
5/10/2026 13:05,Node1,33.11,61.82,379,72.39
5/10/2026 13:05,Node2,33.11,61.82,379,72.39
5/10/2026 13:10,Node1,33,61.02,396,72.41
5/10/2026 13:10,Node2,33,61.02,396,72.41
5/10/2026 13:15,Node1,33.19,60.17,415,72.06
5/10/2026 13:15,Node2,33.19,60.17,415,72.06
5/10/2026 13:20,Node1,33.19,61.04,397,72.28
5/10/2026 13:20,Node2,33.19,61.04,397,72.28
5/10/2026 13:25,Node1,33.25,61.55,394,72.39
5/10/2026 13:25,Node2,33.25,61.55,394,72.39
5/10/2026 13:30,Node1,33.18,60.84,350,72.1
5/10/2026 13:30,Node2,33.18,60.84,350,72.1
5/10/2026 13:35,Node1,33.08,61.08,396,71.87
5/10/2026 13:35,Node2,33.08,61.08,396,71.87
5/10/2026 13:40,Node1,33.16,60.15,392,72.34
5/10/2026 13:40,Node2,33.16,60.15,392,72.34
5/10/2026 13:45,Node1,33,60.32,393,72.35
5/10/2026 13:45,Node2,33,60.32,393,72.35
5/10/2026 13:50,Node1,33.09,61.07,409,71.93
5/10/2026 13:50,Node2,33.09,61.07,409,71.93
5/10/2026 13:55,Node1,33.18,61.54,396,72.31
5/10/2026 13:55,Node2,33.18,61.54,396,72.31
5/10/2026 14:00,Node1,34,62.3,433,72.57
5/10/2026 14:00,Node2,34,62.3,433,72.57
5/10/2026 14:05,Node1,34,62.59,383,72.52
5/10/2026 14:05,Node2,34,62.59,383,72.52
5/10/2026 14:10,Node1,34,62.62,350,72.35
5/10/2026 14:10,Node2,34,62.62,350,72.35
5/10/2026 14:15,Node1,34,62.25,350,72.79
5/10/2026 14:15,Node2,34,62.25,350,72.79
5/10/2026 14:20,Node1,34.14,61.99,357,72.85
5/10/2026 14:20,Node2,34.14,61.99,357,72.85
5/10/2026 14:25,Node1,34.09,61.78,404,72.9
5/10/2026 14:25,Node2,34.09,61.78,404,72.9
5/10/2026 14:30,Node1,34,61.27,379,73.37
5/10/2026 14:30,Node2,34,61.27,379,73.37
5/10/2026 14:35,Node1,34,60.46,422,73.05
5/10/2026 14:35,Node2,34,60.46,422,73.05
5/10/2026 14:40,Node1,34.1,60.83,381,72.81
5/10/2026 14:40,Node2,34.1,60.83,381,72.81
5/10/2026 14:45,Node1,34.17,61.49,368,73.19
5/10/2026 14:45,Node2,34.17,61.49,368,73.19
5/10/2026 14:50,Node1,34.26,60.96,405,73.6
5/10/2026 14:50,Node2,34.26,60.96,405,73.6
5/10/2026 14:55,Node1,34.16,60.38,434,73.41
5/10/2026 14:55,Node2,34.16,60.38,434,73.41
5/10/2026 15:00,Node1,34,60.63,446,73.59
5/10/2026 15:00,Node2,34,60.63,446,73.59
5/10/2026 15:05,Node1,34,60.43,451,73.46
5/10/2026 15:05,Node2,34,60.43,451,73.46
5/10/2026 15:10,Node1,34,61.32,459,73.5
5/10/2026 15:10,Node2,34,61.32,459,73.5
5/10/2026 15:15,Node1,33.92,61.77,449,73.78
5/10/2026 15:15,Node2,33.92,61.77,449,73.78
5/10/2026 15:20,Node1,33.74,62.07,477,74.25
5/10/2026 15:20,Node2,33.74,62.07,477,74.25
5/10/2026 15:25,Node1,33.93,62.62,499,73.97
5/10/2026 15:25,Node2,33.93,62.62,499,73.97
5/10/2026 15:30,Node1,33.75,62.42,500,73.77
5/10/2026 15:30,Node2,33.75,62.42,500,73.77
5/10/2026 15:35,Node1,33.75,62.76,452,74.1
5/10/2026 15:35,Node2,33.75,62.76,452,74.1
5/10/2026 15:40,Node1,33.9,62.6,450,74.56
5/10/2026 15:40,Node2,33.9,62.6,450,74.56
5/10/2026 15:45,Node1,33.99,61.68,443,74.87
5/10/2026 15:45,Node2,33.99,61.68,443,74.87
5/10/2026 15:50,Node1,34,61.85,451,74.49
5/10/2026 15:50,Node2,34,61.85,451,74.49
5/10/2026 15:55,Node1,34,61.6,484,74.58
5/10/2026 15:55,Node2,34,61.6,484,74.58
5/10/2026 16:00,Node1,33,62,1200,74.94
5/10/2026 16:00,Node2,33,62,1200,74.94
5/10/2026 16:05,Node1,33,62,1200,74.98
5/10/2026 16:05,Node2,33,62,1200,74.98
5/10/2026 16:10,Node1,33,62,1247,75.26
5/10/2026 16:10,Node2,33,62,1247,75.26
5/10/2026 16:15,Node1,33,62,1271,75.11
5/10/2026 16:15,Node2,33,62,1271,75.11
5/10/2026 16:20,Node1,32.88,62,1317,75.43
5/10/2026 16:20,Node2,32.88,62,1317,75.43
5/10/2026 16:25,Node1,32.74,62.42,1365,75.54
5/10/2026 16:25,Node2,32.74,62.42,1365,75.54
5/10/2026 16:30,Node1,32.8,62.41,1386,75.36
5/10/2026 16:30,Node2,32.8,62.41,1386,75.36
5/10/2026 16:35,Node1,32.75,62.26,1429,75.03
5/10/2026 16:35,Node2,32.75,62.26,1429,75.03
5/10/2026 16:40,Node1,32.94,62.93,1419,75.11
5/10/2026 16:40,Node2,32.94,62.93,1419,75.11
5/10/2026 16:45,Node1,32.94,63.6,1430,75.11
5/10/2026 16:45,Node2,32.94,63.6,1430,75.11
5/10/2026 16:50,Node1,33,63.77,1431,75.17
5/10/2026 16:50,Node2,33,63.77,1431,75.17
5/10/2026 16:55,Node1,33,64.2,1416,75.57
5/10/2026 16:55,Node2,33,64.2,1416,75.57
5/10/2026 17:00,Node1,32,63.44,1453,75.57
5/10/2026 17:00,Node2,32,63.44,1453,75.57
5/10/2026 17:05,Node1,31.86,63.87,1476,75.41
5/10/2026 17:05,Node2,31.86,63.87,1476,75.41
5/10/2026 17:10,Node1,32,64.54,1518,75.08
5/10/2026 17:10,Node2,32,64.54,1518,75.08
5/10/2026 17:15,Node1,32,64.25,1502,75.16
5/10/2026 17:15,Node2,32,64.25,1502,75.16
5/10/2026 17:20,Node1,31.98,65.17,1518,74.71
5/10/2026 17:20,Node2,31.98,65.17,1518,74.71
5/10/2026 17:25,Node1,32,65.48,1482,74.63
5/10/2026 17:25,Node2,32,65.48,1482,74.63
5/10/2026 17:30,Node1,31.96,64.85,1457,74.27
5/10/2026 17:30,Node2,31.96,64.85,1457,74.27
5/10/2026 17:35,Node1,31.78,65.41,1463,74.7
5/10/2026 17:35,Node2,31.78,65.41,1463,74.7
5/10/2026 17:40,Node1,31.6,66.34,1507,74.99
5/10/2026 17:40,Node2,31.6,66.34,1507,74.99
5/10/2026 17:45,Node1,31.71,66.84,1512,74.76
5/10/2026 17:45,Node2,31.71,66.84,1512,74.76
5/10/2026 17:50,Node1,31.64,66.01,1538,74.97
5/10/2026 17:50,Node2,31.64,66.01,1538,74.97
5/10/2026 17:55,Node1,31.44,66.79,1530,74.82
5/10/2026 17:55,Node2,31.44,66.79,1530,74.82
5/10/2026 18:00,Node1,31,67.21,1558,74.45
5/10/2026 18:00,Node2,31,67.21,1558,74.45
5/10/2026 18:05,Node1,31,66.52,1593,74.73
5/10/2026 18:05,Node2,31,66.52,1593,74.73
5/10/2026 18:10,Node1,31,66.59,1612,74.45
5/10/2026 18:10,Node2,31,66.59,1612,74.45
5/10/2026 18:15,Node1,30.9,66.96,1651,74.61
5/10/2026 18:15,Node2,30.9,66.96,1651,74.61
5/10/2026 18:20,Node1,31,67.55,1634,74.17
5/10/2026 18:20,Node2,31,67.55,1634,74.17
5/10/2026 18:25,Node1,30.82,67.82,1677,74.15
5/10/2026 18:25,Node2,30.82,67.82,1677,74.15
5/10/2026 18:30,Node1,30.99,67.03,1714,74.05
5/10/2026 18:30,Node2,30.99,67.03,1714,74.05
5/10/2026 18:35,Node1,31,66.95,1675,74.26
5/10/2026 18:35,Node2,31,66.95,1675,74.26
5/10/2026 18:40,Node1,31,66.24,1691,74.29
5/10/2026 18:40,Node2,31,66.24,1691,74.29
5/10/2026 18:45,Node1,30.94,66.81,1682,74.67
5/10/2026 18:45,Node2,30.94,66.81,1682,74.67
5/10/2026 18:50,Node1,30.87,66.96,1709,74.32
5/10/2026 18:50,Node2,30.87,66.96,1709,74.32
5/10/2026 18:55,Node1,31,66.32,1708,74.64
5/10/2026 18:55,Node2,31,66.32,1708,74.64
5/10/2026 19:00,Node1,30,77,20,74.18
5/10/2026 19:00,Node2,30,77,20,74.18
5/10/2026 19:05,Node1,30,77.76,20,74.29
5/10/2026 19:05,Node2,30,77.76,20,74.29
5/10/2026 19:10,Node1,30,77.85,0,74.42
5/10/2026 19:10,Node2,30,77.85,0,74.42
5/10/2026 19:15,Node1,29.97,77.43,20,74.51
5/10/2026 19:15,Node2,29.97,77.43,20,74.51
5/10/2026 19:20,Node1,29.78,77.07,20,74.26
5/10/2026 19:20,Node2,29.78,77.07,20,74.26
5/10/2026 19:25,Node1,29.66,77.66,0,74.52
5/10/2026 19:25,Node2,29.66,77.66,0,74.52
5/10/2026 19:30,Node1,29.74,77,3,74.17
5/10/2026 19:30,Node2,29.74,77,3,74.17
5/10/2026 19:35,Node1,29.73,77,9,74.41
5/10/2026 19:35,Node2,29.73,77,9,74.41
5/10/2026 19:40,Node1,29.55,77,0,73.94
5/10/2026 19:40,Node2,29.55,77,0,73.94
5/10/2026 19:45,Node1,29.51,77.47,20,73.71
5/10/2026 19:45,Node2,29.51,77.47,20,73.71
5/10/2026 19:50,Node1,29.54,77.35,20,73.33
5/10/2026 19:50,Node2,29.54,77.35,20,73.33
5/10/2026 19:55,Node1,29.6,77,5,73.2
5/10/2026 19:55,Node2,29.6,77,5,73.2
5/10/2026 20:00,Node1,29,77.1,0,72.93
5/10/2026 20:00,Node2,29,77.1,0,72.93
5/10/2026 20:05,Node1,29,77.88,0,73.28
5/10/2026 20:05,Node2,29,77.88,0,73.28
5/10/2026 20:10,Node1,29,77.84,6,73.01
5/10/2026 20:10,Node2,29,77.84,6,73.01
5/10/2026 20:15,Node1,28.9,78.11,11,73.18
5/10/2026 20:15,Node2,28.9,78.11,11,73.18
5/10/2026 20:20,Node1,29,77.19,20,72.69
5/10/2026 20:20,Node2,29,77.19,20,72.69
5/10/2026 20:25,Node1,29,77.07,0,72.5
5/10/2026 20:25,Node2,29,77.07,0,72.5
5/10/2026 20:30,Node1,29,77.77,3,72.41
5/10/2026 20:30,Node2,29,77.77,3,72.41
5/10/2026 20:35,Node1,29,78.73,20,72.28
5/10/2026 20:35,Node2,29,78.73,20,72.28
5/10/2026 20:40,Node1,29,77.86,20,72.47
5/10/2026 20:40,Node2,29,77.86,20,72.47
5/10/2026 20:45,Node1,28.92,77,20,72.7
5/10/2026 20:45,Node2,28.92,77,20,72.7
5/10/2026 20:50,Node1,29,77,11,72.94
5/10/2026 20:50,Node2,29,77,11,72.94
5/10/2026 20:55,Node1,29,77.83,0,73.32
5/10/2026 20:55,Node2,29,77.83,0,73.32
5/10/2026 21:00,Node1,28,77.54,10,73.15
5/10/2026 21:00,Node2,28,77.54,10,73.15
5/10/2026 21:05,Node1,27.89,77.08,0,73.26
5/10/2026 21:05,Node2,27.89,77.08,0,73.26
5/10/2026 21:10,Node1,27.72,77.4,20,73.32
5/10/2026 21:10,Node2,27.72,77.4,20,73.32
5/10/2026 21:15,Node1,27.61,77.3,20,72.98
5/10/2026 21:15,Node2,27.61,77.3,20,72.98
5/10/2026 21:20,Node1,27.74,77,20,73.23
5/10/2026 21:20,Node2,27.74,77,20,73.23
5/10/2026 21:25,Node1,27.64,77.88,20,73.06
5/10/2026 21:25,Node2,27.64,77.88,20,73.06
5/10/2026 21:30,Node1,27.62,78.13,0,72.6
5/10/2026 21:30,Node2,27.62,78.13,0,72.6
5/10/2026 21:35,Node1,27.43,77.67,20,72.33
5/10/2026 21:35,Node2,27.43,77.67,20,72.33
5/10/2026 21:40,Node1,27.58,77.81,20,72.79
5/10/2026 21:40,Node2,27.58,77.81,20,72.79
5/10/2026 21:45,Node1,27.49,77,20,72.9
5/10/2026 21:45,Node2,27.49,77,20,72.9
5/10/2026 21:50,Node1,27.56,77.24,0,72.44
5/10/2026 21:50,Node2,27.56,77.24,0,72.44
5/10/2026 21:55,Node1,27.46,77,4,72.56
5/10/2026 21:55,Node2,27.46,77,4,72.56
5/10/2026 22:00,Node1,27,77,20,72.2
5/10/2026 22:00,Node2,27,77,20,72.2
5/10/2026 22:05,Node1,26.88,77,0,71.7
5/10/2026 22:05,Node2,26.88,77,0,71.7
5/10/2026 22:10,Node1,27,77.24,20,71.28
5/10/2026 22:10,Node2,27,77.24,20,71.28
5/10/2026 22:15,Node1,27,78.22,20,71.33
5/10/2026 22:15,Node2,27,78.22,20,71.33
5/10/2026 22:20,Node1,26.93,77.99,20,70.92
5/10/2026 22:20,Node2,26.93,77.99,20,70.92
5/10/2026 22:25,Node1,26.92,77.47,16,71.15
5/10/2026 22:25,Node2,26.92,77.47,16,71.15
5/10/2026 22:30,Node1,26.87,77,0,70.84
5/10/2026 22:30,Node2,26.87,77,0,70.84
5/10/2026 22:35,Node1,26.99,77.29,0,71.07
5/10/2026 22:35,Node2,26.99,77.29,0,71.07
5/10/2026 22:40,Node1,26.9,78,20,70.6
5/10/2026 22:40,Node2,26.9,78,20,70.6
5/10/2026 22:45,Node1,26.83,78.08,20,70.98
5/10/2026 22:45,Node2,26.83,78.08,20,70.98
5/10/2026 22:50,Node1,26.96,77.57,0,70.84
5/10/2026 22:50,Node2,26.96,77.57,0,70.84
5/10/2026 22:55,Node1,26.86,77,0,70.97
5/10/2026 22:55,Node2,26.86,77,0,70.97
5/10/2026 23:00,Node1,26,77,20,71.28
5/10/2026 23:00,Node2,26,77,20,71.28
5/10/2026 23:05,Node1,26,77,3,71.22
5/10/2026 23:05,Node2,26,77,3,71.22
5/10/2026 23:10,Node1,25.82,77,20,70.97
5/10/2026 23:10,Node2,25.82,77,20,70.97
5/10/2026 23:15,Node1,25.79,77,0,71.18
5/10/2026 23:15,Node2,25.79,77,0,71.18
5/10/2026 23:20,Node1,25.74,77.5,20,71.3
5/10/2026 23:20,Node2,25.74,77.5,20,71.3
5/10/2026 23:25,Node1,25.85,77,10,71.72
5/10/2026 23:25,Node2,25.85,77,10,71.72
5/10/2026 23:30,Node1,25.69,77,0,71.81
5/10/2026 23:30,Node2,25.69,77,0,71.81
5/10/2026 23:35,Node1,25.59,77,20,71.32
5/10/2026 23:35,Node2,25.59,77,20,71.32
5/10/2026 23:40,Node1,25.46,77.91,15,71.64
5/10/2026 23:40,Node2,25.46,77.91,15,71.64
5/10/2026 23:45,Node1,25.63,77.58,0,71.94
5/10/2026 23:45,Node2,25.63,77.58,0,71.94
5/10/2026 23:50,Node1,25.68,77.51,0,71.96
5/10/2026 23:50,Node2,25.68,77.51,0,71.96
5/10/2026 23:55,Node1,25.62,78.42,20,71.89
5/10/2026 23:55,Node2,25.62,78.42,20,71.89
5/11/2026 0:00,Node1,25.5,82,5,71.82
5/11/2026 0:00,Node2,25.5,82,5,71.82
5/11/2026 0:05,Node1,25.5,82,5,72.01
5/11/2026 0:05,Node2,25.5,82,5,72.01
5/11/2026 0:10,Node1,25.5,82.79,5,72.2
5/11/2026 0:10,Node2,25.5,82.79,5,72.2
5/11/2026 0:15,Node1,25.31,82.33,5,71.77
5/11/2026 0:15,Node2,25.31,82.33,5,71.77
5/11/2026 0:20,Node1,25.19,83.12,5,71.43
5/11/2026 0:20,Node2,25.19,83.12,5,71.43
5/11/2026 0:25,Node1,25.15,82.35,5,71.7
5/11/2026 0:25,Node2,25.15,82.35,5,71.7
5/11/2026 0:30,Node1,24.98,82.81,5,71.58
5/11/2026 0:30,Node2,24.98,82.81,5,71.58
5/11/2026 0:35,Node1,24.89,82.7,0,71.61
5/11/2026 0:35,Node2,24.89,82.7,0,71.61
5/11/2026 0:40,Node1,24.87,82.2,0,71.24
5/11/2026 0:40,Node2,24.87,82.2,0,71.24
5/11/2026 0:45,Node1,25.06,82.18,5,71.32
5/11/2026 0:45,Node2,25.06,82.18,5,71.32
5/11/2026 0:50,Node1,24.92,82,0,71.75
5/11/2026 0:50,Node2,24.92,82,0,71.75
5/11/2026 0:55,Node1,24.79,82.22,0,71.27
5/11/2026 0:55,Node2,24.79,82.22,0,71.27
5/11/2026 1:00,Node1,24.77,83.02,5,71.09
5/11/2026 1:00,Node2,24.77,83.02,5,71.09
5/11/2026 1:05,Node1,24.9,82.81,3,71
5/11/2026 1:05,Node2,24.9,82.81,3,71
5/11/2026 1:10,Node1,24.81,83.23,0,71.01
5/11/2026 1:10,Node2,24.81,83.23,0,71.01
5/11/2026 1:15,Node1,24.79,82.96,0,70.91
5/11/2026 1:15,Node2,24.79,82.96,0,70.91
5/11/2026 1:20,Node1,24.87,83.64,5,71.15
5/11/2026 1:20,Node2,24.87,83.64,5,71.15
5/11/2026 1:25,Node1,24.84,83.67,5,71.04
5/11/2026 1:25,Node2,24.84,83.67,5,71.04
5/11/2026 1:30,Node1,24.73,83.02,5,70.75
5/11/2026 1:30,Node2,24.73,83.02,5,70.75
5/11/2026 1:35,Node1,24.64,83.6,5,70.28
5/11/2026 1:35,Node2,24.64,83.6,5,70.28
5/11/2026 1:40,Node1,24.79,84.09,0,70.63
5/11/2026 1:40,Node2,24.79,84.09,0,70.63
5/11/2026 1:45,Node1,24.83,84.14,0,70.46
5/11/2026 1:45,Node2,24.83,84.14,0,70.46
5/11/2026 1:50,Node1,24.94,83.55,0,70.27
5/11/2026 1:50,Node2,24.94,83.55,0,70.27
5/11/2026 1:55,Node1,24.85,83.94,5,69.78
5/11/2026 1:55,Node2,24.85,83.94,5,69.78
5/11/2026 2:00,Node1,24.76,83.23,0,69.51
5/11/2026 2:00,Node2,24.76,83.23,0,69.51
5/11/2026 2:05,Node1,24.77,82.38,5,69.75
5/11/2026 2:05,Node2,24.77,82.38,5,69.75
5/11/2026 2:10,Node1,24.66,83.25,5,69.71
5/11/2026 2:10,Node2,24.66,83.25,5,69.71
5/11/2026 2:15,Node1,24.72,82.27,0,70.1
5/11/2026 2:15,Node2,24.72,82.27,0,70.1
5/11/2026 2:20,Node1,24.67,83,0,70.37
5/11/2026 2:20,Node2,24.67,83,0,70.37
5/11/2026 2:25,Node1,24.82,83.12,0,70.3
5/11/2026 2:25,Node2,24.82,83.12,0,70.3
5/11/2026 2:30,Node1,24.82,84.09,5,70.18
5/11/2026 2:30,Node2,24.82,84.09,5,70.18
5/11/2026 2:35,Node1,24.76,84.87,5,70.26
5/11/2026 2:35,Node2,24.76,84.87,5,70.26
5/11/2026 2:40,Node1,24.93,84.27,0,70.26
5/11/2026 2:40,Node2,24.93,84.27,0,70.26
5/11/2026 2:45,Node1,25,83.38,0,70.67
5/11/2026 2:45,Node2,25,83.38,0,70.67
5/11/2026 2:50,Node1,24.89,83.82,5,70.53
5/11/2026 2:50,Node2,24.89,83.82,5,70.53
5/11/2026 2:55,Node1,24.72,84.04,4,70.62
5/11/2026 2:55,Node2,24.72,84.04,4,70.62
5/11/2026 3:00,Node1,24.65,83.16,0,70.98
5/11/2026 3:00,Node2,24.65,83.16,0,70.98
5/11/2026 3:05,Node1,24.68,82.68,0,71.41
5/11/2026 3:05,Node2,24.68,82.68,0,71.41
5/11/2026 3:10,Node1,24.83,83.57,0,71.44
5/11/2026 3:10,Node2,24.83,83.57,0,71.44
5/11/2026 3:15,Node1,24.8,82.83,0,71.09
5/11/2026 3:15,Node2,24.8,82.83,0,71.09
5/11/2026 3:20,Node1,24.6,83.66,5,71.48
5/11/2026 3:20,Node2,24.6,83.66,5,71.48
5/11/2026 3:25,Node1,24.51,82.78,0,71.26
5/11/2026 3:25,Node2,24.51,82.78,0,71.26
5/11/2026 3:30,Node1,24.63,82.53,5,71.66
5/11/2026 3:30,Node2,24.63,82.53,5,71.66
5/11/2026 3:35,Node1,24.5,82.77,5,71.63
5/11/2026 3:35,Node2,24.5,82.77,5,71.63
5/11/2026 3:40,Node1,24.43,83.69,4,71.7
5/11/2026 3:40,Node2,24.43,83.69,4,71.7
5/11/2026 3:45,Node1,24.58,84.65,5,72.04
5/11/2026 3:45,Node2,24.58,84.65,5,72.04
5/11/2026 3:50,Node1,24.69,85.44,0,72.08
5/11/2026 3:50,Node2,24.69,85.44,0,72.08
5/11/2026 3:55,Node1,24.56,84.81,0,71.79
5/11/2026 3:55,Node2,24.56,84.81,0,71.79
5/11/2026 4:00,Node1,24.7,84.26,5,71.81
5/11/2026 4:00,Node2,24.7,84.26,5,71.81
5/11/2026 4:05,Node1,24.57,84.1,0,72.07
5/11/2026 4:05,Node2,24.57,84.1,0,72.07
5/11/2026 4:10,Node1,24.71,84.01,5,72.08
5/11/2026 4:10,Node2,24.71,84.01,5,72.08
5/11/2026 4:15,Node1,24.63,83.64,0,72.48
5/11/2026 4:15,Node2,24.63,83.64,0,72.48
5/11/2026 4:20,Node1,24.57,83.86,5,72.1
5/11/2026 4:20,Node2,24.57,83.86,5,72.1
5/11/2026 4:25,Node1,24.64,82.88,0,72.15
5/11/2026 4:25,Node2,24.64,82.88,0,72.15
5/11/2026 4:30,Node1,24.5,82.1,0,71.72
5/11/2026 4:30,Node2,24.5,82.1,0,71.72
5/11/2026 4:35,Node1,24.5,82,0,71.62
5/11/2026 4:35,Node2,24.5,82,0,71.62
5/11/2026 4:40,Node1,24.5,82,5,71.76
5/11/2026 4:40,Node2,24.5,82,5,71.76
5/11/2026 4:45,Node1,24.53,82.53,5,72.24
5/11/2026 4:45,Node2,24.53,82.53,5,72.24
5/11/2026 4:50,Node1,24.59,83.43,5,72.65
5/11/2026 4:50,Node2,24.59,83.43,5,72.65
5/11/2026 4:55,Node1,24.68,83.48,0,72.26
5/11/2026 4:55,Node2,24.68,83.48,0,72.26
5/11/2026 5:00,Node1,25,82.61,1,72.69
5/11/2026 5:00,Node2,25,82.61,1,72.69
5/11/2026 5:05,Node1,25,83.27,5,72.85
5/11/2026 5:05,Node2,25,83.27,5,72.85
5/11/2026 5:10,Node1,25,84.12,0,73.07
5/11/2026 5:10,Node2,25,84.12,0,73.07
5/11/2026 5:15,Node1,25,83.2,1,73.31
5/11/2026 5:15,Node2,25,83.2,1,73.31
5/11/2026 5:20,Node1,25.12,82.22,5,73.69
5/11/2026 5:20,Node2,25.12,82.22,5,73.69
5/11/2026 5:25,Node1,25,82.41,5,74.1
5/11/2026 5:25,Node2,25,82.41,5,74.1
5/11/2026 5:30,Node1,25,82.68,0,74.51
5/11/2026 5:30,Node2,25,82.68,0,74.51
5/11/2026 5:35,Node1,25,83.02,5,74.91
5/11/2026 5:35,Node2,25,83.02,5,74.91
5/11/2026 5:40,Node1,25,83.93,5,75.32
5/11/2026 5:40,Node2,25,83.93,5,75.32
5/11/2026 5:45,Node1,25.03,83.73,0,75.47
5/11/2026 5:45,Node2,25.03,83.73,0,75.47
5/11/2026 5:50,Node1,25.23,84.22,0,75.96
5/11/2026 5:50,Node2,25.23,84.22,0,75.96
5/11/2026 5:55,Node1,25.38,83.26,5,75.81
5/11/2026 5:55,Node2,25.38,83.26,5,75.81
5/11/2026 6:00,Node1,26,78,80,75.35
5/11/2026 6:00,Node2,26,78,80,75.35
5/11/2026 6:05,Node1,26,78,80,74.98
5/11/2026 6:05,Node2,26,78,80,74.98
5/11/2026 6:10,Node1,26,77.28,124,75.01
5/11/2026 6:10,Node2,26,77.28,124,75.01
5/11/2026 6:15,Node1,26.09,77.79,150,74.76
5/11/2026 6:15,Node2,26.09,77.79,150,74.76
5/11/2026 6:20,Node1,26.26,76.95,150,75.14
5/11/2026 6:20,Node2,26.26,76.95,150,75.14
5/11/2026 6:25,Node1,26.24,77.6,120,74.97
5/11/2026 6:25,Node2,26.24,77.6,120,74.97
5/11/2026 6:30,Node1,26.37,77.34,110,74.98
5/11/2026 6:30,Node2,26.37,77.34,110,74.98
5/11/2026 6:35,Node1,26.36,76.72,80,74.66
5/11/2026 6:35,Node2,26.36,76.72,80,74.66
5/11/2026 6:40,Node1,26.45,75.95,80,74.98
5/11/2026 6:40,Node2,26.45,75.95,80,74.98
5/11/2026 6:45,Node1,26.29,75.4,85,75.38
5/11/2026 6:45,Node2,26.29,75.4,85,75.38
5/11/2026 6:50,Node1,26.13,75.05,80,75.36
5/11/2026 6:50,Node2,26.13,75.05,80,75.36
5/11/2026 6:55,Node1,26,74.31,87,75.09
5/11/2026 6:55,Node2,26,74.31,87,75.09
5/11/2026 7:00,Node1,27,75.03,115,75.25
5/11/2026 7:00,Node2,27,75.03,115,75.25
5/11/2026 7:05,Node1,27.03,75.15,102,75.14
5/11/2026 7:05,Node2,27.03,75.15,102,75.14
5/11/2026 7:10,Node1,27,74.27,80,74.71
5/11/2026 7:10,Node2,27,74.27,80,74.71
5/11/2026 7:15,Node1,27.19,74.21,80,74.71
5/11/2026 7:15,Node2,27.19,74.21,80,74.71
5/11/2026 7:20,Node1,27.23,74.54,85,74.52
5/11/2026 7:20,Node2,27.23,74.54,85,74.52
5/11/2026 7:25,Node1,27.1,74.51,85,74.7
5/11/2026 7:25,Node2,27.1,74.51,85,74.7
5/11/2026 7:30,Node1,27.17,74.69,80,74.56
5/11/2026 7:30,Node2,27.17,74.69,80,74.56
5/11/2026 7:35,Node1,27.31,75.55,80,74.14
5/11/2026 7:35,Node2,27.31,75.55,80,74.14
5/11/2026 7:40,Node1,27.49,75.31,121,74.14
5/11/2026 7:40,Node2,27.49,75.31,121,74.14
5/11/2026 7:45,Node1,27.47,76.29,80,73.66
5/11/2026 7:45,Node2,27.47,76.29,80,73.66
5/11/2026 7:50,Node1,27.42,75.46,80,73.37
5/11/2026 7:50,Node2,27.42,75.46,80,73.37
5/11/2026 7:55,Node1,27.22,74.61,111,73.39
5/11/2026 7:55,Node2,27.22,74.61,111,73.39
5/11/2026 8:00,Node1,28,74.31,100,73.49
5/11/2026 8:00,Node2,28,74.31,100,73.49
5/11/2026 8:05,Node1,28,74.75,85,73.92
5/11/2026 8:05,Node2,28,74.75,85,73.92
5/11/2026 8:10,Node1,28,74.36,80,74.38
5/11/2026 8:10,Node2,28,74.36,80,74.38
5/11/2026 8:15,Node1,28.02,74.24,100,74.69
5/11/2026 8:15,Node2,28.02,74.24,100,74.69
5/11/2026 8:20,Node1,28.09,74.8,137,74.87
5/11/2026 8:20,Node2,28.09,74.8,137,74.87
5/11/2026 8:25,Node1,28.16,74.35,150,75.24
5/11/2026 8:25,Node2,28.16,74.35,150,75.24
5/11/2026 8:30,Node1,28.3,73.82,125,75.23
5/11/2026 8:30,Node2,28.3,73.82,125,75.23
5/11/2026 8:35,Node1,28.29,74.48,126,75.04
5/11/2026 8:35,Node2,28.29,74.48,126,75.04
5/11/2026 8:40,Node1,28.24,75.28,96,74.55
5/11/2026 8:40,Node2,28.24,75.28,96,74.55
5/11/2026 8:45,Node1,28.06,74.67,90,74.2
5/11/2026 8:45,Node2,28.06,74.67,90,74.2
5/11/2026 8:50,Node1,28.18,75.58,80,74.54
5/11/2026 8:50,Node2,28.18,75.58,80,74.54
5/11/2026 8:55,Node1,28.07,76,80,74.64
5/11/2026 8:55,Node2,28.07,76,80,74.64
5/11/2026 9:00,Node1,29,75.71,80,74.15
5/11/2026 9:00,Node2,29,75.71,80,74.15
5/11/2026 9:05,Node1,29.06,76.65,80,74.64
5/11/2026 9:05,Node2,29.06,76.65,80,74.64
5/11/2026 9:10,Node1,29.23,76.03,101,74.72
5/11/2026 9:10,Node2,29.23,76.03,101,74.72
5/11/2026 9:15,Node1,29.17,76.1,150,74.44
5/11/2026 9:15,Node2,29.17,76.1,150,74.44
5/11/2026 9:20,Node1,29.16,76.53,150,74.31
5/11/2026 9:20,Node2,29.16,76.53,150,74.31
5/11/2026 9:25,Node1,29.1,76.5,131,74.23
5/11/2026 9:25,Node2,29.1,76.5,131,74.23
5/11/2026 9:30,Node1,29.29,77.01,133,73.99
5/11/2026 9:30,Node2,29.29,77.01,133,73.99
5/11/2026 9:35,Node1,29.15,76.23,89,73.67
5/11/2026 9:35,Node2,29.15,76.23,89,73.67
5/11/2026 9:40,Node1,29.04,75.91,80,73.69
5/11/2026 9:40,Node2,29.04,75.91,80,73.69
5/11/2026 9:45,Node1,29.01,76.32,80,73.96
5/11/2026 9:45,Node2,29.01,76.32,80,73.96
5/11/2026 9:50,Node1,29.07,77.12,109,73.56
5/11/2026 9:50,Node2,29.07,77.12,109,73.56
5/11/2026 9:55,Node1,29,77.28,113,73.06
5/11/2026 9:55,Node2,29,77.28,113,73.06
5/11/2026 10:00,Node1,30,78,111,72.76
5/11/2026 10:00,Node2,30,78,111,72.76
5/11/2026 10:05,Node1,30,78,137,72.82
5/11/2026 10:05,Node2,30,78,137,72.82
5/11/2026 10:10,Node1,30,78,134,73.18
5/11/2026 10:10,Node2,30,78,134,73.18
5/11/2026 10:15,Node1,30.03,77.71,150,73.52
5/11/2026 10:15,Node2,30.03,77.71,150,73.52
5/11/2026 10:20,Node1,30.05,78,150,73.1
5/11/2026 10:20,Node2,30.05,78,150,73.1
5/11/2026 10:25,Node1,30.15,77.04,150,73.16
5/11/2026 10:25,Node2,30.15,77.04,150,73.16
5/11/2026 10:30,Node1,30.14,77.06,134,72.87
5/11/2026 10:30,Node2,30.14,77.06,134,72.87
5/11/2026 10:35,Node1,30.26,77.85,128,72.74
5/11/2026 10:35,Node2,30.26,77.85,128,72.74
5/11/2026 10:40,Node1,30.31,78,123,73.17
5/11/2026 10:40,Node2,30.31,78,123,73.17
5/11/2026 10:45,Node1,30.2,78,145,73.45
5/11/2026 10:45,Node2,30.2,78,145,73.45
5/11/2026 10:50,Node1,30.27,77.86,150,73.32
5/11/2026 10:50,Node2,30.27,77.86,150,73.32
5/11/2026 10:55,Node1,30.2,77.54,114,73.72
5/11/2026 10:55,Node2,30.2,77.54,114,73.72
5/11/2026 11:00,Node1,31,77.14,143,73.47
5/11/2026 11:00,Node2,31,77.14,143,73.47
5/11/2026 11:05,Node1,31.05,77.83,150,73.21
5/11/2026 11:05,Node2,31.05,77.83,150,73.21
5/11/2026 11:10,Node1,31,76.87,150,72.95
5/11/2026 11:10,Node2,31,76.87,150,72.95
5/11/2026 11:15,Node1,31,75.88,143,72.89
5/11/2026 11:15,Node2,31,75.88,143,72.89
5/11/2026 11:20,Node1,31,75.14,141,73.11
5/11/2026 11:20,Node2,31,75.14,141,73.11
5/11/2026 11:25,Node1,31,74.21,150,73.31
5/11/2026 11:25,Node2,31,74.21,150,73.31
5/11/2026 11:30,Node1,31.06,74.03,150,73.74
5/11/2026 11:30,Node2,31.06,74.03,150,73.74
5/11/2026 11:35,Node1,31,74.96,150,73.7
5/11/2026 11:35,Node2,31,74.96,150,73.7
5/11/2026 11:40,Node1,31,75.42,150,73.61
5/11/2026 11:40,Node2,31,75.42,150,73.61
5/11/2026 11:45,Node1,31.09,76.18,150,73.51
5/11/2026 11:45,Node2,31.09,76.18,150,73.51
5/11/2026 11:50,Node1,31.23,75.67,120,73.14
5/11/2026 11:50,Node2,31.23,75.67,120,73.14
5/11/2026 11:55,Node1,31.18,75.48,104,73.11
5/11/2026 11:55,Node2,31.18,75.48,104,73.11
5/11/2026 12:00,Node1,32,63,350,73.27
5/11/2026 12:00,Node2,32,63,350,73.27
5/11/2026 12:05,Node1,32.17,63,382,73.07
5/11/2026 12:05,Node2,32.17,63,382,73.07
5/11/2026 12:10,Node1,32.04,63,377,73.07
5/11/2026 12:10,Node2,32.04,63,377,73.07
5/11/2026 12:15,Node1,32.03,63,370,73.32
5/11/2026 12:15,Node2,32.03,63,370,73.32
5/11/2026 12:20,Node1,32.11,62.54,354,72.92
5/11/2026 12:20,Node2,32.11,62.54,354,72.92
5/11/2026 12:25,Node1,32.21,62.9,350,73.06
5/11/2026 12:25,Node2,32.21,62.9,350,73.06
5/11/2026 12:30,Node1,32.3,62.18,383,73.3
5/11/2026 12:30,Node2,32.3,62.18,383,73.3
5/11/2026 12:35,Node1,32.37,61.87,381,73.28
5/11/2026 12:35,Node2,32.37,61.87,381,73.28
5/11/2026 12:40,Node1,32.51,62.43,422,72.79
5/11/2026 12:40,Node2,32.51,62.43,422,72.79
5/11/2026 12:45,Node1,32.71,62.46,401,72.97
5/11/2026 12:45,Node2,32.71,62.46,401,72.97
5/11/2026 12:50,Node1,32.77,63,366,73.46
5/11/2026 12:50,Node2,32.77,63,366,73.46
5/11/2026 12:55,Node1,32.91,62.21,352,73.32
5/11/2026 12:55,Node2,32.91,62.21,352,73.32
5/11/2026 13:00,Node1,33.08,62.86,351,72.96
5/11/2026 13:00,Node2,33.08,62.86,351,72.96
5/11/2026 13:05,Node1,33.1,63,350,73.35
5/11/2026 13:05,Node2,33.1,63,350,73.35
5/11/2026 13:10,Node1,33,63,361,73.8
5/11/2026 13:10,Node2,33,63,361,73.8
5/11/2026 13:15,Node1,33,62.86,408,74.27
5/11/2026 13:15,Node2,33,62.86,408,74.27
5/11/2026 13:20,Node1,33.08,62.94,441,74.42
5/11/2026 13:20,Node2,33.08,62.94,441,74.42
5/11/2026 13:25,Node1,33.21,62.13,485,74.56
5/11/2026 13:25,Node2,33.21,62.13,485,74.56
5/11/2026 13:30,Node1,33.33,61.73,479,74.69
5/11/2026 13:30,Node2,33.33,61.73,479,74.69
5/11/2026 13:35,Node1,33.24,62.07,500,74.24
5/11/2026 13:35,Node2,33.24,62.07,500,74.24
5/11/2026 13:40,Node1,33.43,62.68,500,74.04
5/11/2026 13:40,Node2,33.43,62.68,500,74.04
5/11/2026 13:45,Node1,33.31,62.21,500,73.77
5/11/2026 13:45,Node2,33.31,62.21,500,73.77
5/11/2026 13:50,Node1,33.12,61.61,500,73.71
5/11/2026 13:50,Node2,33.12,61.61,500,73.71
5/11/2026 13:55,Node1,33.32,60.67,500,73.22
5/11/2026 13:55,Node2,33.32,60.67,500,73.22
5/11/2026 14:00,Node1,34,60.9,489,72.92
5/11/2026 14:00,Node2,34,60.9,489,72.92
5/11/2026 14:05,Node1,34,61.15,477,72.56
5/11/2026 14:05,Node2,34,61.15,477,72.56
5/11/2026 14:10,Node1,34,60.67,480,72.32
5/11/2026 14:10,Node2,34,60.67,480,72.32
5/11/2026 14:15,Node1,34.16,60.64,449,71.85
5/11/2026 14:15,Node2,34.16,60.64,449,71.85
5/11/2026 14:20,Node1,34.19,60.77,409,72.02
5/11/2026 14:20,Node2,34.19,60.77,409,72.02
5/11/2026 14:25,Node1,34.21,61.54,457,72.19
5/11/2026 14:25,Node2,34.21,61.54,457,72.19
5/11/2026 14:30,Node1,34.3,62.27,449,71.73
5/11/2026 14:30,Node2,34.3,62.27,449,71.73
5/11/2026 14:35,Node1,34.2,61.79,462,72.22
5/11/2026 14:35,Node2,34.2,61.79,462,72.22
5/11/2026 14:40,Node1,34.29,61.69,465,72.26
5/11/2026 14:40,Node2,34.29,61.69,465,72.26
5/11/2026 14:45,Node1,34.47,61.38,450,71.93
5/11/2026 14:45,Node2,34.47,61.38,450,71.93
5/11/2026 14:50,Node1,34.45,61.92,426,71.81
5/11/2026 14:50,Node2,34.45,61.92,426,71.81
5/11/2026 14:55,Node1,34.51,62.2,409,71.38
5/11/2026 14:55,Node2,34.51,62.2,409,71.38
5/11/2026 15:00,Node1,34,61.27,390,71.82
5/11/2026 15:00,Node2,34,61.27,390,71.82
5/11/2026 15:05,Node1,34,61.47,398,72.17
5/11/2026 15:05,Node2,34,61.47,398,72.17
5/11/2026 15:10,Node1,34,60.58,398,72.08
5/11/2026 15:10,Node2,34,60.58,398,72.08
5/11/2026 15:15,Node1,33.86,59.88,431,71.93
5/11/2026 15:15,Node2,33.86,59.88,431,71.93
5/11/2026 15:20,Node1,33.75,58.93,410,71.49
5/11/2026 15:20,Node2,33.75,58.93,410,71.49
5/11/2026 15:25,Node1,33.58,58.9,410,71.93
5/11/2026 15:25,Node2,33.58,58.9,410,71.93
5/11/2026 15:30,Node1,33.6,57.97,418,71.65
5/11/2026 15:30,Node2,33.6,57.97,418,71.65
5/11/2026 15:35,Node1,33.45,57.34,461,71.52
5/11/2026 15:35,Node2,33.45,57.34,461,71.52
5/11/2026 15:40,Node1,33.46,58.03,452,71.69
5/11/2026 15:40,Node2,33.46,58.03,452,71.69
5/11/2026 15:45,Node1,33.28,58.95,471,71.58
5/11/2026 15:45,Node2,33.28,58.95,471,71.58
5/11/2026 15:50,Node1,33.13,58.24,475,71.12
5/11/2026 15:50,Node2,33.13,58.24,475,71.12
5/11/2026 15:55,Node1,33.19,58.77,482,71.41
5/11/2026 15:55,Node2,33.19,58.77,482,71.41
5/11/2026 16:00,Node1,33,62,1200,71.45
5/11/2026 16:00,Node2,33,62,1200,71.45
5/11/2026 16:05,Node1,32.91,62,1209,71.8
5/11/2026 16:05,Node2,32.91,62,1209,71.8
5/11/2026 16:10,Node1,33,62.8,1200,71.87
5/11/2026 16:10,Node2,33,62.8,1200,71.87
5/11/2026 16:15,Node1,32.98,62.12,1221,72.09
5/11/2026 16:15,Node2,32.98,62.12,1221,72.09
5/11/2026 16:20,Node1,33,62,1209,71.68
5/11/2026 16:20,Node2,33,62,1209,71.68
5/11/2026 16:25,Node1,33,62,1233,71.67
5/11/2026 16:25,Node2,33,62,1233,71.67
5/11/2026 16:30,Node1,32.96,62.1,1248,71.83
5/11/2026 16:30,Node2,32.96,62.1,1248,71.83
5/11/2026 16:35,Node1,32.93,62,1211,72.32
5/11/2026 16:35,Node2,32.93,62,1211,72.32
5/11/2026 16:40,Node1,32.85,62.29,1218,72.3
5/11/2026 16:40,Node2,32.85,62.29,1218,72.3
5/11/2026 16:45,Node1,32.68,62,1203,72.6
5/11/2026 16:45,Node2,32.68,62,1203,72.6
5/11/2026 16:50,Node1,32.81,63,1246,72.82
5/11/2026 16:50,Node2,32.81,63,1246,72.82
5/11/2026 16:55,Node1,32.76,63.77,1288,72.46
5/11/2026 16:55,Node2,32.76,63.77,1288,72.46
5/11/2026 17:00,Node1,32,63.09,1311,72.18
5/11/2026 17:00,Node2,32,63.09,1311,72.18
5/11/2026 17:05,Node1,32,62.86,1324,72.27
5/11/2026 17:05,Node2,32,62.86,1324,72.27
5/11/2026 17:10,Node1,31.98,62.29,1295,71.99
5/11/2026 17:10,Node2,31.98,62.29,1295,71.99
5/11/2026 17:15,Node1,32,62,1331,71.98
5/11/2026 17:15,Node2,32,62,1331,71.98
5/11/2026 17:20,Node1,31.89,62,1284,72.28
5/11/2026 17:20,Node2,31.89,62,1284,72.28
5/11/2026 17:25,Node1,31.77,62.04,1243,72.72
5/11/2026 17:25,Node2,31.77,62.04,1243,72.72
5/11/2026 17:30,Node1,31.82,62.41,1216,72.67
5/11/2026 17:30,Node2,31.82,62.41,1216,72.67
5/11/2026 17:35,Node1,31.94,62,1204,72.85
5/11/2026 17:35,Node2,31.94,62,1204,72.85
5/11/2026 17:40,Node1,31.87,62.16,1239,73.12
5/11/2026 17:40,Node2,31.87,62.16,1239,73.12
5/11/2026 17:45,Node1,31.77,62,1269,73.05
5/11/2026 17:45,Node2,31.77,62,1269,73.05
5/11/2026 17:50,Node1,31.79,62.38,1308,73.17
5/11/2026 17:50,Node2,31.79,62.38,1308,73.17
5/11/2026 17:55,Node1,31.72,63.34,1339,73.32
5/11/2026 17:55,Node2,31.72,63.34,1339,73.32
5/11/2026 18:00,Node1,31,63.98,1301,73.3
5/11/2026 18:00,Node2,31,63.98,1301,73.3
5/11/2026 18:05,Node1,31,64.31,1314,72.81
5/11/2026 18:05,Node2,31,64.31,1314,72.81
5/11/2026 18:10,Node1,30.93,63.43,1351,72.5
5/11/2026 18:10,Node2,30.93,63.43,1351,72.5
5/11/2026 18:15,Node1,30.8,64.35,1349,72.92
5/11/2026 18:15,Node2,30.8,64.35,1349,72.92
5/11/2026 18:20,Node1,30.81,64.12,1339,73.16
5/11/2026 18:20,Node2,30.81,64.12,1339,73.16
5/11/2026 18:25,Node1,31,63.65,1298,73.22
5/11/2026 18:25,Node2,31,63.65,1298,73.22
5/11/2026 18:30,Node1,31,62.7,1324,73.22
5/11/2026 18:30,Node2,31,62.7,1324,73.22
5/11/2026 18:35,Node1,31,63.18,1321,73.14
5/11/2026 18:35,Node2,31,63.18,1321,73.14
5/11/2026 18:40,Node1,30.81,62.27,1298,73.38
5/11/2026 18:40,Node2,30.81,62.27,1298,73.38
5/11/2026 18:45,Node1,30.9,62.55,1294,73.25
5/11/2026 18:45,Node2,30.9,62.55,1294,73.25
5/11/2026 18:50,Node1,30.76,62.12,1323,73.57
5/11/2026 18:50,Node2,30.76,62.12,1323,73.57
5/11/2026 18:55,Node1,30.75,62,1281,73.67
5/11/2026 18:55,Node2,30.75,62,1281,73.67
5/11/2026 19:00,Node1,30,77,20,73.82
5/11/2026 19:00,Node2,30,77,20,73.82
5/11/2026 19:05,Node1,29.84,77,0,73.63
5/11/2026 19:05,Node2,29.84,77,0,73.63
5/11/2026 19:10,Node1,29.68,77,0,73.86
5/11/2026 19:10,Node2,29.68,77,0,73.86
5/11/2026 19:15,Node1,29.69,77,13,73.56
5/11/2026 19:15,Node2,29.69,77,13,73.56
5/11/2026 19:20,Node1,29.89,77,0,73.11
5/11/2026 19:20,Node2,29.89,77,0,73.11
5/11/2026 19:25,Node1,30,77,0,73.01
5/11/2026 19:25,Node2,30,77,0,73.01
5/11/2026 19:30,Node1,30,77,0,73.08
5/11/2026 19:30,Node2,30,77,0,73.08
5/11/2026 19:35,Node1,30,77.06,20,73.19
5/11/2026 19:35,Node2,30,77.06,20,73.19
5/11/2026 19:40,Node1,30,77.56,20,72.86
5/11/2026 19:40,Node2,30,77.56,20,72.86
5/11/2026 19:45,Node1,29.88,77.28,16,72.54
5/11/2026 19:45,Node2,29.88,77.28,16,72.54
5/11/2026 19:50,Node1,29.87,77.87,0,72.98
5/11/2026 19:50,Node2,29.87,77.87,0,72.98
5/11/2026 19:55,Node1,30,77.91,13,73.36
5/11/2026 19:55,Node2,30,77.91,13,73.36
5/11/2026 20:00,Node1,29,77.22,0,73.57
5/11/2026 20:00,Node2,29,77.22,0,73.57
5/11/2026 20:05,Node1,28.81,77.55,2,73.63
5/11/2026 20:05,Node2,28.81,77.55,2,73.63
5/11/2026 20:10,Node1,28.79,77.53,20,74.12
5/11/2026 20:10,Node2,28.79,77.53,20,74.12
5/11/2026 20:15,Node1,28.87,77,20,74.51
5/11/2026 20:15,Node2,28.87,77,20,74.51
5/11/2026 20:20,Node1,28.91,77.6,20,74.12
5/11/2026 20:20,Node2,28.91,77.6,20,74.12
5/11/2026 20:25,Node1,29,78.06,0,74.45
5/11/2026 20:25,Node2,29,78.06,0,74.45
5/11/2026 20:30,Node1,29,78.98,20,74.53
5/11/2026 20:30,Node2,29,78.98,20,74.53
5/11/2026 20:35,Node1,29,77.99,0,74.04
5/11/2026 20:35,Node2,29,77.99,0,74.04
5/11/2026 20:40,Node1,29,77.46,0,73.7
5/11/2026 20:40,Node2,29,77.46,0,73.7
5/11/2026 20:45,Node1,28.89,77.74,0,73.53
5/11/2026 20:45,Node2,28.89,77.74,0,73.53
5/11/2026 20:50,Node1,28.83,78.35,20,73.85
5/11/2026 20:50,Node2,28.83,78.35,20,73.85
5/11/2026 20:55,Node1,28.64,78.71,20,73.69
5/11/2026 20:55,Node2,28.64,78.71,20,73.69
5/11/2026 21:00,Node1,28,79.5,0,73.62
5/11/2026 21:00,Node2,28,79.5,0,73.62
5/11/2026 21:05,Node1,28,79.86,0,73.68
5/11/2026 21:05,Node2,28,79.86,0,73.68
5/11/2026 21:10,Node1,28,80.56,0,73.98
5/11/2026 21:10,Node2,28,80.56,0,73.98
5/11/2026 21:15,Node1,28,80.11,0,73.48
5/11/2026 21:15,Node2,28,80.11,0,73.48
5/11/2026 21:20,Node1,28,79.51,0,73.74
5/11/2026 21:20,Node2,28,79.51,0,73.74
5/11/2026 21:25,Node1,28,79.49,19,73.67
5/11/2026 21:25,Node2,28,79.49,19,73.67
5/11/2026 21:30,Node1,27.82,80.08,0,74.08
5/11/2026 21:30,Node2,27.82,80.08,0,74.08
5/11/2026 21:35,Node1,27.71,80.73,0,73.59
5/11/2026 21:35,Node2,27.71,80.73,0,73.59
5/11/2026 21:40,Node1,27.67,80.83,0,73.13
5/11/2026 21:40,Node2,27.67,80.83,0,73.13
5/11/2026 21:45,Node1,27.74,80.09,0,72.75
5/11/2026 21:45,Node2,27.74,80.09,0,72.75
5/11/2026 21:50,Node1,27.82,79.67,10,72.42
5/11/2026 21:50,Node2,27.82,79.67,10,72.42
5/11/2026 21:55,Node1,27.71,79.56,15,72.12
5/11/2026 21:55,Node2,27.71,79.56,15,72.12
5/11/2026 22:00,Node1,27,80.5,20,72.5
5/11/2026 22:00,Node2,27,80.5,20,72.5
5/11/2026 22:05,Node1,27,80.98,20,72.22
5/11/2026 22:05,Node2,27,80.98,20,72.22
5/11/2026 22:10,Node1,27,80.16,9,71.93
5/11/2026 22:10,Node2,27,80.16,9,71.93
5/11/2026 22:15,Node1,27,80.23,20,72.29
5/11/2026 22:15,Node2,27,80.23,20,72.29
5/11/2026 22:20,Node1,26.92,80.22,20,72.26
5/11/2026 22:20,Node2,26.92,80.22,20,72.26
5/11/2026 22:25,Node1,27,79.83,0,71.81
5/11/2026 22:25,Node2,27,79.83,0,71.81
5/11/2026 22:30,Node1,27,78.92,0,72.22
5/11/2026 22:30,Node2,27,78.92,0,72.22
5/11/2026 22:35,Node1,26.96,78.47,0,72.13
5/11/2026 22:35,Node2,26.96,78.47,0,72.13
5/11/2026 22:40,Node1,26.86,77.93,20,72.19
5/11/2026 22:40,Node2,26.86,77.93,20,72.19
5/11/2026 22:45,Node1,26.73,78.41,20,72.6
5/11/2026 22:45,Node2,26.73,78.41,20,72.6
5/11/2026 22:50,Node1,26.54,79.36,20,73.1
5/11/2026 22:50,Node2,26.54,79.36,20,73.1
5/11/2026 22:55,Node1,26.4,80.3,0,73.04
5/11/2026 22:55,Node2,26.4,80.3,0,73.04
5/11/2026 23:00,Node1,26,80.45,0,73.34
5/11/2026 23:00,Node2,26,80.45,0,73.34
5/11/2026 23:05,Node1,25.94,81.32,0,73.19
5/11/2026 23:05,Node2,25.94,81.32,0,73.19
5/11/2026 23:10,Node1,26,81.7,16,73.04
5/11/2026 23:10,Node2,26,81.7,16,73.04
5/11/2026 23:15,Node1,26,80.83,0,73.44
5/11/2026 23:15,Node2,26,80.83,0,73.44
5/11/2026 23:20,Node1,25.86,80.44,16,73.46
5/11/2026 23:20,Node2,25.86,80.44,16,73.46
5/11/2026 23:25,Node1,25.85,81.42,0,73.78
5/11/2026 23:25,Node2,25.85,81.42,0,73.78
5/11/2026 23:30,Node1,25.66,82.36,20,73.88
5/11/2026 23:30,Node2,25.66,82.36,20,73.88
5/11/2026 23:35,Node1,25.78,83,20,73.95
5/11/2026 23:35,Node2,25.78,83,20,73.95
5/11/2026 23:40,Node1,25.69,82.44,20,73.52
5/11/2026 23:40,Node2,25.69,82.44,20,73.52
5/11/2026 23:45,Node1,25.55,83,20,73.69
5/11/2026 23:45,Node2,25.55,83,20,73.69
5/11/2026 23:50,Node1,25.73,83,19,73.38
5/11/2026 23:50,Node2,25.73,83,19,73.38
5/11/2026 23:55,Node1,25.64,82.17,10,73.87
5/11/2026 23:55,Node2,25.64,82.17,10,73.87
5/12/2026 0:00,Node1,25.5,82,5,73.99
5/12/2026 0:00,Node2,25.5,82,5,73.99
5/12/2026 0:05,Node1,25.5,82,5,74.21
5/12/2026 0:05,Node2,25.5,82,5,74.21
5/12/2026 0:10,Node1,25.5,82.59,0,73.91
5/12/2026 0:10,Node2,25.5,82.59,0,73.91
5/12/2026 0:15,Node1,25.38,82,0,73.84
5/12/2026 0:15,Node2,25.38,82,0,73.84
5/12/2026 0:20,Node1,25.23,82,0,74.21
5/12/2026 0:20,Node2,25.23,82,0,74.21
5/12/2026 0:25,Node1,25.07,82,5,73.93
5/12/2026 0:25,Node2,25.07,82,5,73.93
5/12/2026 0:30,Node1,25.15,82,0,74.37
5/12/2026 0:30,Node2,25.15,82,0,74.37
5/12/2026 0:35,Node1,25.08,82,5,74.69
5/12/2026 0:35,Node2,25.08,82,5,74.69
5/12/2026 0:40,Node1,25.04,82,5,75.02
5/12/2026 0:40,Node2,25.04,82,5,75.02
5/12/2026 0:45,Node1,24.95,82,0,75.23
5/12/2026 0:45,Node2,24.95,82,0,75.23
5/12/2026 0:50,Node1,24.75,82,5,74.77
5/12/2026 0:50,Node2,24.75,82,5,74.77
5/12/2026 0:55,Node1,24.93,82,5,75.19
5/12/2026 0:55,Node2,24.93,82,5,75.19
5/12/2026 1:00,Node1,24.73,82,5,75.64
5/12/2026 1:00,Node2,24.73,82,5,75.64
5/12/2026 1:05,Node1,24.73,82.7,0,75.25
5/12/2026 1:05,Node2,24.73,82.7,0,75.25
5/12/2026 1:10,Node1,24.7,83.25,5,75.59
5/12/2026 1:10,Node2,24.7,83.25,5,75.59
5/12/2026 1:15,Node1,24.73,83.93,0,75.92
5/12/2026 1:15,Node2,24.73,83.93,0,75.92
5/12/2026 1:20,Node1,24.6,84.89,0,75.47
5/12/2026 1:20,Node2,24.6,84.89,0,75.47
5/12/2026 1:25,Node1,24.41,84.41,0,75.02
5/12/2026 1:25,Node2,24.41,84.41,0,75.02
5/12/2026 1:30,Node1,24.38,84.03,5,74.82
5/12/2026 1:30,Node2,24.38,84.03,5,74.82
5/12/2026 1:35,Node1,24.37,83.32,5,75.08
5/12/2026 1:35,Node2,24.37,83.32,5,75.08
5/12/2026 1:40,Node1,24.3,84.26,0,74.99
5/12/2026 1:40,Node2,24.3,84.26,0,74.99
5/12/2026 1:45,Node1,24.4,84.76,0,74.94
5/12/2026 1:45,Node2,24.4,84.76,0,74.94
5/12/2026 1:50,Node1,24.3,84.13,0,74.87
5/12/2026 1:50,Node2,24.3,84.13,0,74.87
5/12/2026 1:55,Node1,24.3,84.84,5,74.39
5/12/2026 1:55,Node2,24.3,84.84,5,74.39
5/12/2026 2:00,Node1,24.14,85.14,5,74.46
5/12/2026 2:00,Node2,24.14,85.14,5,74.46
5/12/2026 2:05,Node1,24.22,84.7,0,74.24
5/12/2026 2:05,Node2,24.22,84.7,0,74.24
5/12/2026 2:10,Node1,24.08,84.72,5,73.76
5/12/2026 2:10,Node2,24.08,84.72,5,73.76
5/12/2026 2:15,Node1,24,85.24,0,73.78
5/12/2026 2:15,Node2,24,85.24,0,73.78
5/12/2026 2:20,Node1,24.11,86.21,5,74.15
5/12/2026 2:20,Node2,24.11,86.21,5,74.15
5/12/2026 2:25,Node1,24.28,86.47,0,74.61
5/12/2026 2:25,Node2,24.28,86.47,0,74.61
5/12/2026 2:30,Node1,24.15,86.21,0,74.19
5/12/2026 2:30,Node2,24.15,86.21,0,74.19
5/12/2026 2:35,Node1,24,85.99,5,74.2
5/12/2026 2:35,Node2,24,85.99,5,74.2
5/12/2026 2:40,Node1,24,86.34,0,74.05
5/12/2026 2:40,Node2,24,86.34,0,74.05
5/12/2026 2:45,Node1,24.15,86.44,5,74.14
5/12/2026 2:45,Node2,24.15,86.44,5,74.14
5/12/2026 2:50,Node1,24.05,85.62,5,73.78
5/12/2026 2:50,Node2,24.05,85.62,5,73.78
5/12/2026 2:55,Node1,24,85.59,5,74.15
5/12/2026 2:55,Node2,24,85.59,5,74.15
5/12/2026 3:00,Node1,24,85.11,5,74.38
5/12/2026 3:00,Node2,24,85.11,5,74.38
5/12/2026 3:05,Node1,24,84.52,0,74.13
5/12/2026 3:05,Node2,24,84.52,0,74.13
5/12/2026 3:10,Node1,24.06,85.07,0,73.9
5/12/2026 3:10,Node2,24.06,85.07,0,73.9
5/12/2026 3:15,Node1,24.06,84.79,0,74.34
5/12/2026 3:15,Node2,24.06,84.79,0,74.34
5/12/2026 3:20,Node1,24,84.1,5,74.09
5/12/2026 3:20,Node2,24,84.1,5,74.09
5/12/2026 3:25,Node1,24,84.93,5,73.95
5/12/2026 3:25,Node2,24,84.93,5,73.95
5/12/2026 3:30,Node1,24.08,84.92,5,74.26
5/12/2026 3:30,Node2,24.08,84.92,5,74.26
5/12/2026 3:35,Node1,24.08,85.86,0,74.27
5/12/2026 3:35,Node2,24.08,85.86,0,74.27
5/12/2026 3:40,Node1,24.04,86.5,5,74.24
5/12/2026 3:40,Node2,24.04,86.5,5,74.24
5/12/2026 3:45,Node1,24,85.8,0,73.94
5/12/2026 3:45,Node2,24,85.8,0,73.94
5/12/2026 3:50,Node1,24,85.92,0,73.45
5/12/2026 3:50,Node2,24,85.92,0,73.45
5/12/2026 3:55,Node1,24,86.75,0,73.78
5/12/2026 3:55,Node2,24,86.75,0,73.78
5/12/2026 4:00,Node1,24.5,85.8,5,73.68
5/12/2026 4:00,Node2,24.5,85.8,5,73.68
5/12/2026 4:05,Node1,24.5,86.69,0,73.61
5/12/2026 4:05,Node2,24.5,86.69,0,73.61
5/12/2026 4:10,Node1,24.5,85.96,0,73.74
5/12/2026 4:10,Node2,24.5,85.96,0,73.74
5/12/2026 4:15,Node1,24.69,85.42,5,73.71
5/12/2026 4:15,Node2,24.69,85.42,5,73.71
5/12/2026 4:20,Node1,24.78,86.3,5,73.24
5/12/2026 4:20,Node2,24.78,86.3,5,73.24
5/12/2026 4:25,Node1,24.62,85.77,5,73.28
5/12/2026 4:25,Node2,24.62,85.77,5,73.28
5/12/2026 4:30,Node1,24.5,86.61,0,73.06
5/12/2026 4:30,Node2,24.5,86.61,0,73.06
5/12/2026 4:35,Node1,24.5,87,0,72.58
5/12/2026 4:35,Node2,24.5,87,0,72.58
5/12/2026 4:40,Node1,24.5,86.16,5,72.42
5/12/2026 4:40,Node2,24.5,86.16,5,72.42
5/12/2026 4:45,Node1,24.5,86.78,0,72.35
5/12/2026 4:45,Node2,24.5,86.78,0,72.35
5/12/2026 4:50,Node1,24.5,87.13,0,72.49
5/12/2026 4:50,Node2,24.5,87.13,0,72.49
5/12/2026 4:55,Node1,24.5,87.87,5,72.51
5/12/2026 4:55,Node2,24.5,87.87,5,72.51
5/12/2026 5:00,Node1,25,88,5,72.09
5/12/2026 5:00,Node2,25,88,5,72.09
5/12/2026 5:05,Node1,25,87.62,2,72.31
5/12/2026 5:05,Node2,25,87.62,2,72.31
5/12/2026 5:10,Node1,25,87.02,5,71.86
5/12/2026 5:10,Node2,25,87.02,5,71.86
5/12/2026 5:15,Node1,25.18,86.04,5,71.58
5/12/2026 5:15,Node2,25.18,86.04,5,71.58
5/12/2026 5:20,Node1,25.18,85.79,0,71.4
5/12/2026 5:20,Node2,25.18,85.79,0,71.4
5/12/2026 5:25,Node1,25.27,85.17,5,71.04
5/12/2026 5:25,Node2,25.27,85.17,5,71.04
5/12/2026 5:30,Node1,25.31,85.48,5,71.03
5/12/2026 5:30,Node2,25.31,85.48,5,71.03
5/12/2026 5:35,Node1,25.25,84.89,5,70.68
5/12/2026 5:35,Node2,25.25,84.89,5,70.68
5/12/2026 5:40,Node1,25.37,85.19,5,70.55
5/12/2026 5:40,Node2,25.37,85.19,5,70.55
5/12/2026 5:45,Node1,25.27,84.62,0,70.24
5/12/2026 5:45,Node2,25.27,84.62,0,70.24
5/12/2026 5:50,Node1,25.25,84.09,5,70.02
5/12/2026 5:50,Node2,25.25,84.09,5,70.02
5/12/2026 5:55,Node1,25.44,84.04,0,70.5
5/12/2026 5:55,Node2,25.44,84.04,0,70.5
5/12/2026 6:00,Node1,26,78,80,70.51
5/12/2026 6:00,Node2,26,78,80,70.51
5/12/2026 6:05,Node1,26,78,122,70.34
5/12/2026 6:05,Node2,26,78,122,70.34
5/12/2026 6:10,Node1,26,77.97,80,70.01
5/12/2026 6:10,Node2,26,77.97,80,70.01
5/12/2026 6:15,Node1,26.16,78,80,70.35
5/12/2026 6:15,Node2,26.16,78,80,70.35
5/12/2026 6:20,Node1,26.09,78,104,70.64
5/12/2026 6:20,Node2,26.09,78,104,70.64
5/12/2026 6:25,Node1,26.2,78,90,70.92
5/12/2026 6:25,Node2,26.2,78,90,70.92
5/12/2026 6:30,Node1,26.01,77.38,80,71.14
5/12/2026 6:30,Node2,26.01,77.38,80,71.14
5/12/2026 6:35,Node1,26.21,77.78,80,70.71
5/12/2026 6:35,Node2,26.21,77.78,80,70.71
5/12/2026 6:40,Node1,26.07,77.06,114,70.45
5/12/2026 6:40,Node2,26.07,77.06,114,70.45
5/12/2026 6:45,Node1,26.21,77.21,80,70.11
5/12/2026 6:45,Node2,26.21,77.21,80,70.11
5/12/2026 6:50,Node1,26.17,77.96,80,69.79
5/12/2026 6:50,Node2,26.17,77.96,80,69.79
5/12/2026 6:55,Node1,26.19,77.52,80,69.33
5/12/2026 6:55,Node2,26.19,77.52,80,69.33
5/12/2026 7:00,Node1,27,78,80,69.55
5/12/2026 7:00,Node2,27,78,80,69.55
5/12/2026 7:05,Node1,27,77.91,94,70.02
5/12/2026 7:05,Node2,27,77.91,94,70.02
5/12/2026 7:10,Node1,27.04,77.11,136,69.85
5/12/2026 7:10,Node2,27.04,77.11,136,69.85
5/12/2026 7:15,Node1,27.02,76.49,150,69.61
5/12/2026 7:15,Node2,27.02,76.49,150,69.61
5/12/2026 7:20,Node1,27.13,76.22,141,69.54
5/12/2026 7:20,Node2,27.13,76.22,141,69.54
5/12/2026 7:25,Node1,27.15,76.23,150,69.93
5/12/2026 7:25,Node2,27.15,76.23,150,69.93
5/12/2026 7:30,Node1,27.11,75.55,143,69.98
5/12/2026 7:30,Node2,27.11,75.55,143,69.98
5/12/2026 7:35,Node1,27.15,75.33,131,69.65
5/12/2026 7:35,Node2,27.15,75.33,131,69.65
5/12/2026 7:40,Node1,27.1,76.1,150,70.06
5/12/2026 7:40,Node2,27.1,76.1,150,70.06
5/12/2026 7:45,Node1,27.02,76.46,135,69.72
5/12/2026 7:45,Node2,27.02,76.46,135,69.72
5/12/2026 7:50,Node1,27,76.81,150,69.7
5/12/2026 7:50,Node2,27,76.81,150,69.7
5/12/2026 7:55,Node1,27.1,76.09,150,69.51
5/12/2026 7:55,Node2,27.1,76.09,150,69.51
5/12/2026 8:00,Node1,28,75.84,150,69.2
5/12/2026 8:00,Node2,28,75.84,150,69.2
5/12/2026 8:05,Node1,28.12,75.94,150,69.67
5/12/2026 8:05,Node2,28.12,75.94,150,69.67
5/12/2026 8:10,Node1,28.32,75.92,137,69.94
5/12/2026 8:10,Node2,28.32,75.92,137,69.94
5/12/2026 8:15,Node1,28.4,75.99,150,70.41
5/12/2026 8:15,Node2,28.4,75.99,150,70.41
5/12/2026 8:20,Node1,28.41,76.58,150,70.26
5/12/2026 8:20,Node2,28.41,76.58,150,70.26
5/12/2026 8:25,Node1,28.33,76.47,102,70.1
5/12/2026 8:25,Node2,28.33,76.47,102,70.1
5/12/2026 8:30,Node1,28.46,76.17,82,70.53
5/12/2026 8:30,Node2,28.46,76.17,82,70.53
5/12/2026 8:35,Node1,28.3,76.3,80,70.89
5/12/2026 8:35,Node2,28.3,76.3,80,70.89
5/12/2026 8:40,Node1,28.26,76.29,120,71.21
5/12/2026 8:40,Node2,28.26,76.29,120,71.21
5/12/2026 8:45,Node1,28.41,76.47,82,71.5
5/12/2026 8:45,Node2,28.41,76.47,82,71.5
5/12/2026 8:50,Node1,28.23,76.69,80,71.16
5/12/2026 8:50,Node2,28.23,76.69,80,71.16
5/12/2026 8:55,Node1,28.27,77.66,80,71.43
5/12/2026 8:55,Node2,28.27,77.66,80,71.43
5/12/2026 9:00,Node1,29,76.78,129,71.18
5/12/2026 9:00,Node2,29,76.78,129,71.18
5/12/2026 9:05,Node1,29.1,76.03,81,71.34
5/12/2026 9:05,Node2,29.1,76.03,81,71.34
5/12/2026 9:10,Node1,29.06,76.33,80,71.61
5/12/2026 9:10,Node2,29.06,76.33,80,71.61
5/12/2026 9:15,Node1,29.21,76.1,80,71.93
5/12/2026 9:15,Node2,29.21,76.1,80,71.93
5/12/2026 9:20,Node1,29.13,75.32,80,72.34
5/12/2026 9:20,Node2,29.13,75.32,80,72.34
5/12/2026 9:25,Node1,29,75.31,80,72
5/12/2026 9:25,Node2,29,75.31,80,72
5/12/2026 9:30,Node1,29,74.48,80,72.17
5/12/2026 9:30,Node2,29,74.48,80,72.17
5/12/2026 9:35,Node1,29,74.42,80,72.33
5/12/2026 9:35,Node2,29,74.42,80,72.33
5/12/2026 9:40,Node1,29,75.26,80,72.53
5/12/2026 9:40,Node2,29,75.26,80,72.53
5/12/2026 9:45,Node1,29.14,75.41,121,72.18
5/12/2026 9:45,Node2,29.14,75.41,121,72.18
5/12/2026 9:50,Node1,29.19,75.2,80,72.23
5/12/2026 9:50,Node2,29.19,75.2,80,72.23
5/12/2026 9:55,Node1,29.29,75.76,117,71.76
5/12/2026 9:55,Node2,29.29,75.76,117,71.76
5/12/2026 10:00,Node1,30,76.11,150,72.08
5/12/2026 10:00,Node2,30,76.11,150,72.08
5/12/2026 10:05,Node1,30.18,75.82,150,72.52
5/12/2026 10:05,Node2,30.18,75.82,150,72.52
5/12/2026 10:10,Node1,30.13,76.28,121,72.08
5/12/2026 10:10,Node2,30.13,76.28,121,72.08
5/12/2026 10:15,Node1,30.31,76.1,87,72.41
5/12/2026 10:15,Node2,30.31,76.1,87,72.41
5/12/2026 10:20,Node1,30.38,76.63,100,72.22
5/12/2026 10:20,Node2,30.38,76.63,100,72.22
5/12/2026 10:25,Node1,30.35,76.82,110,72.25
5/12/2026 10:25,Node2,30.35,76.82,110,72.25
5/12/2026 10:30,Node1,30.19,77.56,126,72.06
5/12/2026 10:30,Node2,30.19,77.56,126,72.06
5/12/2026 10:35,Node1,30.14,78,104,71.7
5/12/2026 10:35,Node2,30.14,78,104,71.7
5/12/2026 10:40,Node1,30.23,78,105,71.91
5/12/2026 10:40,Node2,30.23,78,105,71.91
5/12/2026 10:45,Node1,30.04,78,134,71.84
5/12/2026 10:45,Node2,30.04,78,134,71.84
5/12/2026 10:50,Node1,30.13,77.58,109,71.64
5/12/2026 10:50,Node2,30.13,77.58,109,71.64
5/12/2026 10:55,Node1,30,78,150,71.21
5/12/2026 10:55,Node2,30,78,150,71.21
5/12/2026 11:00,Node1,31,78,150,70.91
5/12/2026 11:00,Node2,31,78,150,70.91
5/12/2026 11:05,Node1,31.18,77.02,108,70.57
5/12/2026 11:05,Node2,31.18,77.02,108,70.57
5/12/2026 11:10,Node1,31.06,76.64,137,70.75
5/12/2026 11:10,Node2,31.06,76.64,137,70.75
5/12/2026 11:15,Node1,31.25,76.77,150,70.28
5/12/2026 11:15,Node2,31.25,76.77,150,70.28
5/12/2026 11:20,Node1,31.31,76.35,150,69.96
5/12/2026 11:20,Node2,31.31,76.35,150,69.96
5/12/2026 11:25,Node1,31.46,76.19,106,69.76
5/12/2026 11:25,Node2,31.46,76.19,106,69.76
5/12/2026 11:30,Node1,31.52,76.44,103,69.89
5/12/2026 11:30,Node2,31.52,76.44,103,69.89
5/12/2026 11:35,Node1,31.68,77.3,101,69.75
5/12/2026 11:35,Node2,31.68,77.3,101,69.75
5/12/2026 11:40,Node1,31.52,76.91,80,69.86
5/12/2026 11:40,Node2,31.52,76.91,80,69.86
5/12/2026 11:45,Node1,31.67,77.69,126,70.18
5/12/2026 11:45,Node2,31.67,77.69,126,70.18
5/12/2026 11:50,Node1,31.78,78,150,70.1
5/12/2026 11:50,Node2,31.78,78,150,70.1
5/12/2026 11:55,Node1,31.82,78,150,70.28
5/12/2026 11:55,Node2,31.82,78,150,70.28
5/12/2026 12:00,Node1,32,63,350,69.82
5/12/2026 12:00,Node2,32,63,350,69.82
5/12/2026 12:05,Node1,32.1,63,350,70.06
5/12/2026 12:05,Node2,32.1,63,350,70.06
5/12/2026 12:10,Node1,32.12,62.07,391,69.66
5/12/2026 12:10,Node2,32.12,62.07,391,69.66
5/12/2026 12:15,Node1,32.05,62.84,395,69.16
5/12/2026 12:15,Node2,32.05,62.84,395,69.16
5/12/2026 12:20,Node1,32,62.49,388,69.55
5/12/2026 12:20,Node2,32,62.49,388,69.55
5/12/2026 12:25,Node1,32.17,62.51,350,69.93
5/12/2026 12:25,Node2,32.17,62.51,350,69.93
5/12/2026 12:30,Node1,32.06,62.6,350,70.14
5/12/2026 12:30,Node2,32.06,62.6,350,70.14
5/12/2026 12:35,Node1,32.18,62.17,388,70.1
5/12/2026 12:35,Node2,32.18,62.17,388,70.1
5/12/2026 12:40,Node1,32.17,61.48,350,69.98
5/12/2026 12:40,Node2,32.17,61.48,350,69.98
5/12/2026 12:45,Node1,32.13,61.08,389,69.93
5/12/2026 12:45,Node2,32.13,61.08,389,69.93
5/12/2026 12:50,Node1,32.16,60.58,350,69.64
5/12/2026 12:50,Node2,32.16,60.58,350,69.64
5/12/2026 12:55,Node1,32.08,60.61,374,69.52
5/12/2026 12:55,Node2,32.08,60.61,374,69.52
5/12/2026 13:00,Node1,33,61.6,380,69.25
5/12/2026 13:00,Node2,33,61.6,380,69.25
5/12/2026 13:05,Node1,33.15,61.41,350,69.38
5/12/2026 13:05,Node2,33.15,61.41,350,69.38
5/12/2026 13:10,Node1,33.21,62.21,394,68.98
5/12/2026 13:10,Node2,33.21,62.21,394,68.98
5/12/2026 13:15,Node1,33.22,61.81,409,68.89
5/12/2026 13:15,Node2,33.22,61.81,409,68.89
5/12/2026 13:20,Node1,33.19,61.69,455,68.68
5/12/2026 13:20,Node2,33.19,61.69,455,68.68
5/12/2026 13:25,Node1,33.1,62.18,431,68.82
5/12/2026 13:25,Node2,33.1,62.18,431,68.82
5/12/2026 13:30,Node1,33.04,61.31,435,68.84
5/12/2026 13:30,Node2,33.04,61.31,435,68.84
5/12/2026 13:35,Node1,33.05,61.55,418,68.62
5/12/2026 13:35,Node2,33.05,61.55,418,68.62
5/12/2026 13:40,Node1,33.15,62.32,417,68.72
5/12/2026 13:40,Node2,33.15,62.32,417,68.72
5/12/2026 13:45,Node1,33.25,62.03,447,68.6
5/12/2026 13:45,Node2,33.25,62.03,447,68.6
5/12/2026 13:50,Node1,33.07,61.67,477,68.55
5/12/2026 13:50,Node2,33.07,61.67,477,68.55
5/12/2026 13:55,Node1,33.13,61.8,500,68.61
5/12/2026 13:55,Node2,33.13,61.8,500,68.61
5/12/2026 14:00,Node1,34,61.29,475,68.22
5/12/2026 14:00,Node2,34,61.29,475,68.22
5/12/2026 14:05,Node1,34.14,60.91,500,68.35
5/12/2026 14:05,Node2,34.14,60.91,500,68.35
5/12/2026 14:10,Node1,34.11,61.65,500,68.05
5/12/2026 14:10,Node2,34.11,61.65,500,68.05
5/12/2026 14:15,Node1,34.07,61.28,500,67.88
5/12/2026 14:15,Node2,34.07,61.28,500,67.88
5/12/2026 14:20,Node1,34.07,61.47,481,67.79
5/12/2026 14:20,Node2,34.07,61.47,481,67.79
5/12/2026 14:25,Node1,34.24,61.84,485,67.56
5/12/2026 14:25,Node2,34.24,61.84,485,67.56
5/12/2026 14:30,Node1,34.2,62.11,477,67.96
5/12/2026 14:30,Node2,34.2,62.11,477,67.96
5/12/2026 14:35,Node1,34.06,61.98,460,68.14
5/12/2026 14:35,Node2,34.06,61.98,460,68.14
5/12/2026 14:40,Node1,34.07,61.28,448,68.51
5/12/2026 14:40,Node2,34.07,61.28,448,68.51
5/12/2026 14:45,Node1,34.24,61.51,405,68.78
5/12/2026 14:45,Node2,34.24,61.51,405,68.78
5/12/2026 14:50,Node1,34.22,61.1,430,69.01
5/12/2026 14:50,Node2,34.22,61.1,430,69.01
5/12/2026 14:55,Node1,34.04,61.64,382,68.64
5/12/2026 14:55,Node2,34.04,61.64,382,68.64
5/12/2026 15:00,Node1,34,62.08,395,68.54
5/12/2026 15:00,Node2,34,62.08,395,68.54
5/12/2026 15:05,Node1,33.98,61.18,366,68.88
5/12/2026 15:05,Node2,33.98,61.18,366,68.88
5/12/2026 15:10,Node1,34,60.5,350,68.72
5/12/2026 15:10,Node2,34,60.5,350,68.72
5/12/2026 15:15,Node1,34,60.17,350,68.86
5/12/2026 15:15,Node2,34,60.17,350,68.86
5/12/2026 15:20,Node1,33.86,60.15,354,69.3
5/12/2026 15:20,Node2,33.86,60.15,354,69.3
5/12/2026 15:25,Node1,33.89,59.38,350,69.72
5/12/2026 15:25,Node2,33.89,59.38,350,69.72
5/12/2026 15:30,Node1,33.89,59,368,69.69
5/12/2026 15:30,Node2,33.89,59,368,69.69
5/12/2026 15:35,Node1,33.83,59.9,408,70.03
5/12/2026 15:35,Node2,33.83,59.9,408,70.03
5/12/2026 15:40,Node1,33.64,59.4,360,70.4
5/12/2026 15:40,Node2,33.64,59.4,360,70.4
5/12/2026 15:45,Node1,33.79,60.06,357,69.9
5/12/2026 15:45,Node2,33.79,60.06,357,69.9
5/12/2026 15:50,Node1,33.75,60.04,387,70.26
5/12/2026 15:50,Node2,33.75,60.04,387,70.26
5/12/2026 15:55,Node1,33.57,60.69,415,70.25
5/12/2026 15:55,Node2,33.57,60.69,415,70.25
5/12/2026 16:00,Node1,33,62,1200,70.32
5/12/2026 16:00,Node2,33,62,1200,70.32
5/12/2026 16:05,Node1,33,62,1200,70.01
5/12/2026 16:05,Node2,33,62,1200,70.01
5/12/2026 16:10,Node1,33,62.15,1200,69.57
5/12/2026 16:10,Node2,33,62.15,1200,69.57
5/12/2026 16:15,Node1,32.88,62,1221,69.56
5/12/2026 16:15,Node2,32.88,62,1221,69.56
5/12/2026 16:20,Node1,33,62.07,1232,69.61
5/12/2026 16:20,Node2,33,62.07,1232,69.61
5/12/2026 16:25,Node1,32.83,62,1223,69.92
5/12/2026 16:25,Node2,32.83,62,1223,69.92
5/12/2026 16:30,Node1,32.71,62,1240,69.84
5/12/2026 16:30,Node2,32.71,62,1240,69.84
5/12/2026 16:35,Node1,32.57,62.98,1221,70.11
5/12/2026 16:35,Node2,32.57,62.98,1221,70.11
5/12/2026 16:40,Node1,32.46,63.29,1203,69.66
5/12/2026 16:40,Node2,32.46,63.29,1203,69.66
5/12/2026 16:45,Node1,32.6,63.45,1200,69.45
5/12/2026 16:45,Node2,32.6,63.45,1200,69.45
5/12/2026 16:50,Node1,32.59,64.11,1200,69.81
5/12/2026 16:50,Node2,32.59,64.11,1200,69.81
5/12/2026 16:55,Node1,32.72,64.02,1200,70.03
5/12/2026 16:55,Node2,32.72,64.02,1200,70.03
5/12/2026 17:00,Node1,32,64.02,1200,70.39
5/12/2026 17:00,Node2,32,64.02,1200,70.39
5/12/2026 17:05,Node1,32,63.15,1225,70.09
5/12/2026 17:05,Node2,32,63.15,1225,70.09
5/12/2026 17:10,Node1,31.97,62.94,1242,70.48
5/12/2026 17:10,Node2,31.97,62.94,1242,70.48
5/12/2026 17:15,Node1,31.87,62.84,1245,70.3
5/12/2026 17:15,Node2,31.87,62.84,1245,70.3
5/12/2026 17:20,Node1,31.98,63.07,1241,70.27
5/12/2026 17:20,Node2,31.98,63.07,1241,70.27
5/12/2026 17:25,Node1,32,62.66,1200,69.77
5/12/2026 17:25,Node2,32,62.66,1200,69.77
5/12/2026 17:30,Node1,31.95,63.41,1200,69.98
5/12/2026 17:30,Node2,31.95,63.41,1200,69.98
5/12/2026 17:35,Node1,31.75,62.57,1228,69.94
5/12/2026 17:35,Node2,31.75,62.57,1228,69.94
5/12/2026 17:40,Node1,31.68,62.44,1200,69.51
5/12/2026 17:40,Node2,31.68,62.44,1200,69.51
5/12/2026 17:45,Node1,31.56,62,1208,69.93
5/12/2026 17:45,Node2,31.56,62,1208,69.93
5/12/2026 17:50,Node1,31.75,62,1246,70.01
5/12/2026 17:50,Node2,31.75,62,1246,70.01
5/12/2026 17:55,Node1,31.85,62.48,1260,69.98
5/12/2026 17:55,Node2,31.85,62.48,1260,69.98
5/12/2026 18:00,Node1,31,62,1296,69.7
5/12/2026 18:00,Node2,31,62,1296,69.7
5/12/2026 18:05,Node1,31,62,1275,70.11
5/12/2026 18:05,Node2,31,62,1275,70.11
5/12/2026 18:10,Node1,30.85,62,1256,69.94
5/12/2026 18:10,Node2,30.85,62,1256,69.94
5/12/2026 18:15,Node1,30.97,62.54,1214,70.14
5/12/2026 18:15,Node2,30.97,62.54,1214,70.14
5/12/2026 18:20,Node1,30.98,62,1218,69.72
5/12/2026 18:20,Node2,30.98,62,1218,69.72
5/12/2026 18:25,Node1,31,62,1228,69.28
5/12/2026 18:25,Node2,31,62,1228,69.28
5/12/2026 18:30,Node1,31,62.29,1268,68.9
5/12/2026 18:30,Node2,31,62.29,1268,68.9
5/12/2026 18:35,Node1,30.83,63.2,1272,68.67
5/12/2026 18:35,Node2,30.83,63.2,1272,68.67
5/12/2026 18:40,Node1,30.81,63.47,1243,68.37
5/12/2026 18:40,Node2,30.81,63.47,1243,68.37
5/12/2026 18:45,Node1,30.67,62.96,1278,68.82
5/12/2026 18:45,Node2,30.67,62.96,1278,68.82
5/12/2026 18:50,Node1,30.69,62.01,1256,68.73
5/12/2026 18:50,Node2,30.69,62.01,1256,68.73
5/12/2026 18:55,Node1,30.81,62.94,1257,68.87
5/12/2026 18:55,Node2,30.81,62.94,1257,68.87
5/12/2026 19:00,Node1,30,77,20,68.96
5/12/2026 19:00,Node2,30,77,20,68.96
5/12/2026 19:05,Node1,30,77,0,69.43
5/12/2026 19:05,Node2,30,77,0,69.43
5/12/2026 19:10,Node1,29.82,77,0,69.16
5/12/2026 19:10,Node2,29.82,77,0,69.16
5/12/2026 19:15,Node1,29.75,77.97,0,69.25
5/12/2026 19:15,Node2,29.75,77.97,0,69.25
5/12/2026 19:20,Node1,29.8,77.32,0,69.18
5/12/2026 19:20,Node2,29.8,77.32,0,69.18
5/12/2026 19:25,Node1,29.91,77.26,12,69.23
5/12/2026 19:25,Node2,29.91,77.26,12,69.23
5/12/2026 19:30,Node1,30,77,0,69.72
5/12/2026 19:30,Node2,30,77,0,69.72
5/12/2026 19:35,Node1,29.95,77,11,69.9
5/12/2026 19:35,Node2,29.95,77,11,69.9
5/12/2026 19:40,Node1,30,77,0,70.32
5/12/2026 19:40,Node2,30,77,0,70.32
5/12/2026 19:45,Node1,29.92,77.54,0,70.46
5/12/2026 19:45,Node2,29.92,77.54,0,70.46
5/12/2026 19:50,Node1,29.92,77.12,6,70.2
5/12/2026 19:50,Node2,29.92,77.12,6,70.2
5/12/2026 19:55,Node1,29.82,77,20,70.69
5/12/2026 19:55,Node2,29.82,77,20,70.69
5/12/2026 20:00,Node1,29,77,20,70.74
5/12/2026 20:00,Node2,29,77,20,70.74
5/12/2026 20:05,Node1,29,77,0,71.09
5/12/2026 20:05,Node2,29,77,0,71.09
5/12/2026 20:10,Node1,29,77.83,0,71.1
5/12/2026 20:10,Node2,29,77.83,0,71.1
5/12/2026 20:15,Node1,28.96,77.25,0,70.69
5/12/2026 20:15,Node2,28.96,77.25,0,70.69
5/12/2026 20:20,Node1,29,77.81,20,70.29
5/12/2026 20:20,Node2,29,77.81,20,70.29
5/12/2026 20:25,Node1,29,78.36,20,70.17
5/12/2026 20:25,Node2,29,78.36,20,70.17
5/12/2026 20:30,Node1,29,77.42,20,70.45
5/12/2026 20:30,Node2,29,77.42,20,70.45
5/12/2026 20:35,Node1,28.85,77,13,70.86
5/12/2026 20:35,Node2,28.85,77,13,70.86
5/12/2026 20:40,Node1,28.83,77,0,70.81
5/12/2026 20:40,Node2,28.83,77,0,70.81
5/12/2026 20:45,Node1,28.72,77.24,0,70.44
5/12/2026 20:45,Node2,28.72,77.24,0,70.44
5/12/2026 20:50,Node1,28.84,78.14,6,70.28
5/12/2026 20:50,Node2,28.84,78.14,6,70.28
5/12/2026 20:55,Node1,28.75,77.85,20,70.24
5/12/2026 20:55,Node2,28.75,77.85,20,70.24
5/12/2026 21:00,Node1,28,78.51,20,70.42
5/12/2026 21:00,Node2,28,78.51,20,70.42
5/12/2026 21:05,Node1,28,79.2,0,70.76
5/12/2026 21:05,Node2,28,79.2,0,70.76
5/12/2026 21:10,Node1,27.87,78.73,20,70.78
5/12/2026 21:10,Node2,27.87,78.73,20,70.78
5/12/2026 21:15,Node1,27.75,78.42,20,70.67
5/12/2026 21:15,Node2,27.75,78.42,20,70.67
5/12/2026 21:20,Node1,27.85,78.1,20,70.25
5/12/2026 21:20,Node2,27.85,78.1,20,70.25
5/12/2026 21:25,Node1,27.78,77.13,0,70.64
5/12/2026 21:25,Node2,27.78,77.13,0,70.64
5/12/2026 21:30,Node1,27.88,77.49,0,71.09
5/12/2026 21:30,Node2,27.88,77.49,0,71.09
5/12/2026 21:35,Node1,28,77,20,70.59
5/12/2026 21:35,Node2,28,77,20,70.59
5/12/2026 21:40,Node1,27.88,77.89,10,70.52
5/12/2026 21:40,Node2,27.88,77.89,10,70.52
5/12/2026 21:45,Node1,28,78.78,0,70.38
5/12/2026 21:45,Node2,28,78.78,0,70.38
5/12/2026 21:50,Node1,27.98,79.49,0,70.31
5/12/2026 21:50,Node2,27.98,79.49,0,70.31
5/12/2026 21:55,Node1,28,80.04,0,70.02
5/12/2026 21:55,Node2,28,80.04,0,70.02
5/12/2026 22:00,Node1,27,79.37,0,70.18
5/12/2026 22:00,Node2,27,79.37,0,70.18
5/12/2026 22:05,Node1,26.93,79.47,10,70.21
5/12/2026 22:05,Node2,26.93,79.47,10,70.21
5/12/2026 22:10,Node1,27,79.19,0,70.17
5/12/2026 22:10,Node2,27,79.19,0,70.17
5/12/2026 22:15,Node1,26.96,79.18,0,69.74
5/12/2026 22:15,Node2,26.96,79.18,0,69.74
5/12/2026 22:20,Node1,26.88,78.82,20,69.94
5/12/2026 22:20,Node2,26.88,78.82,20,69.94
5/12/2026 22:25,Node1,26.98,78.53,0,69.58
5/12/2026 22:25,Node2,26.98,78.53,0,69.58
5/12/2026 22:30,Node1,27,77.64,0,69.44
5/12/2026 22:30,Node2,27,77.64,0,69.44
5/12/2026 22:35,Node1,27,77.58,0,69.91
5/12/2026 22:35,Node2,27,77.58,0,69.91
5/12/2026 22:40,Node1,26.92,77.13,0,70.37
5/12/2026 22:40,Node2,26.92,77.13,0,70.37
5/12/2026 22:45,Node1,27,77,0,70.75
5/12/2026 22:45,Node2,27,77,0,70.75
5/12/2026 22:50,Node1,27,77,0,71.02
5/12/2026 22:50,Node2,27,77,0,71.02
5/12/2026 22:55,Node1,26.82,77,20,71.09
5/12/2026 22:55,Node2,26.82,77,20,71.09
5/12/2026 23:00,Node1,26,77,0,70.98
5/12/2026 23:00,Node2,26,77,0,70.98
5/12/2026 23:05,Node1,26,77,6,70.72
5/12/2026 23:05,Node2,26,77,6,70.72
5/12/2026 23:10,Node1,26,77.49,20,71.21
5/12/2026 23:10,Node2,26,77.49,20,71.21
5/12/2026 23:15,Node1,25.85,78,0,71.01
5/12/2026 23:15,Node2,25.85,78,0,71.01
5/12/2026 23:20,Node1,25.76,78.38,0,71.46
5/12/2026 23:20,Node2,25.76,78.38,0,71.46
5/12/2026 23:25,Node1,25.69,79.08,0,70.96
5/12/2026 23:25,Node2,25.69,79.08,0,70.96
5/12/2026 23:30,Node1,25.56,78.86,0,71.3
5/12/2026 23:30,Node2,25.56,78.86,0,71.3
5/12/2026 23:35,Node1,25.66,79.77,0,70.91
5/12/2026 23:35,Node2,25.66,79.77,0,70.91
5/12/2026 23:40,Node1,25.57,80.66,0,70.59
5/12/2026 23:40,Node2,25.57,80.66,0,70.59
5/12/2026 23:45,Node1,25.55,80.91,0,70.99
5/12/2026 23:45,Node2,25.55,80.91,0,70.99
5/12/2026 23:50,Node1,25.54,81.46,0,70.87
5/12/2026 23:50,Node2,25.54,81.46,0,70.87
5/12/2026 23:55,Node1,25.68,80.49,0,70.91
5/12/2026 23:55,Node2,25.68,80.49,0,70.91
5/13/2026 0:00,Node1,25.5,82,0,70.78
5/13/2026 0:00,Node2,25.5,82,0,70.78
5/13/2026 0:05,Node1,25.38,82,0,70.38
5/13/2026 0:05,Node2,25.38,82,0,70.38
5/13/2026 0:10,Node1,25.39,82.6,0,70.64
5/13/2026 0:10,Node2,25.39,82.6,0,70.64
5/13/2026 0:15,Node1,25.24,82.19,5,70.65
5/13/2026 0:15,Node2,25.24,82.19,5,70.65
5/13/2026 0:20,Node1,25.12,82.74,0,70.65
5/13/2026 0:20,Node2,25.12,82.74,0,70.65
5/13/2026 0:25,Node1,25.06,83.26,0,70.56
5/13/2026 0:25,Node2,25.06,83.26,0,70.56
5/13/2026 0:30,Node1,25.07,82.39,3,70.42
5/13/2026 0:30,Node2,25.07,82.39,3,70.42
5/13/2026 0:35,Node1,24.91,82.57,0,70.82
5/13/2026 0:35,Node2,24.91,82.57,0,70.82
5/13/2026 0:40,Node1,24.9,83.06,5,70.94
5/13/2026 0:40,Node2,24.9,83.06,5,70.94
5/13/2026 0:45,Node1,25.06,83.74,0,71.07
5/13/2026 0:45,Node2,25.06,83.74,0,71.07
5/13/2026 0:50,Node1,25.06,84.53,0,71.51
5/13/2026 0:50,Node2,25.06,84.53,0,71.51
5/13/2026 0:55,Node1,25.04,84.91,5,71.86
5/13/2026 0:55,Node2,25.04,84.91,5,71.86
5/13/2026 1:00,Node1,24.88,84.45,0,71.73
5/13/2026 1:00,Node2,24.88,84.45,0,71.73
5/13/2026 1:05,Node1,25.05,83.47,5,72.05
5/13/2026 1:05,Node2,25.05,83.47,5,72.05
5/13/2026 1:10,Node1,24.96,83.97,3,72.38
5/13/2026 1:10,Node2,24.96,83.97,3,72.38
5/13/2026 1:15,Node1,24.85,84.85,0,72.34
5/13/2026 1:15,Node2,24.85,84.85,0,72.34
5/13/2026 1:20,Node1,24.98,85.38,0,72.77
5/13/2026 1:20,Node2,24.98,85.38,0,72.77
5/13/2026 1:25,Node1,24.96,84.67,5,72.55
5/13/2026 1:25,Node2,24.96,84.67,5,72.55
5/13/2026 1:30,Node1,24.85,84.44,0,72.22
5/13/2026 1:30,Node2,24.85,84.44,0,72.22
5/13/2026 1:35,Node1,24.72,83.71,0,72.08
5/13/2026 1:35,Node2,24.72,83.71,0,72.08
5/13/2026 1:40,Node1,24.74,83.84,5,72.14
5/13/2026 1:40,Node2,24.74,83.84,5,72.14
5/13/2026 1:45,Node1,24.87,84.01,5,71.89
5/13/2026 1:45,Node2,24.87,84.01,5,71.89
5/13/2026 1:50,Node1,24.95,83.97,0,71.99
5/13/2026 1:50,Node2,24.95,83.97,0,71.99
5/13/2026 1:55,Node1,25.04,84.95,0,72.32
5/13/2026 1:55,Node2,25.04,84.95,0,72.32
5/13/2026 2:00,Node1,25,84.23,5,72.4
5/13/2026 2:00,Node2,25,84.23,5,72.4
5/13/2026 2:05,Node1,25,84.66,0,72.03
5/13/2026 2:05,Node2,25,84.66,0,72.03
5/13/2026 2:10,Node1,25,84.3,5,72.42
5/13/2026 2:10,Node2,25,84.3,5,72.42
5/13/2026 2:15,Node1,25,83.44,0,72.39
5/13/2026 2:15,Node2,25,83.44,0,72.39
5/13/2026 2:20,Node1,25,83.37,0,72.1
5/13/2026 2:20,Node2,25,83.37,0,72.1
5/13/2026 2:25,Node1,25,82.94,5,72.22
5/13/2026 2:25,Node2,25,82.94,5,72.22
5/13/2026 2:30,Node1,24.84,83.91,5,72.27
5/13/2026 2:30,Node2,24.84,83.91,5,72.27
5/13/2026 2:35,Node1,24.78,83.53,0,71.91
5/13/2026 2:35,Node2,24.78,83.53,0,71.91
5/13/2026 2:40,Node1,24.83,84.01,0,71.67
5/13/2026 2:40,Node2,24.83,84.01,0,71.67
5/13/2026 2:45,Node1,24.98,83.73,4,71.19
5/13/2026 2:45,Node2,24.98,83.73,4,71.19
5/13/2026 2:50,Node1,24.89,82.89,2,70.8
5/13/2026 2:50,Node2,24.89,82.89,2,70.8
5/13/2026 2:55,Node1,24.85,83.36,5,70.98
5/13/2026 2:55,Node2,24.85,83.36,5,70.98
5/13/2026 3:00,Node1,24.77,83.49,0,70.97
5/13/2026 3:00,Node2,24.77,83.49,0,70.97
5/13/2026 3:05,Node1,24.73,82.53,5,71.21
5/13/2026 3:05,Node2,24.73,82.53,5,71.21
5/13/2026 3:10,Node1,24.91,82.2,5,71.37
5/13/2026 3:10,Node2,24.91,82.2,5,71.37
5/13/2026 3:15,Node1,24.99,82.74,0,70.89
5/13/2026 3:15,Node2,24.99,82.74,0,70.89
5/13/2026 3:20,Node1,25,82.8,0,71.08
5/13/2026 3:20,Node2,25,82.8,0,71.08
5/13/2026 3:25,Node1,24.86,82.43,0,71.29
5/13/2026 3:25,Node2,24.86,82.43,0,71.29
5/13/2026 3:30,Node1,24.89,83.16,5,71.45
5/13/2026 3:30,Node2,24.89,83.16,5,71.45
5/13/2026 3:35,Node1,25,82.74,5,71.65
5/13/2026 3:35,Node2,25,82.74,5,71.65
5/13/2026 3:40,Node1,25,82.18,5,71.84
5/13/2026 3:40,Node2,25,82.18,5,71.84
5/13/2026 3:45,Node1,24.84,82,0,71.97
5/13/2026 3:45,Node2,24.84,82,0,71.97
5/13/2026 3:50,Node1,24.9,82,0,72.17
5/13/2026 3:50,Node2,24.9,82,0,72.17
5/13/2026 3:55,Node1,25,82,0,72.22
5/13/2026 3:55,Node2,25,82,0,72.22
5/13/2026 4:00,Node1,24.87,82.77,0,72.5
5/13/2026 4:00,Node2,24.87,82.77,0,72.5
5/13/2026 4:05,Node1,24.9,83.39,5,72.36
5/13/2026 4:05,Node2,24.9,83.39,5,72.36
5/13/2026 4:10,Node1,25.07,83.94,5,72.54
5/13/2026 4:10,Node2,25.07,83.94,5,72.54
5/13/2026 4:15,Node1,24.9,84.21,0,72.74
5/13/2026 4:15,Node2,24.9,84.21,0,72.74
5/13/2026 4:20,Node1,24.87,83.89,0,73.2
5/13/2026 4:20,Node2,24.87,83.89,0,73.2
5/13/2026 4:25,Node1,24.93,83.38,0,73
5/13/2026 4:25,Node2,24.93,83.38,0,73
5/13/2026 4:30,Node1,25.08,82.68,5,72.8
5/13/2026 4:30,Node2,25.08,82.68,5,72.8
5/13/2026 4:35,Node1,25.13,82.51,0,72.67
5/13/2026 4:35,Node2,25.13,82.51,0,72.67
5/13/2026 4:40,Node1,24.95,82.89,0,72.36
5/13/2026 4:40,Node2,24.95,82.89,0,72.36
5/13/2026 4:45,Node1,25.01,82.36,0,72.57
5/13/2026 4:45,Node2,25.01,82.36,0,72.57
5/13/2026 4:50,Node1,24.85,82.81,5,72.75
5/13/2026 4:50,Node2,24.85,82.81,5,72.75
5/13/2026 4:55,Node1,24.81,82.26,5,72.32
5/13/2026 4:55,Node2,24.81,82.26,5,72.32
5/13/2026 5:00,Node1,25,82,5,72.09
5/13/2026 5:00,Node2,25,82,5,72.09
5/13/2026 5:05,Node1,25.11,82.99,0,71.67
5/13/2026 5:05,Node2,25.11,82.99,0,71.67
5/13/2026 5:10,Node1,25.18,82.46,5,71.78
5/13/2026 5:10,Node2,25.18,82.46,5,71.78
5/13/2026 5:15,Node1,25.19,83.4,0,71.29
5/13/2026 5:15,Node2,25.19,83.4,0,71.29
5/13/2026 5:20,Node1,25.21,83.36,2,71.35
5/13/2026 5:20,Node2,25.21,83.36,2,71.35
5/13/2026 5:25,Node1,25.35,82.75,5,71.56
5/13/2026 5:25,Node2,25.35,82.75,5,71.56
5/13/2026 5:30,Node1,25.47,83.54,5,71.35
5/13/2026 5:30,Node2,25.47,83.54,5,71.35
5/13/2026 5:35,Node1,25.61,83.63,0,71.77
5/13/2026 5:35,Node2,25.61,83.63,0,71.77
5/13/2026 5:40,Node1,25.76,83.43,5,71.61
5/13/2026 5:40,Node2,25.76,83.43,5,71.61
5/13/2026 5:45,Node1,25.85,83.39,0,71.82
5/13/2026 5:45,Node2,25.85,83.39,0,71.82
5/13/2026 5:50,Node1,25.83,82.71,5,71.33
5/13/2026 5:50,Node2,25.83,82.71,5,71.33
5/13/2026 5:55,Node1,25.65,83.48,0,71.69
5/13/2026 5:55,Node2,25.65,83.48,0,71.69
5/13/2026 6:00,Node1,26,78,80,71.73
5/13/2026 6:00,Node2,26,78,80,71.73
5/13/2026 6:05,Node1,26,78,125,72.08
5/13/2026 6:05,Node2,26,78,125,72.08
5/13/2026 6:10,Node1,26,77.6,98,72.12
5/13/2026 6:10,Node2,26,77.6,98,72.12
5/13/2026 6:15,Node1,26,77.3,80,72.42
5/13/2026 6:15,Node2,26,77.3,80,72.42
5/13/2026 6:20,Node1,26.19,77.46,80,72.73
5/13/2026 6:20,Node2,26.19,77.46,80,72.73
5/13/2026 6:25,Node1,26.03,77.31,103,72.94
5/13/2026 6:25,Node2,26.03,77.31,103,72.94
5/13/2026 6:30,Node1,26.14,77.25,112,72.82
5/13/2026 6:30,Node2,26.14,77.25,112,72.82
5/13/2026 6:35,Node1,26.02,77.99,94,72.97
5/13/2026 6:35,Node2,26.02,77.99,94,72.97
5/13/2026 6:40,Node1,26,77.51,137,73.46
5/13/2026 6:40,Node2,26,77.51,137,73.46
5/13/2026 6:45,Node1,26,77.5,150,73.42
5/13/2026 6:45,Node2,26,77.5,150,73.42
5/13/2026 6:50,Node1,26.19,78,150,73.56
5/13/2026 6:50,Node2,26.19,78,150,73.56
5/13/2026 6:55,Node1,26.36,77.87,133,73.99
5/13/2026 6:55,Node2,26.36,77.87,133,73.99
5/13/2026 7:00,Node1,27,77.2,150,74.31
5/13/2026 7:00,Node2,27,77.2,150,74.31
5/13/2026 7:05,Node1,27,77.79,117,74.12
5/13/2026 7:05,Node2,27,77.79,117,74.12
5/13/2026 7:10,Node1,27,77.55,150,74.38
5/13/2026 7:10,Node2,27,77.55,150,74.38
5/13/2026 7:15,Node1,27.06,76.57,150,74.45
5/13/2026 7:15,Node2,27.06,76.57,150,74.45
5/13/2026 7:20,Node1,27,75.75,136,74.62
5/13/2026 7:20,Node2,27,75.75,136,74.62
5/13/2026 7:25,Node1,27,76.74,126,74.78
5/13/2026 7:25,Node2,27,76.74,126,74.78
5/13/2026 7:30,Node1,27,75.97,135,74.4
5/13/2026 7:30,Node2,27,75.97,135,74.4
5/13/2026 7:35,Node1,27.2,75.02,150,74.56
5/13/2026 7:35,Node2,27.2,75.02,150,74.56
5/13/2026 7:40,Node1,27.19,76.01,116,74.7
5/13/2026 7:40,Node2,27.19,76.01,116,74.7
5/13/2026 7:45,Node1,27.38,76.59,114,74.59
5/13/2026 7:45,Node2,27.38,76.59,114,74.59
5/13/2026 7:50,Node1,27.44,75.68,92,74.96
5/13/2026 7:50,Node2,27.44,75.68,92,74.96
5/13/2026 7:55,Node1,27.29,76.28,86,75.44
5/13/2026 7:55,Node2,27.29,76.28,86,75.44
5/13/2026 8:00,Node1,28,76.78,110,75.89
5/13/2026 8:00,Node2,28,76.78,110,75.89
5/13/2026 8:05,Node1,28.16,76.52,135,76.17
5/13/2026 8:05,Node2,28.16,76.52,135,76.17
5/13/2026 8:10,Node1,28.14,76.02,150,75.89
5/13/2026 8:10,Node2,28.14,76.02,150,75.89
5/13/2026 8:15,Node1,28.3,76.28,150,75.8
5/13/2026 8:15,Node2,28.3,76.28,150,75.8
5/13/2026 8:20,Node1,28.42,75.97,150,75.45
5/13/2026 8:20,Node2,28.42,75.97,150,75.45
5/13/2026 8:25,Node1,28.51,75.85,150,75.9
5/13/2026 8:25,Node2,28.51,75.85,150,75.9
5/13/2026 8:30,Node1,28.34,75.81,150,76.07
5/13/2026 8:30,Node2,28.34,75.81,150,76.07
5/13/2026 8:35,Node1,28.42,75.72,112,76.34
5/13/2026 8:35,Node2,28.42,75.72,112,76.34
5/13/2026 8:40,Node1,28.35,76.03,99,76.49
5/13/2026 8:40,Node2,28.35,76.03,99,76.49
5/13/2026 8:45,Node1,28.38,75.97,80,76.6
5/13/2026 8:45,Node2,28.38,75.97,80,76.6
5/13/2026 8:50,Node1,28.57,76.04,80,77.02
5/13/2026 8:50,Node2,28.57,76.04,80,77.02
5/13/2026 8:55,Node1,28.49,76.6,80,77.27
5/13/2026 8:55,Node2,28.49,76.6,80,77.27
5/13/2026 9:00,Node1,29,76.22,80,77.45
5/13/2026 9:00,Node2,29,76.22,80,77.45
5/13/2026 9:05,Node1,29,75.95,80,77.73
5/13/2026 9:05,Node2,29,75.95,80,77.73
5/13/2026 9:10,Node1,29,75.87,84,77.52
5/13/2026 9:10,Node2,29,75.87,84,77.52
5/13/2026 9:15,Node1,29.2,75.28,80,77.12
5/13/2026 9:15,Node2,29.2,75.28,80,77.12
5/13/2026 9:20,Node1,29.16,75.63,80,77.24
5/13/2026 9:20,Node2,29.16,75.63,80,77.24
5/13/2026 9:25,Node1,29.02,76.02,80,77.23
5/13/2026 9:25,Node2,29.02,76.02,80,77.23
5/13/2026 9:30,Node1,29,76.48,97,77.36
5/13/2026 9:30,Node2,29,76.48,97,77.36
5/13/2026 9:35,Node1,29.16,76.67,80,77.38
5/13/2026 9:35,Node2,29.16,76.67,80,77.38
5/13/2026 9:40,Node1,29.1,77.48,80,77.7
5/13/2026 9:40,Node2,29.1,77.48,80,77.7
5/13/2026 9:45,Node1,29.2,77.96,124,77.43
5/13/2026 9:45,Node2,29.2,77.96,124,77.43
5/13/2026 9:50,Node1,29.1,78,109,77.21
5/13/2026 9:50,Node2,29.1,78,109,77.21
5/13/2026 9:55,Node1,29,77.68,135,77.57
5/13/2026 9:55,Node2,29,77.68,135,77.57
5/13/2026 10:00,Node1,30,78,92,77.24
5/13/2026 10:00,Node2,30,78,92,77.24
5/13/2026 10:05,Node1,30.17,77.49,96,77.41
5/13/2026 10:05,Node2,30.17,77.49,96,77.41
5/13/2026 10:10,Node1,30,78,89,77.6
5/13/2026 10:10,Node2,30,78,89,77.6
5/13/2026 10:15,Node1,30,78,80,77.31
5/13/2026 10:15,Node2,30,78,80,77.31
5/13/2026 10:20,Node1,30.11,78,84,77.67
5/13/2026 10:20,Node2,30.11,78,84,77.67
5/13/2026 10:25,Node1,30.06,78,133,78.11
5/13/2026 10:25,Node2,30.06,78,133,78.11
5/13/2026 10:30,Node1,30,77.62,132,78.36
5/13/2026 10:30,Node2,30,77.62,132,78.36
5/13/2026 10:35,Node1,30.08,77.49,130,78.49
5/13/2026 10:35,Node2,30.08,77.49,130,78.49
5/13/2026 10:40,Node1,30,76.67,150,78.88
5/13/2026 10:40,Node2,30,76.67,150,78.88
5/13/2026 10:45,Node1,30,76.73,111,78.54
5/13/2026 10:45,Node2,30,76.73,111,78.54
5/13/2026 10:50,Node1,30,76.62,109,78.81
5/13/2026 10:50,Node2,30,76.62,109,78.81
5/13/2026 10:55,Node1,30,75.74,108,78.55
5/13/2026 10:55,Node2,30,75.74,108,78.55
5/13/2026 11:00,Node1,31,74.75,133,78.1
5/13/2026 11:00,Node2,31,74.75,133,78.1
5/13/2026 11:05,Node1,31,75.61,122,78.41
5/13/2026 11:05,Node2,31,75.61,122,78.41
5/13/2026 11:10,Node1,31.08,75.65,99,78.2
5/13/2026 11:10,Node2,31.08,75.65,99,78.2
5/13/2026 11:15,Node1,31.03,75.03,117,78.51
5/13/2026 11:15,Node2,31.03,75.03,117,78.51
5/13/2026 11:20,Node1,31.11,74.11,109,78.58
5/13/2026 11:20,Node2,31.11,74.11,109,78.58
5/13/2026 11:25,Node1,31.3,74.4,150,78.23
5/13/2026 11:25,Node2,31.3,74.4,150,78.23
5/13/2026 11:30,Node1,31.2,74.96,150,77.85
5/13/2026 11:30,Node2,31.2,74.96,150,77.85
5/13/2026 11:35,Node1,31.13,74.91,150,77.43
5/13/2026 11:35,Node2,31.13,74.91,150,77.43
5/13/2026 11:40,Node1,31.33,74.3,102,77.15
5/13/2026 11:40,Node2,31.33,74.3,102,77.15
5/13/2026 11:45,Node1,31.2,75,133,76.77
5/13/2026 11:45,Node2,31.2,75,133,76.77
5/13/2026 11:50,Node1,31.15,74.33,100,77.23
5/13/2026 11:50,Node2,31.15,74.33,100,77.23
5/13/2026 11:55,Node1,31.07,74.78,138,77.45
5/13/2026 11:55,Node2,31.07,74.78,138,77.45
5/13/2026 12:00,Node1,32,63,350,77.7
5/13/2026 12:00,Node2,32,63,350,77.7
5/13/2026 12:05,Node1,32,62.12,373,77.76
5/13/2026 12:05,Node2,32,62.12,373,77.76
5/13/2026 12:10,Node1,32.05,62.66,356,78.13
5/13/2026 12:10,Node2,32.05,62.66,356,78.13
5/13/2026 12:15,Node1,32,62.43,365,77.93
5/13/2026 12:15,Node2,32,62.43,365,77.93
5/13/2026 12:20,Node1,32,62.03,350,78.3
5/13/2026 12:20,Node2,32,62.03,350,78.3
5/13/2026 12:25,Node1,32.16,61.82,363,78.27
5/13/2026 12:25,Node2,32.16,61.82,363,78.27
5/13/2026 12:30,Node1,32.19,62.17,352,77.78
5/13/2026 12:30,Node2,32.19,62.17,352,77.78
5/13/2026 12:35,Node1,32.38,62.93,356,77.49
5/13/2026 12:35,Node2,32.38,62.93,356,77.49
5/13/2026 12:40,Node1,32.58,62.66,358,77.88
5/13/2026 12:40,Node2,32.58,62.66,358,77.88
5/13/2026 12:45,Node1,32.41,62.48,354,77.57
5/13/2026 12:45,Node2,32.41,62.48,354,77.57
5/13/2026 12:50,Node1,32.57,63,350,77.6
5/13/2026 12:50,Node2,32.57,63,350,77.6
5/13/2026 12:55,Node1,32.37,63,360,77.22
5/13/2026 12:55,Node2,32.37,63,360,77.22
5/13/2026 13:00,Node1,33,63,399,77.48
5/13/2026 13:00,Node2,33,63,399,77.48
5/13/2026 13:05,Node1,33,63,430,77.15
5/13/2026 13:05,Node2,33,63,430,77.15
5/13/2026 13:10,Node1,33,62.9,434,76.7
5/13/2026 13:10,Node2,33,62.9,434,76.7
5/13/2026 13:15,Node1,33.1,63,454,76.7
5/13/2026 13:15,Node2,33.1,63,454,76.7
5/13/2026 13:20,Node1,33,62.16,408,76.32
5/13/2026 13:20,Node2,33,62.16,408,76.32
5/13/2026 13:25,Node1,33,62.63,427,75.86
5/13/2026 13:25,Node2,33,62.63,427,75.86
5/13/2026 13:30,Node1,33,63,400,75.41
5/13/2026 13:30,Node2,33,63,400,75.41
5/13/2026 13:35,Node1,33.11,63,424,74.98
5/13/2026 13:35,Node2,33.11,63,424,74.98
5/13/2026 13:40,Node1,33,63,376,75.47
5/13/2026 13:40,Node2,33,63,376,75.47
5/13/2026 13:45,Node1,33.09,62.92,396,75.28
5/13/2026 13:45,Node2,33.09,62.92,396,75.28
5/13/2026 13:50,Node1,33.15,62.19,359,75.56
5/13/2026 13:50,Node2,33.15,62.19,359,75.56
5/13/2026 13:55,Node1,33.19,61.65,350,75.78
5/13/2026 13:55,Node2,33.19,61.65,350,75.78
5/13/2026 14:00,Node1,34,62.06,350,75.84
5/13/2026 14:00,Node2,34,62.06,350,75.84
5/13/2026 14:05,Node1,34.11,62.79,378,75.82
5/13/2026 14:05,Node2,34.11,62.79,378,75.82
5/13/2026 14:10,Node1,34.21,63,421,76.04
5/13/2026 14:10,Node2,34.21,63,421,76.04
5/13/2026 14:15,Node1,34.4,63,410,75.92
5/13/2026 14:15,Node2,34.4,63,410,75.92
5/13/2026 14:20,Node1,34.34,62.54,378,75.72
5/13/2026 14:20,Node2,34.34,62.54,378,75.72
5/13/2026 14:25,Node1,34.49,62.31,365,76.09
5/13/2026 14:25,Node2,34.49,62.31,365,76.09
5/13/2026 14:30,Node1,34.57,61.78,352,76.41
5/13/2026 14:30,Node2,34.57,61.78,352,76.41
5/13/2026 14:35,Node1,34.69,62.7,350,76.66
5/13/2026 14:35,Node2,34.69,62.7,350,76.66
5/13/2026 14:40,Node1,34.81,63,393,77.06
5/13/2026 14:40,Node2,34.81,63,393,77.06
5/13/2026 14:45,Node1,34.91,62.36,368,76.63
5/13/2026 14:45,Node2,34.91,62.36,368,76.63
5/13/2026 14:50,Node1,35,63,391,76.69
5/13/2026 14:50,Node2,35,63,391,76.69
5/13/2026 14:55,Node1,34.87,63,401,76.64
5/13/2026 14:55,Node2,34.87,63,401,76.64
5/13/2026 15:00,Node1,34,62.62,437,76.53
5/13/2026 15:00,Node2,34,62.62,437,76.53
5/13/2026 15:05,Node1,34,62.68,416,76.76
5/13/2026 15:05,Node2,34,62.68,416,76.76
5/13/2026 15:10,Node1,33.83,63,397,77.06
5/13/2026 15:10,Node2,33.83,63,397,77.06
5/13/2026 15:15,Node1,33.71,63,435,77.37
5/13/2026 15:15,Node2,33.71,63,435,77.37
5/13/2026 15:20,Node1,33.56,62.01,480,77.01
5/13/2026 15:20,Node2,33.56,62.01,480,77.01
5/13/2026 15:25,Node1,33.65,62.97,500,76.59
5/13/2026 15:25,Node2,33.65,62.97,500,76.59
5/13/2026 15:30,Node1,33.5,63,477,76.32
5/13/2026 15:30,Node2,33.5,63,477,76.32
5/13/2026 15:35,Node1,33.3,63,486,76.29
5/13/2026 15:35,Node2,33.3,63,486,76.29
5/13/2026 15:40,Node1,33.12,63,489,76.71
5/13/2026 15:40,Node2,33.12,63,489,76.71
5/13/2026 15:45,Node1,33,62.15,500,76.47
5/13/2026 15:45,Node2,33,62.15,500,76.47
5/13/2026 15:50,Node1,33,62.5,484,76.81
5/13/2026 15:50,Node2,33,62.5,484,76.81
5/13/2026 15:55,Node1,33,62.27,473,77.26
5/13/2026 15:55,Node2,33,62.27,473,77.26
5/13/2026 16:00,Node1,32.97,62.66,1200,77.17
5/13/2026 16:00,Node2,32.97,62.66,1200,77.17
5/13/2026 16:05,Node1,32.86,62,1242,76.93
5/13/2026 16:05,Node2,32.86,62,1242,76.93
5/13/2026 16:10,Node1,33,62.57,1241,77.18
5/13/2026 16:10,Node2,33,62.57,1241,77.18
5/13/2026 16:15,Node1,33,62,1257,77.43
5/13/2026 16:15,Node2,33,62,1257,77.43
5/13/2026 16:20,Node1,33,62,1211,77.08
5/13/2026 16:20,Node2,33,62,1211,77.08
5/13/2026 16:25,Node1,33,62.29,1250,76.73
5/13/2026 16:25,Node2,33,62.29,1250,76.73
5/13/2026 16:30,Node1,32.91,62.51,1265,76.57
5/13/2026 16:30,Node2,32.91,62.51,1265,76.57
5/13/2026 16:35,Node1,32.73,62.66,1287,76.97
5/13/2026 16:35,Node2,32.73,62.66,1287,76.97
5/13/2026 16:40,Node1,32.66,62.07,1296,77.12
5/13/2026 16:40,Node2,32.66,62.07,1296,77.12
5/13/2026 16:45,Node1,32.6,62,1319,77.52
5/13/2026 16:45,Node2,32.6,62,1319,77.52
5/13/2026 16:50,Node1,32.6,62.24,1277,77.77
5/13/2026 16:50,Node2,32.6,62.24,1277,77.77
5/13/2026 16:55,Node1,32.67,62.29,1282,77.76
5/13/2026 16:55,Node2,32.67,62.29,1282,77.76
5/13/2026 17:00,Node1,32,62,1275,77.41
5/13/2026 17:00,Node2,32,62,1275,77.41
5/13/2026 17:05,Node1,31.84,62.94,1239,76.98
5/13/2026 17:05,Node2,31.84,62.94,1239,76.98
5/13/2026 17:10,Node1,31.92,63.06,1249,77.23
5/13/2026 17:10,Node2,31.92,63.06,1249,77.23
5/13/2026 17:15,Node1,31.9,63.77,1269,76.79
5/13/2026 17:15,Node2,31.9,63.77,1269,76.79
5/13/2026 17:20,Node1,31.97,63.04,1305,76.77
5/13/2026 17:20,Node2,31.97,63.04,1305,76.77
5/13/2026 17:25,Node1,31.91,62.25,1298,76.82
5/13/2026 17:25,Node2,31.91,62.25,1298,76.82
5/13/2026 17:30,Node1,32,62.13,1259,76.89
5/13/2026 17:30,Node2,32,62.13,1259,76.89
5/13/2026 17:35,Node1,31.99,62.57,1241,76.94
5/13/2026 17:35,Node2,31.99,62.57,1241,76.94
5/13/2026 17:40,Node1,31.94,63.25,1200,76.79
5/13/2026 17:40,Node2,31.94,63.25,1200,76.79
5/13/2026 17:45,Node1,32,63.52,1216,77.01
5/13/2026 17:45,Node2,32,63.52,1216,77.01
5/13/2026 17:50,Node1,32,63.96,1205,76.75
5/13/2026 17:50,Node2,32,63.96,1205,76.75
5/13/2026 17:55,Node1,32,63.81,1200,76.37
5/13/2026 17:55,Node2,32,63.81,1200,76.37
5/13/2026 18:00,Node1,31,63.86,1226,75.94
5/13/2026 18:00,Node2,31,63.86,1226,75.94
5/13/2026 18:05,Node1,31,64.79,1208,75.89
5/13/2026 18:05,Node2,31,64.79,1208,75.89
5/13/2026 18:10,Node1,31,65.19,1243,75.7
5/13/2026 18:10,Node2,31,65.19,1243,75.7
5/13/2026 18:15,Node1,31,64.37,1209,75.21
5/13/2026 18:15,Node2,31,64.37,1209,75.21
5/13/2026 18:20,Node1,31,65.34,1200,75.66
5/13/2026 18:20,Node2,31,65.34,1200,75.66
5/13/2026 18:25,Node1,30.99,64.59,1200,75.6
5/13/2026 18:25,Node2,30.99,64.59,1200,75.6
5/13/2026 18:30,Node1,31,64.29,1211,75.74
5/13/2026 18:30,Node2,31,64.29,1211,75.74
5/13/2026 18:35,Node1,30.88,64.82,1244,75.33
5/13/2026 18:35,Node2,30.88,64.82,1244,75.33
5/13/2026 18:40,Node1,30.86,64.6,1248,75.47
5/13/2026 18:40,Node2,30.86,64.6,1248,75.47
5/13/2026 18:45,Node1,30.73,63.71,1265,75.79
5/13/2026 18:45,Node2,30.73,63.71,1265,75.79
5/13/2026 18:50,Node1,30.66,64.53,1269,75.56
5/13/2026 18:50,Node2,30.66,64.53,1269,75.56
5/13/2026 18:55,Node1,30.54,64.77,1303,75.77
5/13/2026 18:55,Node2,30.54,64.77,1303,75.77
5/13/2026 19:00,Node1,30,77,20,76.19
5/13/2026 19:00,Node2,30,77,20,76.19
5/13/2026 19:05,Node1,29.86,77,0,76.57
5/13/2026 19:05,Node2,29.86,77,0,76.57
5/13/2026 19:10,Node1,29.94,77.61,20,76.34
5/13/2026 19:10,Node2,29.94,77.61,20,76.34
5/13/2026 19:15,Node1,29.79,77,20,76.62
5/13/2026 19:15,Node2,29.79,77,20,76.62
5/13/2026 19:20,Node1,29.71,77.37,20,76.32
5/13/2026 19:20,Node2,29.71,77.37,20,76.32
5/13/2026 19:25,Node1,29.77,77,14,76.78
5/13/2026 19:25,Node2,29.77,77,14,76.78
5/13/2026 19:30,Node1,29.96,77,20,77.2
5/13/2026 19:30,Node2,29.96,77,20,77.2
5/13/2026 19:35,Node1,29.84,77,0,77.56
5/13/2026 19:35,Node2,29.84,77,0,77.56
5/13/2026 19:40,Node1,29.66,77,0,77.79
5/13/2026 19:40,Node2,29.66,77,0,77.79
5/13/2026 19:45,Node1,29.61,77,0,77.48
5/13/2026 19:45,Node2,29.61,77,0,77.48
5/13/2026 19:50,Node1,29.81,77.4,0,77.91
5/13/2026 19:50,Node2,29.81,77.4,0,77.91
5/13/2026 19:55,Node1,29.89,77,0,78
5/13/2026 19:55,Node2,29.89,77,0,78
5/13/2026 20:00,Node1,29,77,20,77.82
5/13/2026 20:00,Node2,29,77,20,77.82
5/13/2026 20:05,Node1,28.88,77.13,20,78
5/13/2026 20:05,Node2,28.88,77.13,20,78
5/13/2026 20:10,Node1,28.76,77,20,77.65
5/13/2026 20:10,Node2,28.76,77,20,77.65
5/13/2026 20:15,Node1,28.87,77,0,77.64
5/13/2026 20:15,Node2,28.87,77,0,77.64
5/13/2026 20:20,Node1,28.89,77.87,0,77.81
5/13/2026 20:20,Node2,28.89,77.87,0,77.81
5/13/2026 20:25,Node1,28.86,77.77,20,78.3
5/13/2026 20:25,Node2,28.86,77.77,20,78.3
5/13/2026 20:30,Node1,28.99,78.15,20,78.35
5/13/2026 20:30,Node2,28.99,78.15,20,78.35
5/13/2026 20:35,Node1,29,78.31,20,78.26
5/13/2026 20:35,Node2,29,78.31,20,78.26
5/13/2026 20:40,Node1,28.86,77.93,20,78.32
5/13/2026 20:40,Node2,28.86,77.93,20,78.32
5/13/2026 20:45,Node1,28.85,78.25,20,78.6
5/13/2026 20:45,Node2,28.85,78.25,20,78.6
5/13/2026 20:50,Node1,28.98,78.52,0,78.2
5/13/2026 20:50,Node2,28.98,78.52,0,78.2
5/13/2026 20:55,Node1,29,79.19,20,77.82
5/13/2026 20:55,Node2,29,79.19,20,77.82
5/13/2026 21:00,Node1,28,79.46,20,77.44
5/13/2026 21:00,Node2,28,79.46,20,77.44
5/13/2026 21:05,Node1,27.98,79.99,20,76.95
5/13/2026 21:05,Node2,27.98,79.99,20,76.95
5/13/2026 21:10,Node1,28,80.6,20,77.26
5/13/2026 21:10,Node2,28,80.6,20,77.26
5/13/2026 21:15,Node1,27.97,81.35,20,77.03
5/13/2026 21:15,Node2,27.97,81.35,20,77.03
5/13/2026 21:20,Node1,27.99,81.66,20,77.46
5/13/2026 21:20,Node2,27.99,81.66,20,77.46
5/13/2026 21:25,Node1,28,82.59,11,77.26
5/13/2026 21:25,Node2,28,82.59,11,77.26
5/13/2026 21:30,Node1,28,82.76,20,76.79
5/13/2026 21:30,Node2,28,82.76,20,76.79
5/13/2026 21:35,Node1,27.86,83,20,77.24
5/13/2026 21:35,Node2,27.86,83,20,77.24
5/13/2026 21:40,Node1,27.79,83,20,77.53
5/13/2026 21:40,Node2,27.79,83,20,77.53
5/13/2026 21:45,Node1,27.68,82.03,20,77.24
5/13/2026 21:45,Node2,27.68,82.03,20,77.24
5/13/2026 21:50,Node1,27.58,81.57,20,76.92
5/13/2026 21:50,Node2,27.58,81.57,20,76.92
5/13/2026 21:55,Node1,27.56,81.61,20,76.98
5/13/2026 21:55,Node2,27.56,81.61,20,76.98
5/13/2026 22:00,Node1,27,81.05,20,76.92
5/13/2026 22:00,Node2,27,81.05,20,76.92
5/13/2026 22:05,Node1,26.83,80.84,0,76.9
5/13/2026 22:05,Node2,26.83,80.84,0,76.9
5/13/2026 22:10,Node1,26.97,81.36,0,76.92
5/13/2026 22:10,Node2,26.97,81.36,0,76.92
5/13/2026 22:15,Node1,26.9,80.46,20,76.95
5/13/2026 22:15,Node2,26.9,80.46,20,76.95
5/13/2026 22:20,Node1,27,81.05,20,77.27
5/13/2026 22:20,Node2,27,81.05,20,77.27
5/13/2026 22:25,Node1,27,81.19,3,77.75
5/13/2026 22:25,Node2,27,81.19,3,77.75
5/13/2026 22:30,Node1,26.99,81.55,20,77.26
5/13/2026 22:30,Node2,26.99,81.55,20,77.26
5/13/2026 22:35,Node1,27,81.15,20,77.63
5/13/2026 22:35,Node2,27,81.15,20,77.63
5/13/2026 22:40,Node1,27,80.87,20,77.47
5/13/2026 22:40,Node2,27,80.87,20,77.47
5/13/2026 22:45,Node1,26.87,80.51,0,77.48
5/13/2026 22:45,Node2,26.87,80.51,0,77.48
5/13/2026 22:50,Node1,27,81.01,0,77.92
5/13/2026 22:50,Node2,27,81.01,0,77.92
5/13/2026 22:55,Node1,26.95,80.4,20,77.57
5/13/2026 22:55,Node2,26.95,80.4,20,77.57
5/13/2026 23:00,Node1,26,80.76,20,77.85
5/13/2026 23:00,Node2,26,80.76,20,77.85
5/13/2026 23:05,Node1,26,79.91,0,78.3
5/13/2026 23:05,Node2,26,79.91,0,78.3
5/13/2026 23:10,Node1,26,79.11,14,78.76
5/13/2026 23:10,Node2,26,79.11,14,78.76
5/13/2026 23:15,Node1,25.84,79.77,20,78.94
5/13/2026 23:15,Node2,25.84,79.77,20,78.94
5/13/2026 23:20,Node1,25.78,80.45,20,78.45
5/13/2026 23:20,Node2,25.78,80.45,20,78.45
5/13/2026 23:25,Node1,25.67,80.81,20,78.76
5/13/2026 23:25,Node2,25.67,80.81,20,78.76
5/13/2026 23:30,Node1,25.77,79.9,20,78.69
5/13/2026 23:30,Node2,25.77,79.9,20,78.69
5/13/2026 23:35,Node1,25.87,79.65,20,78.21
5/13/2026 23:35,Node2,25.87,79.65,20,78.21
5/13/2026 23:40,Node1,25.75,79.49,0,78.14
5/13/2026 23:40,Node2,25.75,79.49,0,78.14
5/13/2026 23:45,Node1,25.58,79.03,20,77.85
5/13/2026 23:45,Node2,25.58,79.03,20,77.85
5/13/2026 23:50,Node1,25.69,79.7,20,78.12
5/13/2026 23:50,Node2,25.69,79.7,20,78.12
5/13/2026 23:55,Node1,25.82,80.59,20,78.16
5/13/2026 23:55,Node2,25.82,80.59,20,78.16
5/14/2026 0:00,Node1,25.5,82,5,78.02
5/14/2026 0:00,Node2,25.5,82,5,78.02
5/14/2026 0:05,Node1,25.31,82,5,78.16
5/14/2026 0:05,Node2,25.31,82,5,78.16
5/14/2026 0:10,Node1,25.33,82.03,5,78.04
5/14/2026 0:10,Node2,25.33,82.03,5,78.04
5/14/2026 0:15,Node1,25.44,82,5,78.17
5/14/2026 0:15,Node2,25.44,82,5,78.17
5/14/2026 0:20,Node1,25.5,82,0,78.4
5/14/2026 0:20,Node2,25.5,82,0,78.4
5/14/2026 0:25,Node1,25.5,82.24,5,78.81
5/14/2026 0:25,Node2,25.5,82.24,5,78.81
5/14/2026 0:30,Node1,25.39,83.03,5,79.26
5/14/2026 0:30,Node2,25.39,83.03,5,79.26
5/14/2026 0:35,Node1,25.41,83.13,5,79.43
5/14/2026 0:35,Node2,25.41,83.13,5,79.43
5/14/2026 0:40,Node1,25.29,83.78,0,79.19
5/14/2026 0:40,Node2,25.29,83.78,0,79.19
5/14/2026 0:45,Node1,25.1,83.75,0,78.89
5/14/2026 0:45,Node2,25.1,83.75,0,78.89
5/14/2026 0:50,Node1,25.06,82.86,5,78.45
5/14/2026 0:50,Node2,25.06,82.86,5,78.45
5/14/2026 0:55,Node1,24.92,83.26,0,78.83
5/14/2026 0:55,Node2,24.92,83.26,0,78.83
5/14/2026 1:00,Node1,24.79,83.03,1,78.35
5/14/2026 1:00,Node2,24.79,83.03,1,78.35
5/14/2026 1:05,Node1,24.97,82.1,0,78.69
5/14/2026 1:05,Node2,24.97,82.1,0,78.69
5/14/2026 1:10,Node1,25.01,82,5,78.8
5/14/2026 1:10,Node2,25.01,82,5,78.8
5/14/2026 1:15,Node1,24.91,82,0,78.45
5/14/2026 1:15,Node2,24.91,82,0,78.45
5/14/2026 1:20,Node1,24.98,82,5,78.43
5/14/2026 1:20,Node2,24.98,82,5,78.43
5/14/2026 1:25,Node1,25.07,82,5,77.95
5/14/2026 1:25,Node2,25.07,82,5,77.95
5/14/2026 1:30,Node1,24.99,82.06,0,77.83
5/14/2026 1:30,Node2,24.99,82.06,0,77.83
5/14/2026 1:35,Node1,24.95,82,0,77.54
5/14/2026 1:35,Node2,24.95,82,0,77.54
5/14/2026 1:40,Node1,24.78,82.31,0,77.88
5/14/2026 1:40,Node2,24.78,82.31,0,77.88
5/14/2026 1:45,Node1,24.98,82,0,77.55
5/14/2026 1:45,Node2,24.98,82,0,77.55
5/14/2026 1:50,Node1,25.11,82.32,3,77.88
5/14/2026 1:50,Node2,25.11,82.32,3,77.88
5/14/2026 1:55,Node1,25.21,83.04,1,77.76
5/14/2026 1:55,Node2,25.21,83.04,1,77.76
5/14/2026 2:00,Node1,25,83.04,5,77.95
5/14/2026 2:00,Node2,25,83.04,5,77.95
5/14/2026 2:05,Node1,24.87,82.24,5,78.16
5/14/2026 2:05,Node2,24.87,82.24,5,78.16
5/14/2026 2:10,Node1,24.97,82.89,0,78.01
5/14/2026 2:10,Node2,24.97,82.89,0,78.01
5/14/2026 2:15,Node1,25,83.68,0,77.63
5/14/2026 2:15,Node2,25,83.68,0,77.63
5/14/2026 2:20,Node1,24.81,83.79,5,77.26
5/14/2026 2:20,Node2,24.81,83.79,5,77.26
5/14/2026 2:25,Node1,24.74,83.25,5,77.44
5/14/2026 2:25,Node2,24.74,83.25,5,77.44
5/14/2026 2:30,Node1,24.68,83.58,5,77.09
5/14/2026 2:30,Node2,24.68,83.58,5,77.09
5/14/2026 2:35,Node1,24.68,83.05,0,76.87
5/14/2026 2:35,Node2,24.68,83.05,0,76.87
5/14/2026 2:40,Node1,24.83,83.23,5,76.93
5/14/2026 2:40,Node2,24.83,83.23,5,76.93
5/14/2026 2:45,Node1,24.72,83.92,5,76.8
5/14/2026 2:45,Node2,24.72,83.92,5,76.8
5/14/2026 2:50,Node1,24.85,83.57,0,76.99
5/14/2026 2:50,Node2,24.85,83.57,0,76.99
5/14/2026 2:55,Node1,24.71,82.83,5,77.45
5/14/2026 2:55,Node2,24.71,82.83,5,77.45
5/14/2026 3:00,Node1,24.72,83.27,5,77.89
5/14/2026 3:00,Node2,24.72,83.27,5,77.89
5/14/2026 3:05,Node1,24.74,82.82,5,78.14
5/14/2026 3:05,Node2,24.74,82.82,5,78.14
5/14/2026 3:10,Node1,24.75,82.22,0,78.04
5/14/2026 3:10,Node2,24.75,82.22,0,78.04
5/14/2026 3:15,Node1,24.82,82,0,77.69
5/14/2026 3:15,Node2,24.82,82,0,77.69
5/14/2026 3:20,Node1,24.7,82.85,5,77.85
5/14/2026 3:20,Node2,24.7,82.85,5,77.85
5/14/2026 3:25,Node1,24.7,82.58,5,78.16
5/14/2026 3:25,Node2,24.7,82.58,5,78.16
5/14/2026 3:30,Node1,24.51,82,0,78.1
5/14/2026 3:30,Node2,24.51,82,0,78.1
5/14/2026 3:35,Node1,24.47,82,0,77.66
5/14/2026 3:35,Node2,24.47,82,0,77.66
5/14/2026 3:40,Node1,24.62,82.94,0,77.63
5/14/2026 3:40,Node2,24.62,82.94,0,77.63
5/14/2026 3:45,Node1,24.79,83.64,0,77.2
5/14/2026 3:45,Node2,24.79,83.64,0,77.2
5/14/2026 3:50,Node1,24.74,84.05,0,77.36
5/14/2026 3:50,Node2,24.74,84.05,0,77.36
5/14/2026 3:55,Node1,24.86,83.71,5,77
5/14/2026 3:55,Node2,24.86,83.71,5,77
5/14/2026 4:00,Node1,24.69,83.04,5,76.84
5/14/2026 4:00,Node2,24.69,83.04,5,76.84
5/14/2026 4:05,Node1,24.86,82.55,0,76.84
5/14/2026 4:05,Node2,24.86,82.55,0,76.84
5/14/2026 4:10,Node1,24.71,82.32,0,76.82
5/14/2026 4:10,Node2,24.71,82.32,0,76.82
5/14/2026 4:15,Node1,24.86,82,5,77.02
5/14/2026 4:15,Node2,24.86,82,5,77.02
5/14/2026 4:20,Node1,24.99,82,5,77.29
5/14/2026 4:20,Node2,24.99,82,5,77.29
5/14/2026 4:25,Node1,25.04,82.4,5,76.84
5/14/2026 4:25,Node2,25.04,82.4,5,76.84
5/14/2026 4:30,Node1,24.87,82.35,5,76.47
5/14/2026 4:30,Node2,24.87,82.35,5,76.47
5/14/2026 4:35,Node1,25.03,82.18,0,76.46
5/14/2026 4:35,Node2,25.03,82.18,0,76.46
5/14/2026 4:40,Node1,25.21,82.92,0,76.41
5/14/2026 4:40,Node2,25.21,82.92,0,76.41
5/14/2026 4:45,Node1,25.13,83.32,5,76.22
5/14/2026 4:45,Node2,25.13,83.32,5,76.22
5/14/2026 4:50,Node1,25.24,82.94,0,76.45
5/14/2026 4:50,Node2,25.24,82.94,0,76.45
5/14/2026 4:55,Node1,25.25,82.14,0,76.32
5/14/2026 4:55,Node2,25.25,82.14,0,76.32
5/14/2026 5:00,Node1,25.06,82.9,5,76.38
5/14/2026 5:00,Node2,25.06,82.9,5,76.38
5/14/2026 5:05,Node1,25.11,83.59,0,76.29
5/14/2026 5:05,Node2,25.11,83.59,0,76.29
5/14/2026 5:10,Node1,25.22,83.72,5,76.13
5/14/2026 5:10,Node2,25.22,83.72,5,76.13
5/14/2026 5:15,Node1,25.13,84.66,0,76.37
5/14/2026 5:15,Node2,25.13,84.66,0,76.37
5/14/2026 5:20,Node1,25.1,84.4,5,75.9
5/14/2026 5:20,Node2,25.1,84.4,5,75.9
5/14/2026 5:25,Node1,25.15,85.19,0,76.13
5/14/2026 5:25,Node2,25.15,85.19,0,76.13
5/14/2026 5:30,Node1,25.09,85.18,5,76.49
5/14/2026 5:30,Node2,25.09,85.18,5,76.49
5/14/2026 5:35,Node1,25.13,85.86,0,76.22
5/14/2026 5:35,Node2,25.13,85.86,0,76.22
5/14/2026 5:40,Node1,25.22,85.99,5,76.39
5/14/2026 5:40,Node2,25.22,85.99,5,76.39
5/14/2026 5:45,Node1,25.33,85.97,5,75.91
5/14/2026 5:45,Node2,25.33,85.97,5,75.91
5/14/2026 5:50,Node1,25.21,85.15,5,75.77
5/14/2026 5:50,Node2,25.21,85.15,5,75.77
5/14/2026 5:55,Node1,25.01,84.18,0,75.88
5/14/2026 5:55,Node2,25.01,84.18,0,75.88
5/14/2026 6:00,Node1,26,78,80,76.01
5/14/2026 6:00,Node2,26,78,80,76.01
5/14/2026 6:05,Node1,26,78,84,76.23
5/14/2026 6:05,Node2,26,78,84,76.23
5/14/2026 6:10,Node1,26,78,129,76.47
5/14/2026 6:10,Node2,26,78,129,76.47
5/14/2026 6:15,Node1,26,78,146,76.41
5/14/2026 6:15,Node2,26,78,146,76.41
5/14/2026 6:20,Node1,26.02,78,150,76.26
5/14/2026 6:20,Node2,26.02,78,150,76.26
5/14/2026 6:25,Node1,26.13,77.43,140,76.7
5/14/2026 6:25,Node2,26.13,77.43,140,76.7
5/14/2026 6:30,Node1,26.31,76.71,138,76.85
5/14/2026 6:30,Node2,26.31,76.71,138,76.85
5/14/2026 6:35,Node1,26.5,77.26,136,76.94
5/14/2026 6:35,Node2,26.5,77.26,136,76.94
5/14/2026 6:40,Node1,26.7,76.33,132,76.99
5/14/2026 6:40,Node2,26.7,76.33,132,76.99
5/14/2026 6:45,Node1,26.87,76.07,150,76.81
5/14/2026 6:45,Node2,26.87,76.07,150,76.81
5/14/2026 6:50,Node1,26.95,76.67,150,76.34
5/14/2026 6:50,Node2,26.95,76.67,150,76.34
5/14/2026 6:55,Node1,26.87,77.45,109,76.45
5/14/2026 6:55,Node2,26.87,77.45,109,76.45
5/14/2026 7:00,Node1,27,77.8,80,76.86
5/14/2026 7:00,Node2,27,77.8,80,76.86
5/14/2026 7:05,Node1,27.15,77.06,80,76.5
5/14/2026 7:05,Node2,27.15,77.06,80,76.5
5/14/2026 7:10,Node1,27.09,77.12,80,76.86
5/14/2026 7:10,Node2,27.09,77.12,80,76.86
5/14/2026 7:15,Node1,27.08,76.55,113,76.99
5/14/2026 7:15,Node2,27.08,76.55,113,76.99
5/14/2026 7:20,Node1,27.22,77.53,109,77.37
5/14/2026 7:20,Node2,27.22,77.53,109,77.37
5/14/2026 7:25,Node1,27.04,76.82,81,77.3
5/14/2026 7:25,Node2,27.04,76.82,81,77.3
5/14/2026 7:30,Node1,27.04,76.33,95,77.68
5/14/2026 7:30,Node2,27.04,76.33,95,77.68
5/14/2026 7:35,Node1,27.19,76,137,77.54
5/14/2026 7:35,Node2,27.19,76,137,77.54
5/14/2026 7:40,Node1,27.35,76.78,109,77.95
5/14/2026 7:40,Node2,27.35,76.78,109,77.95
5/14/2026 7:45,Node1,27.39,76.98,100,77.82
5/14/2026 7:45,Node2,27.39,76.98,100,77.82
5/14/2026 7:50,Node1,27.5,77.61,95,78.22
5/14/2026 7:50,Node2,27.5,77.61,95,78.22
5/14/2026 7:55,Node1,27.34,77.62,80,78.27
5/14/2026 7:55,Node2,27.34,77.62,80,78.27
5/14/2026 8:00,Node1,28,78,119,78.19
5/14/2026 8:00,Node2,28,78,119,78.19
5/14/2026 8:05,Node1,28,77.37,143,77.92
5/14/2026 8:05,Node2,28,77.37,143,77.92
5/14/2026 8:10,Node1,28,77.28,129,77.91
5/14/2026 8:10,Node2,28,77.28,129,77.91
5/14/2026 8:15,Node1,28,76.54,83,78.1
5/14/2026 8:15,Node2,28,76.54,83,78.1
5/14/2026 8:20,Node1,28,75.69,97,77.65
5/14/2026 8:20,Node2,28,75.69,97,77.65
5/14/2026 8:25,Node1,28.11,75.16,80,77.79
5/14/2026 8:25,Node2,28.11,75.16,80,77.79
5/14/2026 8:30,Node1,28.29,75.32,128,77.77
5/14/2026 8:30,Node2,28.29,75.32,128,77.77
5/14/2026 8:35,Node1,28.19,74.46,150,77.64
5/14/2026 8:35,Node2,28.19,74.46,150,77.64
5/14/2026 8:40,Node1,28.1,75.32,150,77.94
5/14/2026 8:40,Node2,28.1,75.32,150,77.94
5/14/2026 8:45,Node1,28,74.55,150,77.87
5/14/2026 8:45,Node2,28,74.55,150,77.87
5/14/2026 8:50,Node1,28.04,74.26,105,78.29
5/14/2026 8:50,Node2,28.04,74.26,105,78.29
5/14/2026 8:55,Node1,28,73.87,86,77.83
5/14/2026 8:55,Node2,28,73.87,86,77.83
5/14/2026 9:00,Node1,29,74.57,108,78.16
5/14/2026 9:00,Node2,29,74.57,108,78.16
5/14/2026 9:05,Node1,29.06,75.57,116,77.86
5/14/2026 9:05,Node2,29.06,75.57,116,77.86
5/14/2026 9:10,Node1,29,74.59,82,77.39
5/14/2026 9:10,Node2,29,74.59,82,77.39
5/14/2026 9:15,Node1,29.12,74.25,103,76.98
5/14/2026 9:15,Node2,29.12,74.25,103,76.98
5/14/2026 9:20,Node1,29.06,73.31,80,76.94
5/14/2026 9:20,Node2,29.06,73.31,80,76.94
5/14/2026 9:25,Node1,29,72.38,123,76.83
5/14/2026 9:25,Node2,29,72.38,123,76.83
5/14/2026 9:30,Node1,29.05,72,80,76.89
5/14/2026 9:30,Node2,29.05,72,80,76.89
5/14/2026 9:35,Node1,29,72.79,80,76.98
5/14/2026 9:35,Node2,29,72.79,80,76.98
5/14/2026 9:40,Node1,29,73.31,96,76.84
5/14/2026 9:40,Node2,29,73.31,96,76.84
5/14/2026 9:45,Node1,29.1,72.5,85,76.39
5/14/2026 9:45,Node2,29.1,72.5,85,76.39
5/14/2026 9:50,Node1,29.26,72.47,105,76.56
5/14/2026 9:50,Node2,29.26,72.47,105,76.56
5/14/2026 9:55,Node1,29.16,73.37,80,76.29
5/14/2026 9:55,Node2,29.16,73.37,80,76.29
5/14/2026 10:00,Node1,30,73.88,80,76.15
5/14/2026 10:00,Node2,30,73.88,80,76.15
5/14/2026 10:05,Node1,30.1,72.91,80,76.36
5/14/2026 10:05,Node2,30.1,72.91,80,76.36
5/14/2026 10:10,Node1,30,73.52,115,76.25
5/14/2026 10:10,Node2,30,73.52,115,76.25
5/14/2026 10:15,Node1,30.05,72.69,146,76.56
5/14/2026 10:15,Node2,30.05,72.69,146,76.56
5/14/2026 10:20,Node1,30.22,73.51,136,76.66
5/14/2026 10:20,Node2,30.22,73.51,136,76.66
5/14/2026 10:25,Node1,30.1,73.38,150,76.81
5/14/2026 10:25,Node2,30.1,73.38,150,76.81
5/14/2026 10:30,Node1,30.11,72.41,150,76.65
5/14/2026 10:30,Node2,30.11,72.41,150,76.65
5/14/2026 10:35,Node1,30.28,72.21,150,76.58
5/14/2026 10:35,Node2,30.28,72.21,150,76.58
5/14/2026 10:40,Node1,30.4,72.39,150,76.27
5/14/2026 10:40,Node2,30.4,72.39,150,76.27
5/14/2026 10:45,Node1,30.24,72.31,128,75.86
5/14/2026 10:45,Node2,30.24,72.31,128,75.86
5/14/2026 10:50,Node1,30.22,72,149,75.52
5/14/2026 10:50,Node2,30.22,72,149,75.52
5/14/2026 10:55,Node1,30.17,72,150,75.14
5/14/2026 10:55,Node2,30.17,72,150,75.14
5/14/2026 11:00,Node1,31,72,150,74.78
5/14/2026 11:00,Node2,31,72,150,74.78
5/14/2026 11:05,Node1,31,72,150,74.57
5/14/2026 11:05,Node2,31,72,150,74.57
5/14/2026 11:10,Node1,31,72,150,74.8
5/14/2026 11:10,Node2,31,72,150,74.8
5/14/2026 11:15,Node1,31.17,72,133,75.19
5/14/2026 11:15,Node2,31.17,72,133,75.19
5/14/2026 11:20,Node1,31.06,72,121,74.8
5/14/2026 11:20,Node2,31.06,72,121,74.8
5/14/2026 11:25,Node1,31,72,150,75.27
5/14/2026 11:25,Node2,31,72,150,75.27
5/14/2026 11:30,Node1,31,72.57,137,75.15
5/14/2026 11:30,Node2,31,72.57,137,75.15
5/14/2026 11:35,Node1,31,72.96,95,74.81
5/14/2026 11:35,Node2,31,72.96,95,74.81
5/14/2026 11:40,Node1,31.11,72.86,103,74.91
5/14/2026 11:40,Node2,31.11,72.86,103,74.91
5/14/2026 11:45,Node1,31.23,72,80,75.39
5/14/2026 11:45,Node2,31.23,72,80,75.39
5/14/2026 11:50,Node1,31.32,72.17,80,75.71
5/14/2026 11:50,Node2,31.32,72.17,80,75.71
5/14/2026 11:55,Node1,31.16,73,80,75.57
5/14/2026 11:55,Node2,31.16,73,80,75.57
5/14/2026 12:00,Node1,32,63,350,75.81
5/14/2026 12:00,Node2,32,63,350,75.81
5/14/2026 12:05,Node1,32.1,62.66,387,75.49
5/14/2026 12:05,Node2,32.1,62.66,387,75.49
5/14/2026 12:10,Node1,32,62.64,351,75.62
5/14/2026 12:10,Node2,32,62.64,351,75.62
5/14/2026 12:15,Node1,32.08,62.44,370,75.55
5/14/2026 12:15,Node2,32.08,62.44,370,75.55
5/14/2026 12:20,Node1,32.2,61.51,372,75.44
5/14/2026 12:20,Node2,32.2,61.51,372,75.44
5/14/2026 12:25,Node1,32.2,62.26,350,75.05
5/14/2026 12:25,Node2,32.2,62.26,350,75.05
5/14/2026 12:30,Node1,32,62.14,362,75.18
5/14/2026 12:30,Node2,32,62.14,362,75.18
5/14/2026 12:35,Node1,32,61.36,350,74.85
5/14/2026 12:35,Node2,32,61.36,350,74.85
5/14/2026 12:40,Node1,32.18,61.36,382,74.46
5/14/2026 12:40,Node2,32.18,61.36,382,74.46
5/14/2026 12:45,Node1,32.06,60.43,350,74.82
5/14/2026 12:45,Node2,32.06,60.43,350,74.82
5/14/2026 12:50,Node1,32,59.76,350,74.37
5/14/2026 12:50,Node2,32,59.76,350,74.37
5/14/2026 12:55,Node1,32,60.52,357,74.16
5/14/2026 12:55,Node2,32,60.52,357,74.16
5/14/2026 13:00,Node1,33,61.39,377,74.11
5/14/2026 13:00,Node2,33,61.39,377,74.11
5/14/2026 13:05,Node1,33.18,62.33,360,74.17
5/14/2026 13:05,Node2,33.18,62.33,360,74.17
5/14/2026 13:10,Node1,33.2,61.71,396,73.83
5/14/2026 13:10,Node2,33.2,61.71,396,73.83
5/14/2026 13:15,Node1,33.16,60.93,401,73.81
5/14/2026 13:15,Node2,33.16,60.93,401,73.81
5/14/2026 13:20,Node1,33.14,61.78,353,73.51
5/14/2026 13:20,Node2,33.14,61.78,353,73.51
5/14/2026 13:25,Node1,33.2,61.43,350,73.69
5/14/2026 13:25,Node2,33.2,61.43,350,73.69
5/14/2026 13:30,Node1,33.12,60.63,350,73.85
5/14/2026 13:30,Node2,33.12,60.63,350,73.85
5/14/2026 13:35,Node1,33.32,60.64,350,73.84
5/14/2026 13:35,Node2,33.32,60.64,350,73.84
5/14/2026 13:40,Node1,33.22,60.33,387,73.69
5/14/2026 13:40,Node2,33.22,60.33,387,73.69
5/14/2026 13:45,Node1,33.36,59.35,374,73.3
5/14/2026 13:45,Node2,33.36,59.35,374,73.3
5/14/2026 13:50,Node1,33.31,58.92,394,73.27
5/14/2026 13:50,Node2,33.31,58.92,394,73.27
5/14/2026 13:55,Node1,33.27,59.3,426,72.93
5/14/2026 13:55,Node2,33.27,59.3,426,72.93
5/14/2026 14:00,Node1,34,60.17,466,72.52
5/14/2026 14:00,Node2,34,60.17,466,72.52
5/14/2026 14:05,Node1,34,59.2,427,72.04
5/14/2026 14:05,Node2,34,59.2,427,72.04
5/14/2026 14:10,Node1,34.07,58.8,430,71.63
5/14/2026 14:10,Node2,34.07,58.8,430,71.63
5/14/2026 14:15,Node1,34.15,58.77,397,71.87
5/14/2026 14:15,Node2,34.15,58.77,397,71.87
5/14/2026 14:20,Node1,34.17,58.41,406,72.26
5/14/2026 14:20,Node2,34.17,58.41,406,72.26
5/14/2026 14:25,Node1,34.35,57.52,383,72.4
5/14/2026 14:25,Node2,34.35,57.52,383,72.4
5/14/2026 14:30,Node1,34.24,57.5,377,72.49
5/14/2026 14:30,Node2,34.24,57.5,377,72.49
5/14/2026 14:35,Node1,34.09,57.66,361,72.8
5/14/2026 14:35,Node2,34.09,57.66,361,72.8
5/14/2026 14:40,Node1,34.27,57,401,72.31
5/14/2026 14:40,Node2,34.27,57,401,72.31
5/14/2026 14:45,Node1,34.3,57,384,72.49
5/14/2026 14:45,Node2,34.3,57,384,72.49
5/14/2026 14:50,Node1,34.14,57.51,350,72.14
5/14/2026 14:50,Node2,34.14,57.51,350,72.14
5/14/2026 14:55,Node1,34.11,57,395,72.17
5/14/2026 14:55,Node2,34.11,57,395,72.17
5/14/2026 15:00,Node1,34,57.83,388,72.52
5/14/2026 15:00,Node2,34,57.83,388,72.52
5/14/2026 15:05,Node1,33.97,57.26,408,72.89
5/14/2026 15:05,Node2,33.97,57.26,408,72.89
5/14/2026 15:10,Node1,33.88,58.22,420,72.71
5/14/2026 15:10,Node2,33.88,58.22,420,72.71
5/14/2026 15:15,Node1,34,57.49,456,73.17
5/14/2026 15:15,Node2,34,57.49,456,73.17
5/14/2026 15:20,Node1,34,57.78,411,73.1
5/14/2026 15:20,Node2,34,57.78,411,73.1
5/14/2026 15:25,Node1,34,57.88,410,73.15
5/14/2026 15:25,Node2,34,57.88,410,73.15
5/14/2026 15:30,Node1,33.97,57.81,455,73.32
5/14/2026 15:30,Node2,33.97,57.81,455,73.32
5/14/2026 15:35,Node1,33.88,57.3,495,73.34
5/14/2026 15:35,Node2,33.88,57.3,495,73.34
5/14/2026 15:40,Node1,33.89,58.24,476,73.5
5/14/2026 15:40,Node2,33.89,58.24,476,73.5
5/14/2026 15:45,Node1,33.76,58.06,431,73.76
5/14/2026 15:45,Node2,33.76,58.06,431,73.76
5/14/2026 15:50,Node1,33.63,57.34,447,74.08
5/14/2026 15:50,Node2,33.63,57.34,447,74.08
5/14/2026 15:55,Node1,33.81,57,446,74.54
5/14/2026 15:55,Node2,33.81,57,446,74.54
5/14/2026 16:00,Node1,33,62,1200,75.04
5/14/2026 16:00,Node2,33,62,1200,75.04
5/14/2026 16:05,Node1,32.96,62,1208,74.6
5/14/2026 16:05,Node2,32.96,62,1208,74.6
5/14/2026 16:10,Node1,33,62,1247,74.34
5/14/2026 16:10,Node2,33,62,1247,74.34
5/14/2026 16:15,Node1,33,62,1270,74.04
5/14/2026 16:15,Node2,33,62,1270,74.04
5/14/2026 16:20,Node1,33,62.99,1244,73.79
5/14/2026 16:20,Node2,33,62.99,1244,73.79
5/14/2026 16:25,Node1,33,63.58,1241,74.01
5/14/2026 16:25,Node2,33,63.58,1241,74.01
5/14/2026 16:30,Node1,33,63.09,1221,74.14
5/14/2026 16:30,Node2,33,63.09,1221,74.14
5/14/2026 16:35,Node1,33,64.01,1200,73.7
5/14/2026 16:35,Node2,33,64.01,1200,73.7
5/14/2026 16:40,Node1,33,64.15,1200,74.17
5/14/2026 16:40,Node2,33,64.15,1200,74.17
5/14/2026 16:45,Node1,33,64.4,1200,74.43
5/14/2026 16:45,Node2,33,64.4,1200,74.43
5/14/2026 16:50,Node1,32.84,64.98,1240,74.39
5/14/2026 16:50,Node2,32.84,64.98,1240,74.39
5/14/2026 16:55,Node1,32.83,64.33,1286,74.38
5/14/2026 16:55,Node2,32.83,64.33,1286,74.38
5/14/2026 17:00,Node1,32,63.49,1237,74.76
5/14/2026 17:00,Node2,32,63.49,1237,74.76
5/14/2026 17:05,Node1,31.97,63.37,1200,75
5/14/2026 17:05,Node2,31.97,63.37,1200,75
5/14/2026 17:10,Node1,32,63.17,1221,75.21
5/14/2026 17:10,Node2,32,63.17,1221,75.21
5/14/2026 17:15,Node1,32,62.51,1256,75.66
5/14/2026 17:15,Node2,32,62.51,1256,75.66
5/14/2026 17:20,Node1,31.95,62,1286,75.95
5/14/2026 17:20,Node2,31.95,62,1286,75.95
5/14/2026 17:25,Node1,31.87,62,1298,75.9
5/14/2026 17:25,Node2,31.87,62,1298,75.9
5/14/2026 17:30,Node1,32,62,1285,75.4
5/14/2026 17:30,Node2,32,62,1285,75.4
5/14/2026 17:35,Node1,31.88,62,1300,75.86
5/14/2026 17:35,Node2,31.88,62,1300,75.86
5/14/2026 17:40,Node1,31.72,62,1297,75.74
5/14/2026 17:40,Node2,31.72,62,1297,75.74
5/14/2026 17:45,Node1,31.85,62.62,1295,75.69
5/14/2026 17:45,Node2,31.85,62.62,1295,75.69
5/14/2026 17:50,Node1,31.92,63.15,1315,75.37
5/14/2026 17:50,Node2,31.92,63.15,1315,75.37
5/14/2026 17:55,Node1,31.74,62.62,1267,75.46
5/14/2026 17:55,Node2,31.74,62.62,1267,75.46
5/14/2026 18:00,Node1,31,62,1275,75.35
5/14/2026 18:00,Node2,31,62,1275,75.35
5/14/2026 18:05,Node1,31,62,1316,75.56
5/14/2026 18:05,Node2,31,62,1316,75.56
5/14/2026 18:10,Node1,30.95,62.25,1338,75.35
5/14/2026 18:10,Node2,30.95,62.25,1338,75.35
5/14/2026 18:15,Node1,31,62.4,1319,75.57
5/14/2026 18:15,Node2,31,62.4,1319,75.57
5/14/2026 18:20,Node1,30.87,62.3,1347,75.22
5/14/2026 18:20,Node2,30.87,62.3,1347,75.22
5/14/2026 18:25,Node1,30.83,63.24,1345,75.01
5/14/2026 18:25,Node2,30.83,63.24,1345,75.01
5/14/2026 18:30,Node1,30.76,63.86,1362,75.41
5/14/2026 18:30,Node2,30.76,63.86,1362,75.41
5/14/2026 18:35,Node1,30.71,63.79,1402,75.61
5/14/2026 18:35,Node2,30.71,63.79,1402,75.61
5/14/2026 18:40,Node1,30.72,63.77,1433,75.7
5/14/2026 18:40,Node2,30.72,63.77,1433,75.7
5/14/2026 18:45,Node1,30.54,62.96,1423,75.3
5/14/2026 18:45,Node2,30.54,62.96,1423,75.3
5/14/2026 18:50,Node1,30.6,62.13,1431,75.61
5/14/2026 18:50,Node2,30.6,62.13,1431,75.61
5/14/2026 18:55,Node1,30.47,62,1388,75.27
5/14/2026 18:55,Node2,30.47,62,1388,75.27
5/14/2026 19:00,Node1,30,77,20,75.15
5/14/2026 19:00,Node2,30,77,20,75.15
5/14/2026 19:05,Node1,30,77.27,0,75.24
5/14/2026 19:05,Node2,30,77.27,0,75.24
5/14/2026 19:10,Node1,30,77,0,74.85
5/14/2026 19:10,Node2,30,77,0,74.85
5/14/2026 19:15,Node1,30,77.68,20,74.99
5/14/2026 19:15,Node2,30,77.68,20,74.99
5/14/2026 19:20,Node1,29.85,78.39,20,75.19
5/14/2026 19:20,Node2,29.85,78.39,20,75.19
5/14/2026 19:25,Node1,29.66,78.72,20,75.1
5/14/2026 19:25,Node2,29.66,78.72,20,75.1
5/14/2026 19:30,Node1,29.75,78.79,20,75.22
5/14/2026 19:30,Node2,29.75,78.79,20,75.22
5/14/2026 19:35,Node1,29.63,79.05,16,75.46
5/14/2026 19:35,Node2,29.63,79.05,16,75.46
5/14/2026 19:40,Node1,29.65,79.4,20,75.31
5/14/2026 19:40,Node2,29.65,79.4,20,75.31
5/14/2026 19:45,Node1,29.69,78.94,10,75.57
5/14/2026 19:45,Node2,29.69,78.94,10,75.57
5/14/2026 19:50,Node1,29.69,78.94,20,76.03
5/14/2026 19:50,Node2,29.69,78.94,20,76.03
5/14/2026 19:55,Node1,29.8,78.52,20,76.27
5/14/2026 19:55,Node2,29.8,78.52,20,76.27
5/14/2026 20:00,Node1,29,77.8,10,75.87
5/14/2026 20:00,Node2,29,77.8,10,75.87
5/14/2026 20:05,Node1,28.99,77.12,20,76.31
5/14/2026 20:05,Node2,28.99,77.12,20,76.31
5/14/2026 20:10,Node1,29,77,20,76.55
5/14/2026 20:10,Node2,29,77,20,76.55
5/14/2026 20:15,Node1,29,77,20,76.14
5/14/2026 20:15,Node2,29,77,20,76.14
5/14/2026 20:20,Node1,29,77,14,76.14
5/14/2026 20:20,Node2,29,77,14,76.14
5/14/2026 20:25,Node1,28.86,77,0,76.36
5/14/2026 20:25,Node2,28.86,77,0,76.36
5/14/2026 20:30,Node1,29,77.67,0,76.76
5/14/2026 20:30,Node2,29,77.67,0,76.76
5/14/2026 20:35,Node1,28.81,77.65,20,77.16
5/14/2026 20:35,Node2,28.81,77.65,20,77.16
5/14/2026 20:40,Node1,28.81,77.27,20,76.9
5/14/2026 20:40,Node2,28.81,77.27,20,76.9
5/14/2026 20:45,Node1,28.91,77.39,17,77.16
5/14/2026 20:45,Node2,28.91,77.39,17,77.16
5/14/2026 20:50,Node1,28.75,78.3,0,77.34
5/14/2026 20:50,Node2,28.75,78.3,0,77.34
5/14/2026 20:55,Node1,28.63,77.45,0,76.88
5/14/2026 20:55,Node2,28.63,77.45,0,76.88
5/14/2026 21:00,Node1,28,77.65,3,76.72
5/14/2026 21:00,Node2,28,77.65,3,76.72
5/14/2026 21:05,Node1,28,77.5,20,77.18
5/14/2026 21:05,Node2,28,77.5,20,77.18
5/14/2026 21:10,Node1,28,78.13,0,76.88
5/14/2026 21:10,Node2,28,78.13,0,76.88
5/14/2026 21:15,Node1,28,77.96,0,77.2
5/14/2026 21:15,Node2,28,77.96,0,77.2
5/14/2026 21:20,Node1,27.86,78.23,20,76.96
5/14/2026 21:20,Node2,27.86,78.23,20,76.96
5/14/2026 21:25,Node1,27.88,78.37,20,76.76
5/14/2026 21:25,Node2,27.88,78.37,20,76.76
5/14/2026 21:30,Node1,27.84,78.42,7,77.18
5/14/2026 21:30,Node2,27.84,78.42,7,77.18
5/14/2026 21:35,Node1,27.87,77.96,20,77.61
5/14/2026 21:35,Node2,27.87,77.96,20,77.61
5/14/2026 21:40,Node1,27.85,77.1,20,77.65
5/14/2026 21:40,Node2,27.85,77.1,20,77.65
5/14/2026 21:45,Node1,27.73,77,0,78
5/14/2026 21:45,Node2,27.73,77,0,78
5/14/2026 21:50,Node1,27.83,77.1,20,77.56
5/14/2026 21:50,Node2,27.83,77.1,20,77.56
5/14/2026 21:55,Node1,27.86,77,20,77.89
5/14/2026 21:55,Node2,27.86,77,20,77.89
5/14/2026 22:00,Node1,27,77,2,78.17
5/14/2026 22:00,Node2,27,77,2,78.17
5/14/2026 22:05,Node1,27,77,20,78.5
5/14/2026 22:05,Node2,27,77,20,78.5
5/14/2026 22:10,Node1,26.83,77.04,4,78.77
5/14/2026 22:10,Node2,26.83,77.04,4,78.77
5/14/2026 22:15,Node1,26.82,77.39,0,79.25
5/14/2026 22:15,Node2,26.82,77.39,0,79.25
5/14/2026 22:20,Node1,26.89,77,13,79.08
5/14/2026 22:20,Node2,26.89,77,13,79.08
5/14/2026 22:25,Node1,27,77,11,79.16
5/14/2026 22:25,Node2,27,77,11,79.16
5/14/2026 22:30,Node1,27,77,20,78.78
5/14/2026 22:30,Node2,27,77,20,78.78
5/14/2026 22:35,Node1,26.88,77,17,79.12
5/14/2026 22:35,Node2,26.88,77,17,79.12
5/14/2026 22:40,Node1,26.75,77.99,14,79.02
5/14/2026 22:40,Node2,26.75,77.99,14,79.02
5/14/2026 22:45,Node1,26.6,78.59,0,79.31
5/14/2026 22:45,Node2,26.6,78.59,0,79.31
5/14/2026 22:50,Node1,26.67,77.68,20,79.77
5/14/2026 22:50,Node2,26.67,77.68,20,79.77
5/14/2026 22:55,Node1,26.73,78.18,20,79.59
5/14/2026 22:55,Node2,26.73,78.18,20,79.59
5/14/2026 23:00,Node1,26,78.44,20,79.93
5/14/2026 23:00,Node2,26,78.44,20,79.93
5/14/2026 23:05,Node1,26,78.1,0,79.94
5/14/2026 23:05,Node2,26,78.1,0,79.94
5/14/2026 23:10,Node1,25.88,78.02,14,80
5/14/2026 23:10,Node2,25.88,78.02,14,80
5/14/2026 23:15,Node1,26,78.89,20,79.91
5/14/2026 23:15,Node2,26,78.89,20,79.91
5/14/2026 23:20,Node1,26,78.05,20,79.72
5/14/2026 23:20,Node2,26,78.05,20,79.72
5/14/2026 23:25,Node1,25.93,78.09,14,79.58
5/14/2026 23:25,Node2,25.93,78.09,14,79.58
5/14/2026 23:30,Node1,25.84,79.07,20,79.29
5/14/2026 23:30,Node2,25.84,79.07,20,79.29
5/14/2026 23:35,Node1,25.65,78.23,20,79.19
5/14/2026 23:35,Node2,25.65,78.23,20,79.19
5/14/2026 23:40,Node1,25.7,78.21,0,79.54
5/14/2026 23:40,Node2,25.7,78.21,0,79.54
5/14/2026 23:45,Node1,25.86,77.97,0,79.14
5/14/2026 23:45,Node2,25.86,77.97,0,79.14
5/14/2026 23:50,Node1,25.82,78.73,0,78.97
5/14/2026 23:50,Node2,25.82,78.73,0,78.97
5/14/2026 23:55,Node1,25.89,79.42,20,79.28
5/14/2026 23:55,Node2,25.89,79.42,20,79.28
5/15/2026 0:00,Node1,25.5,82,5,79.47
5/15/2026 0:00,Node2,25.5,82,5,79.47
5/15/2026 0:05,Node1,25.5,82.37,5,79.91
5/15/2026 0:05,Node2,25.5,82.37,5,79.91
5/15/2026 0:10,Node1,25.5,82,5,79.44
5/15/2026 0:10,Node2,25.5,82,5,79.44
5/15/2026 0:15,Node1,25.5,82,5,78.95
5/15/2026 0:15,Node2,25.5,82,5,78.95
5/15/2026 0:20,Node1,25.5,82,5,79.22
5/15/2026 0:20,Node2,25.5,82,5,79.22
5/15/2026 0:25,Node1,25.48,82,0,78.95
5/15/2026 0:25,Node2,25.48,82,0,78.95
5/15/2026 0:30,Node1,25.35,82.35,5,79.38
5/15/2026 0:30,Node2,25.35,82.35,5,79.38
5/15/2026 0:35,Node1,25.21,82,0,79.12
5/15/2026 0:35,Node2,25.21,82,0,79.12
5/15/2026 0:40,Node1,25.14,82,4,79.31
5/15/2026 0:40,Node2,25.14,82,4,79.31
5/15/2026 0:45,Node1,25.08,82.77,0,79.2
5/15/2026 0:45,Node2,25.08,82.77,0,79.2
5/15/2026 0:50,Node1,25.28,83.13,0,78.95
5/15/2026 0:50,Node2,25.28,83.13,0,78.95
5/15/2026 0:55,Node1,25.47,83.06,0,79.33
5/15/2026 0:55,Node2,25.47,83.06,0,79.33
5/15/2026 1:00,Node1,25.3,82.23,5,78.91
5/15/2026 1:00,Node2,25.3,82.23,5,78.91
5/15/2026 1:05,Node1,25.3,82,5,79.11
5/15/2026 1:05,Node2,25.3,82,5,79.11
5/15/2026 1:10,Node1,25.22,82.57,0,78.68
5/15/2026 1:10,Node2,25.22,82.57,0,78.68
5/15/2026 1:15,Node1,25.3,82.96,5,78.49
5/15/2026 1:15,Node2,25.3,82.96,5,78.49
5/15/2026 1:20,Node1,25.3,82.56,5,78.55
5/15/2026 1:20,Node2,25.3,82.56,5,78.55
5/15/2026 1:25,Node1,25.26,82.85,5,78.25
5/15/2026 1:25,Node2,25.26,82.85,5,78.25
5/15/2026 1:30,Node1,25.12,83.72,0,78.53
5/15/2026 1:30,Node2,25.12,83.72,0,78.53
5/15/2026 1:35,Node1,25.2,83.3,5,78.69
5/15/2026 1:35,Node2,25.2,83.3,5,78.69
5/15/2026 1:40,Node1,25.3,83.66,0,78.35
5/15/2026 1:40,Node2,25.3,83.66,0,78.35
5/15/2026 1:45,Node1,25.13,83.6,0,77.97
5/15/2026 1:45,Node2,25.13,83.6,0,77.97
5/15/2026 1:50,Node1,25.25,83.97,4,77.63
5/15/2026 1:50,Node2,25.25,83.97,4,77.63
5/15/2026 1:55,Node1,25.3,83.37,0,77.55
5/15/2026 1:55,Node2,25.3,83.37,0,77.55
5/15/2026 2:00,Node1,25,83.08,5,77.61
5/15/2026 2:00,Node2,25,83.08,5,77.61
5/15/2026 2:05,Node1,24.86,83.47,0,77.77
5/15/2026 2:05,Node2,24.86,83.47,0,77.77
5/15/2026 2:10,Node1,24.94,82.48,0,77.86
5/15/2026 2:10,Node2,24.94,82.48,0,77.86
5/15/2026 2:15,Node1,25,82.97,0,78.07
5/15/2026 2:15,Node2,25,82.97,0,78.07
5/15/2026 2:20,Node1,24.88,83.17,5,78.1
5/15/2026 2:20,Node2,24.88,83.17,5,78.1
5/15/2026 2:25,Node1,25,82.25,5,78.19
5/15/2026 2:25,Node2,25,82.25,5,78.19
5/15/2026 2:30,Node1,24.8,82,0,78.32
5/15/2026 2:30,Node2,24.8,82,0,78.32
5/15/2026 2:35,Node1,24.96,82,0,78.68
5/15/2026 2:35,Node2,24.96,82,0,78.68
5/15/2026 2:40,Node1,25,82,0,79.11
5/15/2026 2:40,Node2,25,82,0,79.11
5/15/2026 2:45,Node1,24.84,82.29,5,78.61
5/15/2026 2:45,Node2,24.84,82.29,5,78.61
5/15/2026 2:50,Node1,24.67,82,5,78.43
5/15/2026 2:50,Node2,24.67,82,5,78.43
5/15/2026 2:55,Node1,24.66,82,5,78.59
5/15/2026 2:55,Node2,24.66,82,5,78.59
5/15/2026 3:00,Node1,24.72,82,0,78.7
5/15/2026 3:00,Node2,24.72,82,0,78.7
5/15/2026 3:05,Node1,24.52,82.67,0,78.92
5/15/2026 3:05,Node2,24.52,82.67,0,78.92
5/15/2026 3:10,Node1,24.46,83.54,5,79.35
5/15/2026 3:10,Node2,24.46,83.54,5,79.35
5/15/2026 3:15,Node1,24.58,84.47,5,79.5
5/15/2026 3:15,Node2,24.58,84.47,5,79.5
5/15/2026 3:20,Node1,24.77,84,5,79.77
5/15/2026 3:20,Node2,24.77,84,5,79.77
5/15/2026 3:25,Node1,24.77,83.58,5,79.57
5/15/2026 3:25,Node2,24.77,83.58,5,79.57
5/15/2026 3:30,Node1,24.95,82.97,5,79.19
5/15/2026 3:30,Node2,24.95,82.97,5,79.19
5/15/2026 3:35,Node1,25,83.07,5,79.6
5/15/2026 3:35,Node2,25,83.07,5,79.6
5/15/2026 3:40,Node1,25,82.13,5,79.95
5/15/2026 3:40,Node2,25,82.13,5,79.95
5/15/2026 3:45,Node1,25,82,5,80
5/15/2026 3:45,Node2,25,82,5,80
5/15/2026 3:50,Node1,24.99,82.62,0,79.59
5/15/2026 3:50,Node2,24.99,82.62,0,79.59
5/15/2026 3:55,Node1,24.87,83.26,0,80
5/15/2026 3:55,Node2,24.87,83.26,0,80
5/15/2026 4:00,Node1,25,83.51,5,80
5/15/2026 4:00,Node2,25,83.51,5,80
5/15/2026 4:05,Node1,24.97,84.44,5,79.71
5/15/2026 4:05,Node2,24.97,84.44,5,79.71
5/15/2026 4:10,Node1,25.14,83.73,5,79.63
5/15/2026 4:10,Node2,25.14,83.73,5,79.63
5/15/2026 4:15,Node1,25.3,83.27,0,79.51
5/15/2026 4:15,Node2,25.3,83.27,0,79.51
5/15/2026 4:20,Node1,25.22,83.83,5,79.68
5/15/2026 4:20,Node2,25.22,83.83,5,79.68
5/15/2026 4:25,Node1,25.08,84.28,0,79.59
5/15/2026 4:25,Node2,25.08,84.28,0,79.59
5/15/2026 4:30,Node1,25.19,84.08,5,79.68
5/15/2026 4:30,Node2,25.19,84.08,5,79.68
5/15/2026 4:35,Node1,25.1,84.47,0,80
5/15/2026 4:35,Node2,25.1,84.47,0,80
5/15/2026 4:40,Node1,25.22,84.59,5,80
5/15/2026 4:40,Node2,25.22,84.59,5,80
5/15/2026 4:45,Node1,25.08,84.1,0,79.55
5/15/2026 4:45,Node2,25.08,84.1,0,79.55
5/15/2026 4:50,Node1,25.28,83.25,5,79.68
5/15/2026 4:50,Node2,25.28,83.25,5,79.68
5/15/2026 4:55,Node1,25.19,82.32,5,79.7
5/15/2026 4:55,Node2,25.19,82.32,5,79.7
5/15/2026 5:00,Node1,25.12,82.21,5,80
5/15/2026 5:00,Node2,25.12,82.21,5,80
5/15/2026 5:05,Node1,25,82,0,79.95
5/15/2026 5:05,Node2,25,82,0,79.95
5/15/2026 5:10,Node1,25.19,82.65,0,80
5/15/2026 5:10,Node2,25.19,82.65,0,80
5/15/2026 5:15,Node1,25.08,83.01,5,80
5/15/2026 5:15,Node2,25.08,83.01,5,80
5/15/2026 5:20,Node1,25.03,82.71,0,80
5/15/2026 5:20,Node2,25.03,82.71,0,80
5/15/2026 5:25,Node1,25.22,82.66,0,80
5/15/2026 5:25,Node2,25.22,82.66,0,80
5/15/2026 5:30,Node1,25.09,82.29,5,79.95
5/15/2026 5:30,Node2,25.09,82.29,5,79.95
5/15/2026 5:35,Node1,25.01,82.14,5,80
5/15/2026 5:35,Node2,25.01,82.14,5,80
5/15/2026 5:40,Node1,25.01,82.98,0,80
5/15/2026 5:40,Node2,25.01,82.98,0,80
5/15/2026 5:45,Node1,25,83.39,0,80
5/15/2026 5:45,Node2,25,83.39,0,80
5/15/2026 5:50,Node1,25,84.39,0,79.63
5/15/2026 5:50,Node2,25,84.39,0,79.63
5/15/2026 5:55,Node1,25.15,83.86,5,79.22
5/15/2026 5:55,Node2,25.15,83.86,5,79.22
5/15/2026 6:00,Node1,26,78,80,78.87
5/15/2026 6:00,Node2,26,78,80,78.87
5/15/2026 6:05,Node1,26.14,77.62,80,79.35
5/15/2026 6:05,Node2,26.14,77.62,80,79.35
5/15/2026 6:10,Node1,26,77.43,113,79.2
5/15/2026 6:10,Node2,26,77.43,113,79.2
5/15/2026 6:15,Node1,26.12,77.42,80,79.01
5/15/2026 6:15,Node2,26.12,77.42,80,79.01
5/15/2026 6:20,Node1,26.06,78,80,78.72
5/15/2026 6:20,Node2,26.06,78,80,78.72
5/15/2026 6:25,Node1,26,77.91,105,78.75
5/15/2026 6:25,Node2,26,77.91,105,78.75
5/15/2026 6:30,Node1,26,77.18,99,78.36
5/15/2026 6:30,Node2,26,77.18,99,78.36
5/15/2026 6:35,Node1,26.09,77.36,89,78.44
5/15/2026 6:35,Node2,26.09,77.36,89,78.44
5/15/2026 6:40,Node1,26.09,77.41,80,78.57
5/15/2026 6:40,Node2,26.09,77.41,80,78.57
5/15/2026 6:45,Node1,26,77.62,115,78.34
5/15/2026 6:45,Node2,26,77.62,115,78.34
5/15/2026 6:50,Node1,26.13,77.24,106,78.51
5/15/2026 6:50,Node2,26.13,77.24,106,78.51
5/15/2026 6:55,Node1,26,77.46,130,78.33
5/15/2026 6:55,Node2,26,77.46,130,78.33
5/15/2026 7:00,Node1,27,77.63,150,78.01
5/15/2026 7:00,Node2,27,77.63,150,78.01
5/15/2026 7:05,Node1,27.05,77.25,150,78.49
5/15/2026 7:05,Node2,27.05,77.25,150,78.49
5/15/2026 7:10,Node1,27.18,77.84,150,78.26
5/15/2026 7:10,Node2,27.18,77.84,150,78.26
5/15/2026 7:15,Node1,27.35,77.59,150,77.99
5/15/2026 7:15,Node2,27.35,77.59,150,77.99
5/15/2026 7:20,Node1,27.44,77.98,100,78.03
5/15/2026 7:20,Node2,27.44,77.98,100,78.03
5/15/2026 7:25,Node1,27.26,78,116,78.29
5/15/2026 7:25,Node2,27.26,78,116,78.29
5/15/2026 7:30,Node1,27.2,77.9,124,78.72
5/15/2026 7:30,Node2,27.2,77.9,124,78.72
5/15/2026 7:35,Node1,27.05,76.93,80,78.29
5/15/2026 7:35,Node2,27.05,76.93,80,78.29
5/15/2026 7:40,Node1,27.15,76.8,80,77.88
5/15/2026 7:40,Node2,27.15,76.8,80,77.88
5/15/2026 7:45,Node1,27.31,77.39,80,77.45
5/15/2026 7:45,Node2,27.31,77.39,80,77.45
5/15/2026 7:50,Node1,27.44,76.61,102,77.82
5/15/2026 7:50,Node2,27.44,76.61,102,77.82
5/15/2026 7:55,Node1,27.63,75.9,80,77.63
5/15/2026 7:55,Node2,27.63,75.9,80,77.63
5/15/2026 8:00,Node1,28,74.93,80,77.89
5/15/2026 8:00,Node2,28,74.93,80,77.89
5/15/2026 8:05,Node1,28.03,74.44,80,78.3
5/15/2026 8:05,Node2,28.03,74.44,80,78.3
5/15/2026 8:10,Node1,28,73.82,80,78.62
5/15/2026 8:10,Node2,28,73.82,80,78.62
5/15/2026 8:15,Node1,28.17,73.87,80,78.33
5/15/2026 8:15,Node2,28.17,73.87,80,78.33
5/15/2026 8:20,Node1,28.21,73.39,84,78.18
5/15/2026 8:20,Node2,28.21,73.39,84,78.18
5/15/2026 8:25,Node1,28.4,73,90,78.21
5/15/2026 8:25,Node2,28.4,73,90,78.21
5/15/2026 8:30,Node1,28.49,73.52,80,78.67
5/15/2026 8:30,Node2,28.49,73.52,80,78.67
5/15/2026 8:35,Node1,28.42,74.33,81,78.55
5/15/2026 8:35,Node2,28.42,74.33,81,78.55
5/15/2026 8:40,Node1,28.4,73.76,84,78.39
5/15/2026 8:40,Node2,28.4,73.76,84,78.39
5/15/2026 8:45,Node1,28.33,73.87,80,78.78
5/15/2026 8:45,Node2,28.33,73.87,80,78.78
5/15/2026 8:50,Node1,28.46,73.45,80,78.87
5/15/2026 8:50,Node2,28.46,73.45,80,78.87
5/15/2026 8:55,Node1,28.56,73.19,129,78.83
5/15/2026 8:55,Node2,28.56,73.19,129,78.83
5/15/2026 9:00,Node1,29,73.77,146,78.48
5/15/2026 9:00,Node2,29,73.77,146,78.48
5/15/2026 9:05,Node1,29,73.71,150,78.94
5/15/2026 9:05,Node2,29,73.71,150,78.94
5/15/2026 9:10,Node1,29,72.77,150,78.47
5/15/2026 9:10,Node2,29,72.77,150,78.47
5/15/2026 9:15,Node1,29.14,73.03,138,78.59
5/15/2026 9:15,Node2,29.14,73.03,138,78.59
5/15/2026 9:20,Node1,29,73.73,144,78.3
5/15/2026 9:20,Node2,29,73.73,144,78.3
5/15/2026 9:25,Node1,29.09,74.61,115,78.51
5/15/2026 9:25,Node2,29.09,74.61,115,78.51
5/15/2026 9:30,Node1,29.23,75.06,128,78.07
5/15/2026 9:30,Node2,29.23,75.06,128,78.07
5/15/2026 9:35,Node1,29.09,74.08,150,78.09
5/15/2026 9:35,Node2,29.09,74.08,150,78.09
5/15/2026 9:40,Node1,29.2,73.3,150,77.89
5/15/2026 9:40,Node2,29.2,73.3,150,77.89
5/15/2026 9:45,Node1,29.22,72.32,145,77.62
5/15/2026 9:45,Node2,29.22,72.32,145,77.62
5/15/2026 9:50,Node1,29.18,72,150,77.94
5/15/2026 9:50,Node2,29.18,72,150,77.94
5/15/2026 9:55,Node1,29.07,72.46,150,77.77
5/15/2026 9:55,Node2,29.07,72.46,150,77.77
5/15/2026 10:00,Node1,30,72.3,104,77.64
5/15/2026 10:00,Node2,30,72.3,104,77.64
5/15/2026 10:05,Node1,30.1,72.36,80,77.85
5/15/2026 10:05,Node2,30.1,72.36,80,77.85
5/15/2026 10:10,Node1,30,73.23,80,77.73
5/15/2026 10:10,Node2,30,73.23,80,77.73
5/15/2026 10:15,Node1,30,73.38,80,77.88
5/15/2026 10:15,Node2,30,73.38,80,77.88
5/15/2026 10:20,Node1,30,72.94,108,77.74
5/15/2026 10:20,Node2,30,72.94,108,77.74
5/15/2026 10:25,Node1,30.1,72.01,150,77.6
5/15/2026 10:25,Node2,30.1,72.01,150,77.6
5/15/2026 10:30,Node1,30,72.59,145,77.75
5/15/2026 10:30,Node2,30,72.59,145,77.75
5/15/2026 10:35,Node1,30.07,72,125,77.53
5/15/2026 10:35,Node2,30.07,72,125,77.53
5/15/2026 10:40,Node1,30.08,72,129,77.25
5/15/2026 10:40,Node2,30.08,72,129,77.25
5/15/2026 10:45,Node1,30,72,138,76.76
5/15/2026 10:45,Node2,30,72,138,76.76
5/15/2026 10:50,Node1,30.04,72.54,150,77.04
5/15/2026 10:50,Node2,30.04,72.54,150,77.04
5/15/2026 10:55,Node1,30.06,73.53,150,76.97
5/15/2026 10:55,Node2,30.06,73.53,150,76.97
5/15/2026 11:00,Node1,31,72.99,150,76.61
5/15/2026 11:00,Node2,31,72.99,150,76.61
5/15/2026 11:05,Node1,31,72.57,124,76.12
5/15/2026 11:05,Node2,31,72.57,124,76.12
5/15/2026 11:10,Node1,31.07,73.2,103,76.04
5/15/2026 11:10,Node2,31.07,73.2,103,76.04
5/15/2026 11:15,Node1,31.23,73.62,106,75.68
5/15/2026 11:15,Node2,31.23,73.62,106,75.68
5/15/2026 11:20,Node1,31.15,74.53,92,75.28
5/15/2026 11:20,Node2,31.15,74.53,92,75.28
5/15/2026 11:25,Node1,31.14,75.53,80,75.62
5/15/2026 11:25,Node2,31.14,75.53,80,75.62
5/15/2026 11:30,Node1,31.21,74.85,80,75.63
5/15/2026 11:30,Node2,31.21,74.85,80,75.63
5/15/2026 11:35,Node1,31.3,75.81,80,75.83
5/15/2026 11:35,Node2,31.3,75.81,80,75.83
5/15/2026 11:40,Node1,31.32,76.2,93,75.8
5/15/2026 11:40,Node2,31.32,76.2,93,75.8
5/15/2026 11:45,Node1,31.33,75.27,87,75.93
5/15/2026 11:45,Node2,31.33,75.27,87,75.93
5/15/2026 11:50,Node1,31.43,75.93,93,76.31
5/15/2026 11:50,Node2,31.43,75.93,93,76.31
5/15/2026 11:55,Node1,31.41,75.75,80,76.13
5/15/2026 11:55,Node2,31.41,75.75,80,76.13
5/15/2026 12:00,Node1,32,63,350,76.15
5/15/2026 12:00,Node2,32,63,350,76.15
5/15/2026 12:05,Node1,32,62.86,350,76.5
5/15/2026 12:05,Node2,32,62.86,350,76.5
5/15/2026 12:10,Node1,32.16,61.98,373,76.04
5/15/2026 12:10,Node2,32.16,61.98,373,76.04
5/15/2026 12:15,Node1,32.3,62.63,350,75.61
5/15/2026 12:15,Node2,32.3,62.63,350,75.61
5/15/2026 12:20,Node1,32.17,62.43,350,75.86
5/15/2026 12:20,Node2,32.17,62.43,350,75.86
5/15/2026 12:25,Node1,32.02,62.5,368,75.53
5/15/2026 12:25,Node2,32.02,62.5,368,75.53
5/15/2026 12:30,Node1,32,61.52,404,75.24
5/15/2026 12:30,Node2,32,61.52,404,75.24
5/15/2026 12:35,Node1,32.07,61.86,412,75.64
5/15/2026 12:35,Node2,32.07,61.86,412,75.64
5/15/2026 12:40,Node1,32.05,62.38,387,75.18
5/15/2026 12:40,Node2,32.05,62.38,387,75.18
5/15/2026 12:45,Node1,32.22,61.44,389,74.86
5/15/2026 12:45,Node2,32.22,61.44,389,74.86
5/15/2026 12:50,Node1,32.4,60.52,366,74.55
5/15/2026 12:50,Node2,32.4,60.52,366,74.55
5/15/2026 12:55,Node1,32.59,60.09,414,74.15
5/15/2026 12:55,Node2,32.59,60.09,414,74.15
5/15/2026 13:00,Node1,33,60.6,425,73.89
5/15/2026 13:00,Node2,33,60.6,425,73.89
5/15/2026 13:05,Node1,33.16,61.07,423,74.29
5/15/2026 13:05,Node2,33.16,61.07,423,74.29
5/15/2026 13:10,Node1,33.24,60.97,433,74.34
5/15/2026 13:10,Node2,33.24,60.97,433,74.34
5/15/2026 13:15,Node1,33.35,61.03,430,74.49
5/15/2026 13:15,Node2,33.35,61.03,430,74.49
5/15/2026 13:20,Node1,33.46,60.19,398,74.69
5/15/2026 13:20,Node2,33.46,60.19,398,74.69
5/15/2026 13:25,Node1,33.39,59.55,378,74.76
5/15/2026 13:25,Node2,33.39,59.55,378,74.76
5/15/2026 13:30,Node1,33.35,58.56,399,74.4
5/15/2026 13:30,Node2,33.35,58.56,399,74.4
5/15/2026 13:35,Node1,33.49,59.18,389,74.04
5/15/2026 13:35,Node2,33.49,59.18,389,74.04
5/15/2026 13:40,Node1,33.48,59.42,350,73.96
5/15/2026 13:40,Node2,33.48,59.42,350,73.96
5/15/2026 13:45,Node1,33.65,60.22,350,74.16
5/15/2026 13:45,Node2,33.65,60.22,350,74.16
5/15/2026 13:50,Node1,33.83,59.75,357,73.66
5/15/2026 13:50,Node2,33.83,59.75,357,73.66
5/15/2026 13:55,Node1,33.87,60.57,350,73.38
5/15/2026 13:55,Node2,33.87,60.57,350,73.38
5/15/2026 14:00,Node1,34,61.39,382,73.75
5/15/2026 14:00,Node2,34,61.39,382,73.75
5/15/2026 14:05,Node1,34.13,60.82,382,74.02
5/15/2026 14:05,Node2,34.13,60.82,382,74.02
5/15/2026 14:10,Node1,34.29,61.19,379,74.27
5/15/2026 14:10,Node2,34.29,61.19,379,74.27
5/15/2026 14:15,Node1,34.49,61.24,408,74.29
5/15/2026 14:15,Node2,34.49,61.24,408,74.29
5/15/2026 14:20,Node1,34.34,61.61,390,74.23
5/15/2026 14:20,Node2,34.34,61.61,390,74.23
5/15/2026 14:25,Node1,34.34,62.1,410,74.6
5/15/2026 14:25,Node2,34.34,62.1,410,74.6
5/15/2026 14:30,Node1,34.52,62.2,374,74.81
5/15/2026 14:30,Node2,34.52,62.2,374,74.81
5/15/2026 14:35,Node1,34.51,62.85,350,74.86
5/15/2026 14:35,Node2,34.51,62.85,350,74.86
5/15/2026 14:40,Node1,34.57,63,388,75.31
5/15/2026 14:40,Node2,34.57,63,388,75.31
5/15/2026 14:45,Node1,34.49,63,350,75.8
5/15/2026 14:45,Node2,34.49,63,350,75.8
5/15/2026 14:50,Node1,34.46,62.46,350,75.95
5/15/2026 14:50,Node2,34.46,62.46,350,75.95
5/15/2026 14:55,Node1,34.34,62.07,397,75.86
5/15/2026 14:55,Node2,34.34,62.07,397,75.86
5/15/2026 15:00,Node1,34,61.43,369,76.35
5/15/2026 15:00,Node2,34,61.43,369,76.35
5/15/2026 15:05,Node1,33.83,60.56,385,75.91
5/15/2026 15:05,Node2,33.83,60.56,385,75.91
5/15/2026 15:10,Node1,34,60.81,355,75.85
5/15/2026 15:10,Node2,34,60.81,355,75.85
5/15/2026 15:15,Node1,33.92,60.64,403,75.66
5/15/2026 15:15,Node2,33.92,60.64,403,75.66
5/15/2026 15:20,Node1,33.93,61.63,445,75.47
5/15/2026 15:20,Node2,33.93,61.63,445,75.47
5/15/2026 15:25,Node1,33.85,61.83,454,75.66
5/15/2026 15:25,Node2,33.85,61.83,454,75.66
5/15/2026 15:30,Node1,33.65,61.98,477,76.09
5/15/2026 15:30,Node2,33.65,61.98,477,76.09
5/15/2026 15:35,Node1,33.69,62.34,485,76.56
5/15/2026 15:35,Node2,33.69,62.34,485,76.56
5/15/2026 15:40,Node1,33.82,62.79,500,76.24
5/15/2026 15:40,Node2,33.82,62.79,500,76.24
5/15/2026 15:45,Node1,33.85,62.38,500,75.75
5/15/2026 15:45,Node2,33.85,62.38,500,75.75
5/15/2026 15:50,Node1,33.88,62.45,500,75.35
5/15/2026 15:50,Node2,33.88,62.45,500,75.35
5/15/2026 15:55,Node1,33.7,62.79,491,75.16
5/15/2026 15:55,Node2,33.7,62.79,491,75.16
5/15/2026 16:00,Node1,33,62.02,1200,75.11
5/15/2026 16:00,Node2,33,62.02,1200,75.11
5/15/2026 16:05,Node1,33,62,1200,75.51
5/15/2026 16:05,Node2,33,62,1200,75.51
5/15/2026 16:10,Node1,33,62.17,1200,75.92
5/15/2026 16:10,Node2,33,62.17,1200,75.92
5/15/2026 16:15,Node1,33,62,1200,75.8
5/15/2026 16:15,Node2,33,62,1200,75.8
5/15/2026 16:20,Node1,33,62.14,1200,75.54
5/15/2026 16:20,Node2,33,62.14,1200,75.54
5/15/2026 16:25,Node1,32.98,62,1200,75.79
5/15/2026 16:25,Node2,32.98,62,1200,75.79
5/15/2026 16:30,Node1,32.92,62,1200,76.03
5/15/2026 16:30,Node2,32.92,62,1200,76.03
5/15/2026 16:35,Node1,32.73,62,1200,76.24
5/15/2026 16:35,Node2,32.73,62,1200,76.24
5/15/2026 16:40,Node1,32.83,62,1223,76.46
5/15/2026 16:40,Node2,32.83,62,1223,76.46
5/15/2026 16:45,Node1,32.81,62,1200,76.44
5/15/2026 16:45,Node2,32.81,62,1200,76.44
5/15/2026 16:50,Node1,32.65,62.22,1200,76.64
5/15/2026 16:50,Node2,32.65,62.22,1200,76.64
5/15/2026 16:55,Node1,32.78,62.75,1208,77.02
5/15/2026 16:55,Node2,32.78,62.75,1208,77.02
5/15/2026 17:00,Node1,32,62.95,1200,77.51
5/15/2026 17:00,Node2,32,62.95,1200,77.51
5/15/2026 17:05,Node1,31.99,63.8,1200,77.89
5/15/2026 17:05,Node2,31.99,63.8,1200,77.89
5/15/2026 17:10,Node1,32,63.4,1209,77.7
5/15/2026 17:10,Node2,32,63.4,1209,77.7
5/15/2026 17:15,Node1,32,62.52,1235,77.77
5/15/2026 17:15,Node2,32,62.52,1235,77.77
5/15/2026 17:20,Node1,31.82,63.19,1204,77.64
5/15/2026 17:20,Node2,31.82,63.19,1204,77.64
5/15/2026 17:25,Node1,31.72,63.75,1200,78.07
5/15/2026 17:25,Node2,31.72,63.75,1200,78.07
5/15/2026 17:30,Node1,31.71,63.18,1205,77.9
5/15/2026 17:30,Node2,31.71,63.18,1205,77.9
5/15/2026 17:35,Node1,31.82,64,1218,77.48
5/15/2026 17:35,Node2,31.82,64,1218,77.48
5/15/2026 17:40,Node1,31.73,64.63,1200,77.29
5/15/2026 17:40,Node2,31.73,64.63,1200,77.29
5/15/2026 17:45,Node1,31.7,65.56,1218,76.9
5/15/2026 17:45,Node2,31.7,65.56,1218,76.9
5/15/2026 17:50,Node1,31.87,65.8,1200,77.25
5/15/2026 17:50,Node2,31.87,65.8,1200,77.25
5/15/2026 17:55,Node1,31.92,66.49,1200,77.53
5/15/2026 17:55,Node2,31.92,66.49,1200,77.53
5/15/2026 18:00,Node1,31,66.86,1212,77.81
5/15/2026 18:00,Node2,31,66.86,1212,77.81
5/15/2026 18:05,Node1,31,66.57,1200,77.74
5/15/2026 18:05,Node2,31,66.57,1200,77.74
5/15/2026 18:10,Node1,31,66.21,1230,77.91
5/15/2026 18:10,Node2,31,66.21,1230,77.91
5/15/2026 18:15,Node1,31,66.16,1250,78.14
5/15/2026 18:15,Node2,31,66.16,1250,78.14
5/15/2026 18:20,Node1,31,65.42,1256,77.68
5/15/2026 18:20,Node2,31,65.42,1256,77.68
5/15/2026 18:25,Node1,31,65.72,1251,77.63
5/15/2026 18:25,Node2,31,65.72,1251,77.63
5/15/2026 18:30,Node1,31,65.14,1292,77.52
5/15/2026 18:30,Node2,31,65.14,1292,77.52
5/15/2026 18:35,Node1,31,64.6,1308,77.07
5/15/2026 18:35,Node2,31,64.6,1308,77.07
5/15/2026 18:40,Node1,30.93,63.94,1320,77.07
5/15/2026 18:40,Node2,30.93,63.94,1320,77.07
5/15/2026 18:45,Node1,31,64,1346,77.08
5/15/2026 18:45,Node2,31,64,1346,77.08
5/15/2026 18:50,Node1,30.94,63.26,1343,77.24
5/15/2026 18:50,Node2,30.94,63.26,1343,77.24
5/15/2026 18:55,Node1,30.81,62.56,1297,77.09
5/15/2026 18:55,Node2,30.81,62.56,1297,77.09
5/15/2026 19:00,Node1,30,77,20,77.12
5/15/2026 19:00,Node2,30,77,20,77.12
5/15/2026 19:05,Node1,29.82,77,3,77.53
5/15/2026 19:05,Node2,29.82,77,3,77.53
5/15/2026 19:10,Node1,29.7,77,0,77.13
5/15/2026 19:10,Node2,29.7,77,0,77.13
5/15/2026 19:15,Node1,29.71,77,20,76.8
5/15/2026 19:15,Node2,29.71,77,20,76.8
5/15/2026 19:20,Node1,29.69,77,20,77.14
5/15/2026 19:20,Node2,29.69,77,20,77.14
5/15/2026 19:25,Node1,29.62,77,20,77.3
5/15/2026 19:25,Node2,29.62,77,20,77.3
5/15/2026 19:30,Node1,29.77,77.58,14,76.86
5/15/2026 19:30,Node2,29.77,77.58,14,76.86
5/15/2026 19:35,Node1,29.84,77.06,0,76.47
5/15/2026 19:35,Node2,29.84,77.06,0,76.47
5/15/2026 19:40,Node1,29.81,77,0,76.53
5/15/2026 19:40,Node2,29.81,77,0,76.53
5/15/2026 19:45,Node1,29.8,77,20,76.69
5/15/2026 19:45,Node2,29.8,77,20,76.69
5/15/2026 19:50,Node1,29.63,77.93,20,76.73
5/15/2026 19:50,Node2,29.63,77.93,20,76.73
5/15/2026 19:55,Node1,29.56,78.53,20,76.28
5/15/2026 19:55,Node2,29.56,78.53,20,76.28
5/15/2026 20:00,Node1,29,78.73,20,76.22
5/15/2026 20:00,Node2,29,78.73,20,76.22
5/15/2026 20:05,Node1,29,78.92,11,76.11
5/15/2026 20:05,Node2,29,78.92,11,76.11
5/15/2026 20:10,Node1,29,78.93,20,75.89
5/15/2026 20:10,Node2,29,78.93,20,75.89
5/15/2026 20:15,Node1,29,78.45,20,76.31
5/15/2026 20:15,Node2,29,78.45,20,76.31
5/15/2026 20:20,Node1,28.88,79.14,0,76.55
5/15/2026 20:20,Node2,28.88,79.14,0,76.55
5/15/2026 20:25,Node1,28.79,79.14,20,77.02
5/15/2026 20:25,Node2,28.79,79.14,20,77.02
5/15/2026 20:30,Node1,28.89,79.52,20,77.06
5/15/2026 20:30,Node2,28.89,79.52,20,77.06
5/15/2026 20:35,Node1,28.79,79.99,0,77.49
5/15/2026 20:35,Node2,28.79,79.99,0,77.49
5/15/2026 20:40,Node1,28.9,79.27,20,77.41
5/15/2026 20:40,Node2,28.9,79.27,20,77.41
5/15/2026 20:45,Node1,28.98,78.44,0,77.3
5/15/2026 20:45,Node2,28.98,78.44,0,77.3
5/15/2026 20:50,Node1,29,77.58,0,76.96
5/15/2026 20:50,Node2,29,77.58,0,76.96
5/15/2026 20:55,Node1,28.88,77,0,77.21
5/15/2026 20:55,Node2,28.88,77,0,77.21
5/15/2026 21:00,Node1,28,77,0,77.49
5/15/2026 21:00,Node2,28,77,0,77.49
5/15/2026 21:05,Node1,27.92,77,0,77.87
5/15/2026 21:05,Node2,27.92,77,0,77.87
5/15/2026 21:10,Node1,27.8,77,20,77.91
5/15/2026 21:10,Node2,27.8,77,20,77.91
5/15/2026 21:15,Node1,27.99,77,20,77.69
5/15/2026 21:15,Node2,27.99,77,20,77.69
5/15/2026 21:20,Node1,27.88,77.02,20,77.97
5/15/2026 21:20,Node2,27.88,77.02,20,77.97
5/15/2026 21:25,Node1,27.76,77.63,20,78.44
5/15/2026 21:25,Node2,27.76,77.63,20,78.44
5/15/2026 21:30,Node1,27.9,77.19,13,78.06
5/15/2026 21:30,Node2,27.9,77.19,13,78.06
5/15/2026 21:35,Node1,28,77,20,77.58
5/15/2026 21:35,Node2,28,77,20,77.58
5/15/2026 21:40,Node1,27.89,77.69,0,77.88
5/15/2026 21:40,Node2,27.89,77.69,0,77.88
5/15/2026 21:45,Node1,27.91,78.13,0,77.79
5/15/2026 21:45,Node2,27.91,78.13,0,77.79
5/15/2026 21:50,Node1,28,77.35,20,78.04
5/15/2026 21:50,Node2,28,77.35,20,78.04
5/15/2026 21:55,Node1,28,78.2,15,77.56
5/15/2026 21:55,Node2,28,78.2,15,77.56
5/15/2026 22:00,Node1,27,78.75,20,77.91
5/15/2026 22:00,Node2,27,78.75,20,77.91
5/15/2026 22:05,Node1,26.91,79.23,20,77.7
5/15/2026 22:05,Node2,26.91,79.23,20,77.7
5/15/2026 22:10,Node1,27,79.2,6,78
5/15/2026 22:10,Node2,27,79.2,6,78
5/15/2026 22:15,Node1,27,78.62,20,77.74
5/15/2026 22:15,Node2,27,78.62,20,77.74
5/15/2026 22:20,Node1,27,79.59,20,78.21
5/15/2026 22:20,Node2,27,79.59,20,78.21
5/15/2026 22:25,Node1,27,78.74,20,78.7
5/15/2026 22:25,Node2,27,78.74,20,78.7
5/15/2026 22:30,Node1,27,77.82,20,78.95
5/15/2026 22:30,Node2,27,77.82,20,78.95
5/15/2026 22:35,Node1,26.91,77.92,0,78.47
5/15/2026 22:35,Node2,26.91,77.92,0,78.47
5/15/2026 22:40,Node1,27,78.72,0,78.07
5/15/2026 22:40,Node2,27,78.72,0,78.07
5/15/2026 22:45,Node1,26.9,78.25,20,78.11
5/15/2026 22:45,Node2,26.9,78.25,20,78.11
5/15/2026 22:50,Node1,26.89,77.98,0,78.47
5/15/2026 22:50,Node2,26.89,77.98,0,78.47
5/15/2026 22:55,Node1,26.81,77.47,9,78.78
5/15/2026 22:55,Node2,26.81,77.47,9,78.78
5/15/2026 23:00,Node1,26,77.01,20,78.63
5/15/2026 23:00,Node2,26,77.01,20,78.63
5/15/2026 23:05,Node1,26,77,20,78.6
5/15/2026 23:05,Node2,26,77,20,78.6
5/15/2026 23:10,Node1,26,77.28,20,79.03
5/15/2026 23:10,Node2,26,77.28,20,79.03
5/15/2026 23:15,Node1,26,77,3,78.88
5/15/2026 23:15,Node2,26,77,3,78.88
5/15/2026 23:20,Node1,25.99,77,0,78.41
5/15/2026 23:20,Node2,25.99,77,0,78.41
5/15/2026 23:25,Node1,25.99,77.53,0,78.79
5/15/2026 23:25,Node2,25.99,77.53,0,78.79
5/15/2026 23:30,Node1,25.99,77.21,0,78.4
5/15/2026 23:30,Node2,25.99,77.21,0,78.4
5/15/2026 23:35,Node1,26,77.63,0,78.72
5/15/2026 23:35,Node2,26,77.63,0,78.72
5/15/2026 23:40,Node1,26,78.19,0,78.64
5/15/2026 23:40,Node2,26,78.19,0,78.64
5/15/2026 23:45,Node1,25.93,77.28,20,78.4
5/15/2026 23:45,Node2,25.93,77.28,20,78.4
5/15/2026 23:50,Node1,25.96,77,0,78.25
5/15/2026 23:50,Node2,25.96,77,0,78.25
5/15/2026 23:55,Node1,25.94,77.85,8,78.25
5/15/2026 23:55,Node2,25.94,77.85,8,78.25
5/16/2026 0:00,Node1,25.5,82,0,77.78
5/16/2026 0:00,Node2,25.5,82,0,77.78
5/16/2026 0:05,Node1,25.4,82,5,77.7
5/16/2026 0:05,Node2,25.4,82,5,77.7
5/16/2026 0:10,Node1,25.43,82,3,77.22
5/16/2026 0:10,Node2,25.43,82,3,77.22
5/16/2026 0:15,Node1,25.29,82,5,76.87
5/16/2026 0:15,Node2,25.29,82,5,76.87
5/16/2026 0:20,Node1,25.2,82,0,76.66
5/16/2026 0:20,Node2,25.2,82,0,76.66
5/16/2026 0:25,Node1,25.11,82.88,5,76.96
5/16/2026 0:25,Node2,25.11,82.88,5,76.96
5/16/2026 0:30,Node1,25.03,83.03,5,76.93
5/16/2026 0:30,Node2,25.03,83.03,5,76.93
5/16/2026 0:35,Node1,25.03,82.15,5,77.16
5/16/2026 0:35,Node2,25.03,82.15,5,77.16
5/16/2026 0:40,Node1,25.04,82,5,77.32
5/16/2026 0:40,Node2,25.04,82,5,77.32
5/16/2026 0:45,Node1,25.08,82,5,76.85
5/16/2026 0:45,Node2,25.08,82,5,76.85
5/16/2026 0:50,Node1,25.23,82,0,76.99
5/16/2026 0:50,Node2,25.23,82,0,76.99
5/16/2026 0:55,Node1,25.07,82,5,76.86
5/16/2026 0:55,Node2,25.07,82,5,76.86
5/16/2026 1:00,Node1,25.02,82,0,77.03
5/16/2026 1:00,Node2,25.02,82,0,77.03
5/16/2026 1:05,Node1,25.2,82.03,5,77.16
5/16/2026 1:05,Node2,25.2,82.03,5,77.16
5/16/2026 1:10,Node1,25.21,82,5,77.03
5/16/2026 1:10,Node2,25.21,82,5,77.03
5/16/2026 1:15,Node1,25.15,82.22,0,76.65
5/16/2026 1:15,Node2,25.15,82.22,0,76.65
5/16/2026 1:20,Node1,24.98,82,5,76.8
5/16/2026 1:20,Node2,24.98,82,5,76.8
5/16/2026 1:25,Node1,25.1,82.06,0,77.04
5/16/2026 1:25,Node2,25.1,82.06,0,77.04
5/16/2026 1:30,Node1,25.23,82.91,0,77.03
5/16/2026 1:30,Node2,25.23,82.91,0,77.03
5/16/2026 1:35,Node1,25.24,82.03,5,77
5/16/2026 1:35,Node2,25.24,82.03,5,77
5/16/2026 1:40,Node1,25.1,82.11,5,76.7
5/16/2026 1:40,Node2,25.1,82.11,5,76.7
5/16/2026 1:45,Node1,25.09,82.24,0,77.07
5/16/2026 1:45,Node2,25.09,82.24,0,77.07
5/16/2026 1:50,Node1,25.04,82.62,0,77.31
5/16/2026 1:50,Node2,25.04,82.62,0,77.31
5/16/2026 1:55,Node1,24.88,83.36,0,77.2
5/16/2026 1:55,Node2,24.88,83.36,0,77.2
5/16/2026 2:00,Node1,24.68,82.76,5,77.28
5/16/2026 2:00,Node2,24.68,82.76,5,77.28
5/16/2026 2:05,Node1,24.66,83.56,0,76.8
5/16/2026 2:05,Node2,24.66,83.56,0,76.8
5/16/2026 2:10,Node1,24.63,83.59,0,76.98
5/16/2026 2:10,Node2,24.63,83.59,0,76.98
5/16/2026 2:15,Node1,24.76,83.85,0,77.25
5/16/2026 2:15,Node2,24.76,83.85,0,77.25
5/16/2026 2:20,Node1,24.73,84.2,5,77.5
5/16/2026 2:20,Node2,24.73,84.2,5,77.5
5/16/2026 2:25,Node1,24.71,83.22,5,77.3
5/16/2026 2:25,Node2,24.71,83.22,5,77.3
5/16/2026 2:30,Node1,24.75,83.6,5,77.14
5/16/2026 2:30,Node2,24.75,83.6,5,77.14
5/16/2026 2:35,Node1,24.73,83.64,5,77.24
5/16/2026 2:35,Node2,24.73,83.64,5,77.24
5/16/2026 2:40,Node1,24.56,83.93,0,77.72
5/16/2026 2:40,Node2,24.56,83.93,0,77.72
5/16/2026 2:45,Node1,24.39,84.09,5,77.55
5/16/2026 2:45,Node2,24.39,84.09,5,77.55
5/16/2026 2:50,Node1,24.49,83.3,5,77.87
5/16/2026 2:50,Node2,24.49,83.3,5,77.87
5/16/2026 2:55,Node1,24.56,82.94,0,77.99
5/16/2026 2:55,Node2,24.56,82.94,0,77.99
5/16/2026 3:00,Node1,24.66,82.13,0,77.89
5/16/2026 3:00,Node2,24.66,82.13,0,77.89
5/16/2026 3:05,Node1,24.78,82.34,5,77.62
5/16/2026 3:05,Node2,24.78,82.34,5,77.62
5/16/2026 3:10,Node1,24.97,83.27,5,77.39
5/16/2026 3:10,Node2,24.97,83.27,5,77.39
5/16/2026 3:15,Node1,25,83.62,0,77.5
5/16/2026 3:15,Node2,25,83.62,0,77.5
5/16/2026 3:20,Node1,25,82.68,5,77.12
5/16/2026 3:20,Node2,25,82.68,5,77.12
5/16/2026 3:25,Node1,24.93,83.22,5,76.82
5/16/2026 3:25,Node2,24.93,83.22,5,76.82
5/16/2026 3:30,Node1,24.9,84.04,5,76.37
5/16/2026 3:30,Node2,24.9,84.04,5,76.37
5/16/2026 3:35,Node1,25,84.51,5,76.56
5/16/2026 3:35,Node2,25,84.51,5,76.56
5/16/2026 3:40,Node1,24.88,83.84,5,76.7
5/16/2026 3:40,Node2,24.88,83.84,5,76.7
5/16/2026 3:45,Node1,24.87,84.09,5,76.93
5/16/2026 3:45,Node2,24.87,84.09,5,76.93
5/16/2026 3:50,Node1,24.87,83.82,5,76.67
5/16/2026 3:50,Node2,24.87,83.82,5,76.67
5/16/2026 3:55,Node1,25,84.03,4,76.33
5/16/2026 3:55,Node2,25,84.03,4,76.33
5/16/2026 4:00,Node1,24.85,84.72,3,76.66
5/16/2026 4:00,Node2,24.85,84.72,3,76.66
5/16/2026 4:05,Node1,25,84.85,5,77.13
5/16/2026 4:05,Node2,25,84.85,5,77.13
5/16/2026 4:10,Node1,24.93,84.61,0,76.83
5/16/2026 4:10,Node2,24.93,84.61,0,76.83
5/16/2026 4:15,Node1,25.02,84.73,0,76.61
5/16/2026 4:15,Node2,25.02,84.73,0,76.61
5/16/2026 4:20,Node1,25.07,85.05,5,76.69
5/16/2026 4:20,Node2,25.07,85.05,5,76.69
5/16/2026 4:25,Node1,25.04,85.21,0,76.85
5/16/2026 4:25,Node2,25.04,85.21,0,76.85
5/16/2026 4:30,Node1,25,84.23,5,77.11
5/16/2026 4:30,Node2,25,84.23,5,77.11
5/16/2026 4:35,Node1,25.19,84.06,5,77.12
5/16/2026 4:35,Node2,25.19,84.06,5,77.12
5/16/2026 4:40,Node1,25.05,84.7,0,77.13
5/16/2026 4:40,Node2,25.05,84.7,0,77.13
5/16/2026 4:45,Node1,24.97,85.69,5,76.89
5/16/2026 4:45,Node2,24.97,85.69,5,76.89
5/16/2026 4:50,Node1,24.97,86.6,5,76.82
5/16/2026 4:50,Node2,24.97,86.6,5,76.82
5/16/2026 4:55,Node1,24.93,85.73,5,76.6
5/16/2026 4:55,Node2,24.93,85.73,5,76.6
5/16/2026 5:00,Node1,25,86.53,0,76.93
5/16/2026 5:00,Node2,25,86.53,0,76.93
5/16/2026 5:05,Node1,25,85.93,5,77.27
5/16/2026 5:05,Node2,25,85.93,5,77.27
5/16/2026 5:10,Node1,25.07,86.36,5,77.35
5/16/2026 5:10,Node2,25.07,86.36,5,77.35
5/16/2026 5:15,Node1,25.18,85.75,0,77.61
5/16/2026 5:15,Node2,25.18,85.75,0,77.61
5/16/2026 5:20,Node1,25.31,85.16,0,77.59
5/16/2026 5:20,Node2,25.31,85.16,0,77.59
5/16/2026 5:25,Node1,25.28,84.38,0,77.23
5/16/2026 5:25,Node2,25.28,84.38,0,77.23
5/16/2026 5:30,Node1,25.31,85.35,5,77.16
5/16/2026 5:30,Node2,25.31,85.35,5,77.16
5/16/2026 5:35,Node1,25.42,86.17,0,77.57
5/16/2026 5:35,Node2,25.42,86.17,0,77.57
5/16/2026 5:40,Node1,25.6,86.97,0,77.88
5/16/2026 5:40,Node2,25.6,86.97,0,77.88
5/16/2026 5:45,Node1,25.8,87.73,0,77.9
5/16/2026 5:45,Node2,25.8,87.73,0,77.9
5/16/2026 5:50,Node1,25.8,86.98,5,78.38
5/16/2026 5:50,Node2,25.8,86.98,5,78.38
5/16/2026 5:55,Node1,25.64,87.9,5,78.31
5/16/2026 5:55,Node2,25.64,87.9,5,78.31
5/16/2026 6:00,Node1,26,78,80,77.95
5/16/2026 6:00,Node2,26,78,80,77.95
5/16/2026 6:05,Node1,26.17,77.76,105,78.09
5/16/2026 6:05,Node2,26.17,77.76,105,78.09
5/16/2026 6:10,Node1,26,77.51,133,77.61
5/16/2026 6:10,Node2,26,77.51,133,77.61
5/16/2026 6:15,Node1,26.01,78,149,77.35
5/16/2026 6:15,Node2,26.01,78,149,77.35
5/16/2026 6:20,Node1,26,78,100,77.47
5/16/2026 6:20,Node2,26,78,100,77.47
5/16/2026 6:25,Node1,26,77.71,117,77.92
5/16/2026 6:25,Node2,26,77.71,117,77.92
5/16/2026 6:30,Node1,26,77.22,80,77.62
5/16/2026 6:30,Node2,26,77.22,80,77.62
5/16/2026 6:35,Node1,26,76.26,80,77.39
5/16/2026 6:35,Node2,26,76.26,80,77.39
5/16/2026 6:40,Node1,26.19,77.19,81,77.38
5/16/2026 6:40,Node2,26.19,77.19,81,77.38
5/16/2026 6:45,Node1,26,77.23,84,77.72
5/16/2026 6:45,Node2,26,77.23,84,77.72
5/16/2026 6:50,Node1,26,76.56,80,77.82
5/16/2026 6:50,Node2,26,76.56,80,77.82
5/16/2026 6:55,Node1,26.05,76.78,115,77.94
5/16/2026 6:55,Node2,26.05,76.78,115,77.94
5/16/2026 7:00,Node1,27,76.64,132,77.68
5/16/2026 7:00,Node2,27,76.64,132,77.68
5/16/2026 7:05,Node1,27.2,77.6,150,77.41
5/16/2026 7:05,Node2,27.2,77.6,150,77.41
5/16/2026 7:10,Node1,27.3,78,150,77.77
5/16/2026 7:10,Node2,27.3,78,150,77.77
5/16/2026 7:15,Node1,27.38,77.44,150,78.24
5/16/2026 7:15,Node2,27.38,77.44,150,78.24
5/16/2026 7:20,Node1,27.34,77.41,150,77.99
5/16/2026 7:20,Node2,27.34,77.41,150,77.99
5/16/2026 7:25,Node1,27.37,78,150,77.72
5/16/2026 7:25,Node2,27.37,78,150,77.72
5/16/2026 7:30,Node1,27.37,78,150,78.11
5/16/2026 7:30,Node2,27.37,78,150,78.11
5/16/2026 7:35,Node1,27.37,78,150,77.76
5/16/2026 7:35,Node2,27.37,78,150,77.76
5/16/2026 7:40,Node1,27.22,77.91,150,77.93
5/16/2026 7:40,Node2,27.22,77.91,150,77.93
5/16/2026 7:45,Node1,27.24,77.72,145,77.72
5/16/2026 7:45,Node2,27.24,77.72,145,77.72
5/16/2026 7:50,Node1,27.05,78,132,77.63
5/16/2026 7:50,Node2,27.05,78,132,77.63
5/16/2026 7:55,Node1,27.14,77.96,101,77.61
5/16/2026 7:55,Node2,27.14,77.96,101,77.61
5/16/2026 8:00,Node1,28,78,80,78
5/16/2026 8:00,Node2,28,78,80,78
5/16/2026 8:05,Node1,28,78,122,78.18
5/16/2026 8:05,Node2,28,78,122,78.18
5/16/2026 8:10,Node1,28,77.28,150,78.28
5/16/2026 8:10,Node2,28,77.28,150,78.28
5/16/2026 8:15,Node1,28.12,77.77,102,78.3
5/16/2026 8:15,Node2,28.12,77.77,102,78.3
5/16/2026 8:20,Node1,28,77.62,104,78.39
5/16/2026 8:20,Node2,28,77.62,104,78.39
5/16/2026 8:25,Node1,28.12,76.83,93,78.71
5/16/2026 8:25,Node2,28.12,76.83,93,78.71
5/16/2026 8:30,Node1,28,76.63,127,78.58
5/16/2026 8:30,Node2,28,76.63,127,78.58
5/16/2026 8:35,Node1,28.13,76.6,114,78.33
5/16/2026 8:35,Node2,28.13,76.6,114,78.33
5/16/2026 8:40,Node1,28.1,76.67,133,78.48
5/16/2026 8:40,Node2,28.1,76.67,133,78.48
5/16/2026 8:45,Node1,28.17,76.17,92,78.64
5/16/2026 8:45,Node2,28.17,76.17,92,78.64
5/16/2026 8:50,Node1,28.26,76.89,86,78.56
5/16/2026 8:50,Node2,28.26,76.89,86,78.56
5/16/2026 8:55,Node1,28.11,77.17,80,78.46
5/16/2026 8:55,Node2,28.11,77.17,80,78.46
5/16/2026 9:00,Node1,29,77.89,80,78.55
5/16/2026 9:00,Node2,29,77.89,80,78.55
5/16/2026 9:05,Node1,29,78,80,78.91
5/16/2026 9:05,Node2,29,78,80,78.91
5/16/2026 9:10,Node1,29,77.65,88,79.4
5/16/2026 9:10,Node2,29,77.65,88,79.4
5/16/2026 9:15,Node1,29,77.61,130,79.32
5/16/2026 9:15,Node2,29,77.61,130,79.32
5/16/2026 9:20,Node1,29.07,77.66,82,79.23
5/16/2026 9:20,Node2,29.07,77.66,82,79.23
5/16/2026 9:25,Node1,29.17,78,121,79.69
5/16/2026 9:25,Node2,29.17,78,121,79.69
5/16/2026 9:30,Node1,29.03,78,94,79.92
5/16/2026 9:30,Node2,29.03,78,94,79.92
5/16/2026 9:35,Node1,29,78,80,80
5/16/2026 9:35,Node2,29,78,80,80
5/16/2026 9:40,Node1,29,77.98,84,79.9
5/16/2026 9:40,Node2,29,77.98,84,79.9
5/16/2026 9:45,Node1,29,77.86,91,80
5/16/2026 9:45,Node2,29,77.86,91,80
5/16/2026 9:50,Node1,29.04,78,133,79.7
5/16/2026 9:50,Node2,29.04,78,133,79.7
5/16/2026 9:55,Node1,29,78,122,79.49
5/16/2026 9:55,Node2,29,78,122,79.49
5/16/2026 10:00,Node1,30,78,100,79.33
5/16/2026 10:00,Node2,30,78,100,79.33
5/16/2026 10:05,Node1,30,78,140,79.21
5/16/2026 10:05,Node2,30,78,140,79.21
5/16/2026 10:10,Node1,30.18,77.9,123,79.19
5/16/2026 10:10,Node2,30.18,77.9,123,79.19
5/16/2026 10:15,Node1,30.24,77.28,107,79.32
5/16/2026 10:15,Node2,30.24,77.28,107,79.32
5/16/2026 10:20,Node1,30.17,76.28,112,79.21
5/16/2026 10:20,Node2,30.17,76.28,112,79.21
5/16/2026 10:25,Node1,30.03,76.42,150,78.84
5/16/2026 10:25,Node2,30.03,76.42,150,78.84
5/16/2026 10:30,Node1,30,76.25,133,79.04
5/16/2026 10:30,Node2,30,76.25,133,79.04
5/16/2026 10:35,Node1,30,77.06,113,79.5
5/16/2026 10:35,Node2,30,77.06,113,79.5
5/16/2026 10:40,Node1,30.13,76.11,104,79.32
5/16/2026 10:40,Node2,30.13,76.11,104,79.32
5/16/2026 10:45,Node1,30,76.57,96,79.5
5/16/2026 10:45,Node2,30,76.57,96,79.5
5/16/2026 10:50,Node1,30.06,77.18,134,79.11
5/16/2026 10:50,Node2,30.06,77.18,134,79.11
5/16/2026 10:55,Node1,30.04,77,111,78.65
5/16/2026 10:55,Node2,30.04,77,111,78.65
5/16/2026 11:00,Node1,31,76.67,81,79.02
5/16/2026 11:00,Node2,31,76.67,81,79.02
5/16/2026 11:05,Node1,31,77.65,80,79.25
5/16/2026 11:05,Node2,31,77.65,80,79.25
5/16/2026 11:10,Node1,31.09,77.54,80,79.5
5/16/2026 11:10,Node2,31.09,77.54,80,79.5
5/16/2026 11:15,Node1,31.09,77.2,125,79.07
5/16/2026 11:15,Node2,31.09,77.2,125,79.07
5/16/2026 11:20,Node1,31.05,77.45,88,78.82
5/16/2026 11:20,Node2,31.05,77.45,88,78.82
5/16/2026 11:25,Node1,31,78,80,78.39
5/16/2026 11:25,Node2,31,78,80,78.39
5/16/2026 11:30,Node1,31,77.38,80,78.59
5/16/2026 11:30,Node2,31,77.38,80,78.59
5/16/2026 11:35,Node1,31.11,78,106,79.06
5/16/2026 11:35,Node2,31.11,78,106,79.06
5/16/2026 11:40,Node1,31.04,78,80,79.29
5/16/2026 11:40,Node2,31.04,78,80,79.29
5/16/2026 11:45,Node1,31.21,77.67,107,79.72
5/16/2026 11:45,Node2,31.21,77.67,107,79.72
5/16/2026 11:50,Node1,31.4,77.61,142,79.56
5/16/2026 11:50,Node2,31.4,77.61,142,79.56
5/16/2026 11:55,Node1,31.58,77.99,92,79.49
5/16/2026 11:55,Node2,31.58,77.99,92,79.49
5/16/2026 12:00,Node1,32,63,350,79.1
5/16/2026 12:00,Node2,32,63,350,79.1
5/16/2026 12:05,Node1,32,62.37,366,78.84
5/16/2026 12:05,Node2,32,62.37,366,78.84
5/16/2026 12:10,Node1,32.2,62.94,352,79.12
5/16/2026 12:10,Node2,32.2,62.94,352,79.12
5/16/2026 12:15,Node1,32.24,63,391,78.91
5/16/2026 12:15,Node2,32.24,63,391,78.91
5/16/2026 12:20,Node1,32.13,63,416,78.78
5/16/2026 12:20,Node2,32.13,63,416,78.78
5/16/2026 12:25,Node1,32.06,63,391,78.33
5/16/2026 12:25,Node2,32.06,63,391,78.33
5/16/2026 12:30,Node1,32.03,62.31,419,78.68
5/16/2026 12:30,Node2,32.03,62.31,419,78.68
5/16/2026 12:35,Node1,32,61.82,433,78.99
5/16/2026 12:35,Node2,32,61.82,433,78.99
5/16/2026 12:40,Node1,32,62.3,430,79.16
5/16/2026 12:40,Node2,32,62.3,430,79.16
5/16/2026 12:45,Node1,32,61.66,396,79.12
5/16/2026 12:45,Node2,32,61.66,396,79.12
5/16/2026 12:50,Node1,32.01,61.63,438,79.31
5/16/2026 12:50,Node2,32.01,61.63,438,79.31
5/16/2026 12:55,Node1,32.15,62.22,433,79.38
5/16/2026 12:55,Node2,32.15,62.22,433,79.38
5/16/2026 13:00,Node1,33,62.85,442,79.52
5/16/2026 13:00,Node2,33,62.85,442,79.52
5/16/2026 13:05,Node1,33.18,62.28,406,79.76
5/16/2026 13:05,Node2,33.18,62.28,406,79.76
5/16/2026 13:10,Node1,33.04,62.61,374,80
5/16/2026 13:10,Node2,33.04,62.61,374,80
5/16/2026 13:15,Node1,33.01,62.59,350,80
5/16/2026 13:15,Node2,33.01,62.59,350,80
5/16/2026 13:20,Node1,33.12,63,350,80
5/16/2026 13:20,Node2,33.12,63,350,80
5/16/2026 13:25,Node1,33,62.82,350,80
5/16/2026 13:25,Node2,33,62.82,350,80
5/16/2026 13:30,Node1,33,63,363,80
5/16/2026 13:30,Node2,33,63,363,80
5/16/2026 13:35,Node1,33,63,409,80
5/16/2026 13:35,Node2,33,63,409,80
5/16/2026 13:40,Node1,33.13,63,403,79.6
5/16/2026 13:40,Node2,33.13,63,403,79.6
5/16/2026 13:45,Node1,33.13,62.78,359,79.58
5/16/2026 13:45,Node2,33.13,62.78,359,79.58
5/16/2026 13:50,Node1,33.14,62.3,388,79.56
5/16/2026 13:50,Node2,33.14,62.3,388,79.56
5/16/2026 13:55,Node1,33.2,61.47,423,79.35
5/16/2026 13:55,Node2,33.2,61.47,423,79.35
5/16/2026 14:00,Node1,34,62.28,411,79.68
5/16/2026 14:00,Node2,34,62.28,411,79.68
5/16/2026 14:05,Node1,34,62.61,443,79.19
5/16/2026 14:05,Node2,34,62.61,443,79.19
5/16/2026 14:10,Node1,34.15,62.43,469,79.32
5/16/2026 14:10,Node2,34.15,62.43,469,79.32
5/16/2026 14:15,Node1,34.09,62.62,500,79.13
5/16/2026 14:15,Node2,34.09,62.62,500,79.13
5/16/2026 14:20,Node1,34,61.92,500,79.51
5/16/2026 14:20,Node2,34,61.92,500,79.51
5/16/2026 14:25,Node1,34,62.65,494,79.6
5/16/2026 14:25,Node2,34,62.65,494,79.6
5/16/2026 14:30,Node1,34,62.15,481,79.66
5/16/2026 14:30,Node2,34,62.15,481,79.66
5/16/2026 14:35,Node1,34,61.57,443,80
5/16/2026 14:35,Node2,34,61.57,443,80
5/16/2026 14:40,Node1,34,61.45,443,79.63
5/16/2026 14:40,Node2,34,61.45,443,79.63
5/16/2026 14:45,Node1,34,60.71,485,79.86
5/16/2026 14:45,Node2,34,60.71,485,79.86
5/16/2026 14:50,Node1,34,60.84,480,79.81
5/16/2026 14:50,Node2,34,60.84,480,79.81
5/16/2026 14:55,Node1,34.09,60.93,497,80
5/16/2026 14:55,Node2,34.09,60.93,497,80
5/16/2026 15:00,Node1,33.99,60.4,500,79.69
5/16/2026 15:00,Node2,33.99,60.4,500,79.69
5/16/2026 15:05,Node1,33.81,60.46,500,79.49
5/16/2026 15:05,Node2,33.81,60.46,500,79.49
5/16/2026 15:10,Node1,33.79,61.38,463,79.65
5/16/2026 15:10,Node2,33.79,61.38,463,79.65
5/16/2026 15:15,Node1,33.63,61.91,468,79.47
5/16/2026 15:15,Node2,33.63,61.91,468,79.47
5/16/2026 15:20,Node1,33.8,61.18,437,78.98
5/16/2026 15:20,Node2,33.8,61.18,437,78.98
5/16/2026 15:25,Node1,33.75,61.63,461,78.87
5/16/2026 15:25,Node2,33.75,61.63,461,78.87
5/16/2026 15:30,Node1,33.57,62.23,468,79.05
5/16/2026 15:30,Node2,33.57,62.23,468,79.05
5/16/2026 15:35,Node1,33.73,62.52,464,79.32
5/16/2026 15:35,Node2,33.73,62.52,464,79.32
5/16/2026 15:40,Node1,33.68,62.47,494,79.43
5/16/2026 15:40,Node2,33.68,62.47,494,79.43
5/16/2026 15:45,Node1,33.7,62,482,79.19
5/16/2026 15:45,Node2,33.7,62,482,79.19
5/16/2026 15:50,Node1,33.81,62.65,500,79.66
5/16/2026 15:50,Node2,33.81,62.65,500,79.66
5/16/2026 15:55,Node1,33.91,61.88,494,80
5/16/2026 15:55,Node2,33.91,61.88,494,80
5/16/2026 16:00,Node1,33,62.76,1200,79.64
5/16/2026 16:00,Node2,33,62.76,1200,79.64
5/16/2026 16:05,Node1,33,62,1203,79.64
5/16/2026 16:05,Node2,33,62,1203,79.64
5/16/2026 16:10,Node1,33,62.26,1200,79.87
5/16/2026 16:10,Node2,33,62.26,1200,79.87
5/16/2026 16:15,Node1,33,62.02,1223,80
5/16/2026 16:15,Node2,33,62.02,1223,80
5/16/2026 16:20,Node1,32.97,62,1200,79.94
5/16/2026 16:20,Node2,32.97,62,1200,79.94
5/16/2026 16:25,Node1,33,62.38,1220,80
5/16/2026 16:25,Node2,33,62.38,1220,80
5/16/2026 16:30,Node1,32.94,63.02,1200,79.61
5/16/2026 16:30,Node2,32.94,63.02,1200,79.61
5/16/2026 16:35,Node1,32.96,63.43,1200,80
5/16/2026 16:35,Node2,32.96,63.43,1200,80
5/16/2026 16:40,Node1,32.77,63.84,1200,80
5/16/2026 16:40,Node2,32.77,63.84,1200,80
5/16/2026 16:45,Node1,32.84,63.76,1200,79.88
5/16/2026 16:45,Node2,32.84,63.76,1200,79.88
5/16/2026 16:50,Node1,32.79,63.14,1200,79.73
5/16/2026 16:50,Node2,32.79,63.14,1200,79.73
5/16/2026 16:55,Node1,32.83,62.93,1242,79.7
5/16/2026 16:55,Node2,32.83,62.93,1242,79.7
5/16/2026 17:00,Node1,32,62.84,1219,79.21
5/16/2026 17:00,Node2,32,62.84,1219,79.21
5/16/2026 17:05,Node1,32,62.34,1253,79.42
5/16/2026 17:05,Node2,32,62.34,1253,79.42
5/16/2026 17:10,Node1,31.95,62.96,1232,79.02
5/16/2026 17:10,Node2,31.95,62.96,1232,79.02
5/16/2026 17:15,Node1,32,62.61,1200,79.15
5/16/2026 17:15,Node2,32,62.61,1200,79.15
5/16/2026 17:20,Node1,32,63.42,1200,79.22
5/16/2026 17:20,Node2,32,63.42,1200,79.22
5/16/2026 17:25,Node1,32,63.93,1200,79.31
5/16/2026 17:25,Node2,32,63.93,1200,79.31
5/16/2026 17:30,Node1,32,64.61,1200,79.19
5/16/2026 17:30,Node2,32,64.61,1200,79.19
5/16/2026 17:35,Node1,31.95,63.89,1200,79.16
5/16/2026 17:35,Node2,31.95,63.89,1200,79.16
5/16/2026 17:40,Node1,31.79,64.75,1247,79.24
5/16/2026 17:40,Node2,31.79,64.75,1247,79.24
5/16/2026 17:45,Node1,31.83,65.61,1294,78.8
5/16/2026 17:45,Node2,31.83,65.61,1294,78.8
5/16/2026 17:50,Node1,32,64.63,1338,78.88
5/16/2026 17:50,Node2,32,64.63,1338,78.88
5/16/2026 17:55,Node1,31.9,65.45,1370,79.13
5/16/2026 17:55,Node2,31.9,65.45,1370,79.13
5/16/2026 18:00,Node1,31,64.79,1395,78.66
5/16/2026 18:00,Node2,31,64.79,1395,78.66
5/16/2026 18:05,Node1,30.98,64.01,1359,78.83
5/16/2026 18:05,Node2,30.98,64.01,1359,78.83
5/16/2026 18:10,Node1,31,64.31,1399,78.44
5/16/2026 18:10,Node2,31,64.31,1399,78.44
5/16/2026 18:15,Node1,30.89,64.16,1443,78.74
5/16/2026 18:15,Node2,30.89,64.16,1443,78.74
5/16/2026 18:20,Node1,31,63.17,1484,78.36
5/16/2026 18:20,Node2,31,63.17,1484,78.36
5/16/2026 18:25,Node1,30.98,63.85,1466,78.59
5/16/2026 18:25,Node2,30.98,63.85,1466,78.59
5/16/2026 18:30,Node1,31,64.07,1443,78.63
5/16/2026 18:30,Node2,31,64.07,1443,78.63
5/16/2026 18:35,Node1,30.86,64.05,1410,78.53
5/16/2026 18:35,Node2,30.86,64.05,1410,78.53
5/16/2026 18:40,Node1,30.87,63.43,1404,78.85
5/16/2026 18:40,Node2,30.87,63.43,1404,78.85
5/16/2026 18:45,Node1,30.79,64.18,1392,79
5/16/2026 18:45,Node2,30.79,64.18,1392,79
5/16/2026 18:50,Node1,30.75,63.59,1382,79.26
5/16/2026 18:50,Node2,30.75,63.59,1382,79.26
5/16/2026 18:55,Node1,30.94,63.08,1353,78.96
5/16/2026 18:55,Node2,30.94,63.08,1353,78.96
5/16/2026 19:00,Node1,30,77,20,79
5/16/2026 19:00,Node2,30,77,20,79
5/16/2026 19:05,Node1,29.87,77.97,20,78.62
5/16/2026 19:05,Node2,29.87,77.97,20,78.62
5/16/2026 19:10,Node1,29.96,78.01,20,78.66
5/16/2026 19:10,Node2,29.96,78.01,20,78.66
5/16/2026 19:15,Node1,29.96,77.09,20,78.51
5/16/2026 19:15,Node2,29.96,77.09,20,78.51
5/16/2026 19:20,Node1,30,77,20,78.26
5/16/2026 19:20,Node2,30,77,20,78.26
5/16/2026 19:25,Node1,29.86,77.02,0,78.68
5/16/2026 19:25,Node2,29.86,77.02,0,78.68
5/16/2026 19:30,Node1,29.83,77.56,0,78.51
5/16/2026 19:30,Node2,29.83,77.56,0,78.51
5/16/2026 19:35,Node1,29.82,77.02,20,78.76
5/16/2026 19:35,Node2,29.82,77.02,20,78.76
5/16/2026 19:40,Node1,29.78,77,0,78.42
5/16/2026 19:40,Node2,29.78,77,0,78.42
5/16/2026 19:45,Node1,29.77,77,20,78.56
5/16/2026 19:45,Node2,29.77,77,20,78.56
5/16/2026 19:50,Node1,29.85,77.67,19,78.98
5/16/2026 19:50,Node2,29.85,77.67,19,78.98
5/16/2026 19:55,Node1,29.77,77,20,79.25
5/16/2026 19:55,Node2,29.77,77,20,79.25
5/16/2026 20:00,Node1,29,77,0,79.36
5/16/2026 20:00,Node2,29,77,0,79.36
5/16/2026 20:05,Node1,29,77.95,12,79.2
5/16/2026 20:05,Node2,29,77.95,12,79.2
5/16/2026 20:10,Node1,29,77.78,0,78.95
5/16/2026 20:10,Node2,29,77.78,0,78.95
5/16/2026 20:15,Node1,29,77.36,20,79.09
5/16/2026 20:15,Node2,29,77.36,20,79.09
5/16/2026 20:20,Node1,29,77,0,79.58
5/16/2026 20:20,Node2,29,77,0,79.58
5/16/2026 20:25,Node1,28.97,77.45,20,79.39
5/16/2026 20:25,Node2,28.97,77.45,20,79.39
5/16/2026 20:30,Node1,29,77.39,20,79.35
5/16/2026 20:30,Node2,29,77.39,20,79.35
5/16/2026 20:35,Node1,29,77,20,79.54
5/16/2026 20:35,Node2,29,77,20,79.54
5/16/2026 20:40,Node1,28.94,77.32,0,79.34
5/16/2026 20:40,Node2,28.94,77.32,0,79.34
5/16/2026 20:45,Node1,29,77.56,20,79.11
5/16/2026 20:45,Node2,29,77.56,20,79.11
5/16/2026 20:50,Node1,29,77.89,18,78.96
5/16/2026 20:50,Node2,29,77.89,18,78.96
5/16/2026 20:55,Node1,28.95,78.56,8,79.09
5/16/2026 20:55,Node2,28.95,78.56,8,79.09
5/16/2026 21:00,Node1,28,78.57,20,78.7
5/16/2026 21:00,Node2,28,78.57,20,78.7
5/16/2026 21:05,Node1,28,78.99,20,78.4
5/16/2026 21:05,Node2,28,78.99,20,78.4
5/16/2026 21:10,Node1,27.86,79.92,20,77.91
5/16/2026 21:10,Node2,27.86,79.92,20,77.91
5/16/2026 21:15,Node1,27.99,79.57,19,78.3
5/16/2026 21:15,Node2,27.99,79.57,19,78.3
5/16/2026 21:20,Node1,28,79.52,0,78.5
5/16/2026 21:20,Node2,28,79.52,0,78.5
5/16/2026 21:25,Node1,28,79.2,0,78.7
5/16/2026 21:25,Node2,28,79.2,0,78.7
5/16/2026 21:30,Node1,28,79.57,0,78.34
5/16/2026 21:30,Node2,28,79.57,0,78.34
5/16/2026 21:35,Node1,28,78.69,0,77.91
5/16/2026 21:35,Node2,28,78.69,0,77.91
5/16/2026 21:40,Node1,28,79.61,0,77.45
5/16/2026 21:40,Node2,28,79.61,0,77.45
5/16/2026 21:45,Node1,28,78.99,5,77.5
5/16/2026 21:45,Node2,28,78.99,5,77.5
5/16/2026 21:50,Node1,28,78.19,0,77.92
5/16/2026 21:50,Node2,28,78.19,0,77.92
5/16/2026 21:55,Node1,27.89,78.61,0,78.39
5/16/2026 21:55,Node2,27.89,78.61,0,78.39
5/16/2026 22:00,Node1,27,78.07,0,78.64
5/16/2026 22:00,Node2,27,78.07,0,78.64
5/16/2026 22:05,Node1,26.95,78.61,0,78.25
5/16/2026 22:05,Node2,26.95,78.61,0,78.25
5/16/2026 22:10,Node1,27,77.74,0,78.67
5/16/2026 22:10,Node2,27,77.74,0,78.67
5/16/2026 22:15,Node1,27,78.01,0,78.27
5/16/2026 22:15,Node2,27,78.01,0,78.27
5/16/2026 22:20,Node1,27,78.58,0,78.7
5/16/2026 22:20,Node2,27,78.58,0,78.7
5/16/2026 22:25,Node1,26.83,78.86,0,78.34
5/16/2026 22:25,Node2,26.83,78.86,0,78.34
5/16/2026 22:30,Node1,26.99,79.74,10,78.62
5/16/2026 22:30,Node2,26.99,79.74,10,78.62
5/16/2026 22:35,Node1,27,79.86,20,78.14
5/16/2026 22:35,Node2,27,79.86,20,78.14
5/16/2026 22:40,Node1,27,79.87,0,78.61
5/16/2026 22:40,Node2,27,79.87,0,78.61
5/16/2026 22:45,Node1,26.88,79.07,5,78.68
5/16/2026 22:45,Node2,26.88,79.07,5,78.68
5/16/2026 22:50,Node1,26.8,79.58,20,79.06
5/16/2026 22:50,Node2,26.8,79.58,20,79.06
5/16/2026 22:55,Node1,26.76,78.98,0,78.61
5/16/2026 22:55,Node2,26.76,78.98,0,78.61
5/16/2026 23:00,Node1,26,78.32,5,78.6
5/16/2026 23:00,Node2,26,78.32,5,78.6
5/16/2026 23:05,Node1,25.86,77.64,0,78.71
5/16/2026 23:05,Node2,25.86,77.64,0,78.71
5/16/2026 23:10,Node1,26,78.34,14,78.25
5/16/2026 23:10,Node2,26,78.34,14,78.25
5/16/2026 23:15,Node1,26,79.01,1,78.66
5/16/2026 23:15,Node2,26,79.01,1,78.66
5/16/2026 23:20,Node1,26,79.16,20,78.7
5/16/2026 23:20,Node2,26,79.16,20,78.7
5/16/2026 23:25,Node1,25.92,78.83,20,78.23
5/16/2026 23:25,Node2,25.92,78.83,20,78.23
5/16/2026 23:30,Node1,25.84,77.84,20,78.68
5/16/2026 23:30,Node2,25.84,77.84,20,78.68
5/16/2026 23:35,Node1,25.79,78.49,20,79.15
5/16/2026 23:35,Node2,25.79,78.49,20,79.15
5/16/2026 23:40,Node1,25.65,78.05,20,78.68
5/16/2026 23:40,Node2,25.65,78.05,20,78.68
5/16/2026 23:45,Node1,25.7,77.5,0,79.04
5/16/2026 23:45,Node2,25.7,77.5,0,79.04
5/16/2026 23:50,Node1,25.69,78.45,20,78.61
5/16/2026 23:50,Node2,25.69,78.45,20,78.61
5/16/2026 23:55,Node1,25.55,78.64,20,78.28
5/16/2026 23:55,Node2,25.55,78.64,20,78.28
2026-05-16 19:43:56,Node1,30.6,69,116,40
2026-05-16 19:43:56,Node2,32.3,64,63,81
2026-05-16 19:44:07,Node2,32.3,64,63,81
2026-05-16 19:46:09,Node1,30.6,69,116,40
2026-05-16 19:46:10,Node2,32.3,64,63,81
2026-05-16 19:46:20,Node2,32.3,64,62,81
